[debug] [2026-09-15T23:05:34.074Z] ----------------------------------------------------------------------
[debug] [2026-09-15T23:05:34.077Z] Command:       C:\nvm4w\nodejs\node.exe C:\nvm4w\nodejs\node_modules\firebase-tools\lib\bin\firebase.js projects:list
[debug] [2026-09-15T23:05:34.078Z] CLI Version:   14.1.0
[debug] [2026-09-15T23:05:34.078Z] Platform:      win32
[debug] [2026-09-15T23:05:34.078Z] Node Version:  v20.19.0
[debug] [2026-09-15T23:05:34.078Z] Time:          Tue Sep 15 2026 20:05:34 GMT-0300 (Horário Padrão de Brasília)
[debug] [2026-09-15T23:05:34.078Z] ----------------------------------------------------------------------
[debug] 
[debug] [2026-09-15T23:05:34.361Z] > command requires scopes: ["email","openid","https://www.googleapis.com/auth/cloudplatformprojects.readonly","https://www.googleapis.com/auth/firebase","https://www.googleapis.com/auth/cloud-platform"]
[debug] [2026-09-15T23:05:34.362Z] > authorizing via signed-in user (igorhlucenaa@gmail.com)
[debug] [2026-09-15T23:05:34.368Z] Checked if tokens are valid: true, expires at: 1789515779715
[debug] [2026-09-15T23:05:34.369Z] Checked if tokens are valid: true, expires at: 1789515779715
[debug] [2026-09-15T23:05:34.374Z] >>> [apiv2][query] GET https://firebase.googleapis.com/v1beta1/projects pageSize=1000
[debug] [2026-09-15T23:05:37.288Z] <<< [apiv2][status] GET https://firebase.googleapis.com/v1beta1/projects 200
[debug] [2026-09-17T16:10:31.104Z] ----------------------------------------------------------------------
[debug] [2026-09-17T16:10:31.107Z] Command:       C:\nvm4w\nodejs\node.exe C:\nvm4w\nodejs\node_modules\firebase-tools\lib\bin\firebase.js emulators:start --only functions
[debug] [2026-09-17T16:10:31.107Z] CLI Version:   14.1.0
[debug] [2026-09-17T16:10:31.107Z] Platform:      win32
[debug] [2026-09-17T16:10:31.107Z] Node Version:  v20.19.0
[debug] [2026-09-17T16:10:31.108Z] Time:          Thu Sep 17 2026 13:10:31 GMT-0300 (Horário Padrão de Brasília)
[debug] [2026-09-17T16:10:31.108Z] ----------------------------------------------------------------------
[debug] 
[debug] [2026-09-17T16:10:31.111Z] >>> [apiv2][query] GET https://firebase-public.firebaseio.com/cli.json [none]
[debug] [2026-09-17T16:10:31.364Z] > command requires scopes: ["email","openid","https://www.googleapis.com/auth/cloudplatformprojects.readonly","https://www.googleapis.com/auth/firebase","https://www.googleapis.com/auth/cloud-platform"]
[debug] [2026-09-17T16:10:31.364Z] > authorizing via signed-in user (igorhlucenaa@gmail.com)
[info] i  emulators: Starting emulators: functions {"metadata":{"emulator":{"name":"hub"},"message":"Starting emulators: functions"}}
[debug] [2026-09-17T16:10:31.374Z] [logging] Logging Emulator only supports listening on one address (127.0.0.1). Not listening on ::1
[debug] [2026-09-17T16:10:31.374Z] assigned listening specs for emulators {"user":{"hub":[{"address":"127.0.0.1","family":"IPv4","port":4400},{"address":"::1","family":"IPv6","port":4400}],"ui":[{"address":"127.0.0.1","family":"IPv4","port":4000},{"address":"::1","family":"IPv6","port":4000}],"logging":[{"address":"127.0.0.1","family":"IPv4","port":4500}]},"metadata":{"message":"assigned listening specs for emulators"}}
[debug] [2026-09-17T16:10:31.379Z] [hub] writing locator at C:\Users\adm\AppData\Local\Temp\hub-pwa-workana.json
[debug] [2026-09-17T16:10:31.397Z] [functions] Functions Emulator only supports listening on one address (127.0.0.1). Not listening on ::1
[debug] [2026-09-17T16:10:31.397Z] [eventarc] Eventarc Emulator only supports listening on one address (127.0.0.1). Not listening on ::1
[debug] [2026-09-17T16:10:31.398Z] [tasks] Cloud Tasks Emulator only supports listening on one address (127.0.0.1). Not listening on ::1
[debug] [2026-09-17T16:10:31.398Z] late-assigned ports for functions and eventarc emulators {"user":{"hub":[{"address":"127.0.0.1","family":"IPv4","port":4400},{"address":"::1","family":"IPv6","port":4400}],"ui":[{"address":"127.0.0.1","family":"IPv4","port":4000},{"address":"::1","family":"IPv6","port":4000}],"logging":[{"address":"127.0.0.1","family":"IPv4","port":4500}],"functions":[{"address":"127.0.0.1","family":"IPv4","port":5001}],"eventarc":[{"address":"127.0.0.1","family":"IPv4","port":9299}],"tasks":[{"address":"127.0.0.1","family":"IPv4","port":9499}]},"metadata":{"message":"late-assigned ports for functions and eventarc emulators"}}
[warn] !  functions: The following emulators are not running, calls to these services from the Functions emulator will affect production: apphosting, auth, firestore, database, hosting, pubsub, storage, dataconnect {"metadata":{"emulator":{"name":"functions"},"message":"The following emulators are not running, calls to these services from the Functions emulator will affect production: apphosting, auth, firestore, database, hosting, pubsub, storage, dataconnect"}}
[debug] [2026-09-17T16:10:31.424Z] defaultcredentials: writing to file C:\Users\adm\AppData\Roaming\firebase\igorhlucenaa_gmail_com_application_default_credentials.json
[debug] [2026-09-17T16:10:31.430Z] Setting GAC to C:\Users\adm\AppData\Roaming\firebase\igorhlucenaa_gmail_com_application_default_credentials.json {"metadata":{"emulator":{"name":"functions"},"message":"Setting GAC to C:\\Users\\adm\\AppData\\Roaming\\firebase\\igorhlucenaa_gmail_com_application_default_credentials.json"}}
[debug] [2026-09-17T16:10:31.431Z] Checked if tokens are valid: false, expires at: 1789526705838
[debug] [2026-09-17T16:10:31.432Z] Checked if tokens are valid: false, expires at: 1789526705838
[debug] [2026-09-17T16:10:31.432Z] > refreshing access token with scopes: []
[debug] [2026-09-17T16:10:31.433Z] >>> [apiv2][query] POST https://www.googleapis.com/oauth2/v3/token [none]
[debug] [2026-09-17T16:10:31.433Z] >>> [apiv2][body] POST https://www.googleapis.com/oauth2/v3/token [omitted]
[debug] [2026-09-17T16:10:31.803Z] <<< [apiv2][status] POST https://www.googleapis.com/oauth2/v3/token 200
[debug] [2026-09-17T16:10:31.803Z] <<< [apiv2][body] POST https://www.googleapis.com/oauth2/v3/token [omitted]
[debug] [2026-09-17T16:10:31.827Z] >>> [apiv2][query] GET https://firebase.googleapis.com/v1beta1/projects/pwa-workana/adminSdkConfig [none]
[debug] [2026-09-17T16:10:31.876Z] <<< [apiv2][status] GET https://firebase-public.firebaseio.com/cli.json 200
[debug] [2026-09-17T16:10:31.877Z] <<< [apiv2][body] GET https://firebase-public.firebaseio.com/cli.json {"cloudBuildErrorAfter":1594252800000,"cloudBuildWarnAfter":1590019200000,"defaultNode10After":1594252800000,"minVersion":"3.0.5","node8DeploysDisabledAfter":1613390400000,"node8RuntimeDisabledAfter":1615809600000,"node8WarnAfter":1600128000000}
[debug] [2026-09-17T16:10:32.544Z] <<< [apiv2][status] GET https://firebase.googleapis.com/v1beta1/projects/pwa-workana/adminSdkConfig 200
[debug] [2026-09-17T16:10:32.544Z] <<< [apiv2][body] GET https://firebase.googleapis.com/v1beta1/projects/pwa-workana/adminSdkConfig {"projectId":"pwa-workana","databaseURL":"https://pwa-workana.firebaseio.com","storageBucket":"pwa-workana.firebasestorage.app"}
[info] i  functions: Watching "C:\Users\adm\Documents\workspace_igor\eck_v3\ECK\functions" for Cloud Functions... {"metadata":{"emulator":{"name":"functions"},"message":"Watching \"C:\\Users\\adm\\Documents\\workspace_igor\\eck_v3\\ECK\\functions\" for Cloud Functions..."}}
[debug] [2026-09-17T16:10:32.580Z] Validating nodejs source
[warn] !  functions: package.json indicates an outdated version of firebase-functions. Please upgrade using npm install --save firebase-functions@latest in your functions directory. 
[warn] !  functions: Please note that there will be breaking changes when you upgrade. 
[debug] [2026-09-17T16:10:33.737Z] > [functions] package.json contents: {
  "name": "functions",
  "scripts": {
    "build": "tsc && node scripts/generate-functions-yaml.js",
    "build:watch": "tsc --watch",
    "serve": "npm run build && firebase emulators:start --only functions",
    "serve:full": "npm run build && firebase emulators:start --only functions,firestore",
    "shell": "npm run build && firebase functions:shell",
    "start": "npm run shell",
    "deploy": "firebase deploy --only functions",
    "logs": "firebase functions:log"
  },
  "engines": {
    "node": "20"
  },
  "main": "lib/index.js",
  "dependencies": {
    "@google-cloud/storage": "^7.15.1",
    "@napi-rs/canvas": "^0.1.67",
    "@sparticuz/chromium": "^147.0.0",
    "cors": "^2.8.5",
    "docx": "^9.5.1",
    "firebase-admin": "^13.1.0",
    "firebase-functions": "^6.3.1",
    "image-size": "^1.2.0",
    "node-html-parser": "^9.0.1",
    "nodemailer": "^6.9.7",
    "pdfjs-dist": "^4.10.38",
    "pdfmake": "^0.3.3",
    "puppeteer-core": "^24.42.0"
  },
  "devDependencies": {
    "@types/express": "^5.0.3",
    "@types/node": "^22.13.1",
    "@types/nodemailer": "^6.4.19",
    "firebase-functions-test": "^3.1.0",
    "typescript": "^5.7.3"
  },
  "private": true
}
[debug] [2026-09-17T16:10:33.737Z] Building nodejs source
[debug] [2026-09-17T16:10:33.737Z] Failed to find version of module node: reached end of search path C:\Users\adm\Documents\workspace_igor\eck_v3\ECK\functions\node_modules
[info] +  functions: Using node@20 from host. 
[info] i  functions: Loaded environment variables from .env. 
[debug] [2026-09-17T16:10:33.742Z] Found functions.yaml. Got spec: {
  "endpoints": {
    "createReportDocxExport": {
      "availableMemoryMb": 512,
      "timeoutSeconds": 60,
      "minInstances": null,
      "maxInstances": null,
      "ingressSettings": null,
      "concurrency": null,
      "serviceAccountEmail": null,
      "vpc": null,
      "platform": "gcfv2",
      "region": [
        "us-central1"
      ],
      "labels": {},
      "httpsTrigger": {},
      "entryPoint": "createReportDocxExport"
    },
    "downloadReportDocxExport": {
      "availableMemoryMb": 512,
      "timeoutSeconds": 120,
      "minInstances": null,
      "maxInstances": null,
      "ingressSettings": null,
      "concurrency": null,
      "serviceAccountEmail": null,
      "vpc": null,
      "platform": "gcfv2",
      "region": [
        "us-central1"
      ],
      "labels": {},
      "httpsTrigger": {},
      "entryPoint": "downloadReportDocxExport"
    },
    "getReportDocxExportStatus": {
      "availableMemoryMb": 256,
      "timeoutSeconds": 30,
      "minInstances": null,
      "maxInstances": null,
      "ingressSettings": null,
      "concurrency": null,
      "serviceAccountEmail": null,
      "vpc": null,
      "platform": "gcfv2",
      "region": [
        "us-central1"
      ],
      "labels": {},
      "httpsTrigger": {},
      "entryPoint": "getReportDocxExportStatus"
    },
    "processReportDocxExportHttp": {
      "availableMemoryMb": 4096,
      "timeoutSeconds": 540,
      "minInstances": null,
      "maxInstances": null,
      "ingressSettings": null,
      "concurrency": null,
      "serviceAccountEmail": null,
      "vpc": null,
      "platform": "gcfv2",
      "region": [
        "us-central1"
      ],
      "labels": {},
      "httpsTrigger": {},
      "entryPoint": "processReportDocxExportHttp"
    },
    "processReportDocxExportJob": {
      "availableMemoryMb": 4096,
      "timeoutSeconds": 540,
      "minInstances": null,
      "maxInstances": null,
      "ingressSettings": null,
      "concurrency": null,
      "serviceAccountEmail": null,
      "vpc": null,
      "platform": "gcfv2",
      "region": [
        "us-central1"
      ],
      "labels": {},
      "eventTrigger": {
        "eventType": "google.cloud.firestore.document.v1.created",
        "eventFilters": {
          "database": "(default)",
          "namespace": "(default)"
        },
        "eventFilterPathPatterns": {
          "document": "docxExportJobs/{jobId}"
        },
        "retry": false
      },
      "entryPoint": "processReportDocxExportJob"
    },
    "notifyReportReleased": {
      "availableMemoryMb": null,
      "timeoutSeconds": null,
      "minInstances": null,
      "maxInstances": null,
      "ingressSettings": null,
      "concurrency": null,
      "serviceAccountEmail": null,
      "vpc": null,
      "platform": "gcfv2",
      "region": [
        "us-central1"
      ],
      "labels": {},
      "httpsTrigger": {},
      "entryPoint": "notifyReportReleased"
    },
    "sendBrandedPasswordResetEmail": {
      "availableMemoryMb": null,
      "timeoutSeconds": null,
      "minInstances": null,
      "maxInstances": null,
      "ingressSettings": null,
      "concurrency": null,
      "serviceAccountEmail": null,
      "vpc": null,
      "platform": "gcfv2",
      "region": [
        "us-central1"
      ],
      "labels": {},
      "callableTrigger": {},
      "entryPoint": "sendBrandedPasswordResetEmail"
    },
    "generateReportPdf": {
      "availableMemoryMb": 4096,
      "timeoutSeconds": 540,
      "minInstances": null,
      "maxInstances": null,
      "ingressSettings": null,
      "concurrency": null,
      "serviceAccountEmail": null,
      "vpc": null,
      "platform": "gcfv2",
      "region": [
        "us-central1"
      ],
      "labels": {},
      "httpsTrigger": {},
      "entryPoint": "generateReportPdf"
    },
    "sendEmail": {
      "availableMemoryMb": null,
      "timeoutSeconds": null,
      "minInstances": null,
      "maxInstances": null,
      "ingressSettings": null,
      "concurrency": null,
      "serviceAccountEmail": null,
      "vpc": null,
      "platform": "gcfv2",
      "region": [
        "us-central1"
      ],
      "labels": {},
      "httpsTrigger": {},
      "entryPoint": "sendEmail"
    },
    "sendPendingAssessmentReminders": {
      "availableMemoryMb": 1024,
      "timeoutSeconds": 540,
      "minInstances": null,
      "maxInstances": null,
      "ingressSettings": null,
      "concurrency": null,
      "serviceAccountEmail": null,
      "vpc": null,
      "platform": "gcfv2",
      "region": [
        "us-central1"
      ],
      "labels": {},
      "scheduleTrigger": {
        "schedule": "every 15 minutes",
        "retryConfig": {},
        "timeZone": "Etc/UTC"
      },
      "entryPoint": "sendPendingAssessmentReminders"
    },
    "triggerPendingAssessmentReminders": {
      "availableMemoryMb": 1024,
      "timeoutSeconds": 540,
      "minInstances": null,
      "maxInstances": null,
      "ingressSettings": null,
      "concurrency": null,
      "serviceAccountEmail": null,
      "vpc": null,
      "platform": "gcfv2",
      "region": [
        "us-central1"
      ],
      "labels": {},
      "httpsTrigger": {},
      "entryPoint": "triggerPendingAssessmentReminders"
    },
    "onAssessmentCompleted": {
      "availableMemoryMb": null,
      "timeoutSeconds": null,
      "minInstances": null,
      "maxInstances": null,
      "ingressSettings": null,
      "concurrency": null,
      "serviceAccountEmail": null,
      "vpc": null,
      "platform": "gcfv2",
      "region": [
        "us-central1"
      ],
      "labels": {},
      "eventTrigger": {
        "eventType": "google.cloud.firestore.document.v1.updated",
        "eventFilters": {
          "database": "(default)",
          "namespace": "(default)"
        },
        "eventFilterPathPatterns": {
          "document": "assessmentLinks/{linkId}"
        },
        "retry": false
      },
      "entryPoint": "onAssessmentCompleted"
    },
    "setUserPasswordByMaster": {
      "availableMemoryMb": null,
      "timeoutSeconds": null,
      "minInstances": null,
      "maxInstances": null,
      "ingressSettings": null,
      "concurrency": null,
      "serviceAccountEmail": null,
      "vpc": null,
      "platform": "gcfv2",
      "region": [
        "us-central1"
      ],
      "labels": {},
      "callableTrigger": {},
      "entryPoint": "setUserPasswordByMaster"
    },
    "safeDelete": {
      "availableMemoryMb": null,
      "timeoutSeconds": null,
      "minInstances": null,
      "maxInstances": null,
      "ingressSettings": null,
      "concurrency": null,
      "serviceAccountEmail": null,
      "vpc": null,
      "platform": "gcfv2",
      "region": [
        "us-central1"
      ],
      "labels": {},
      "callableTrigger": {},
      "entryPoint": "safeDelete"
    },
    "onProjectDeleted": {
      "availableMemoryMb": null,
      "timeoutSeconds": null,
      "minInstances": null,
      "maxInstances": null,
      "ingressSettings": null,
      "concurrency": null,
      "serviceAccountEmail": null,
      "vpc": null,
      "platform": "gcfv2",
      "region": [
        "us-central1"
      ],
      "labels": {},
      "eventTrigger": {
        "eventType": "google.cloud.firestore.document.v1.deleted",
        "eventFilters": {
          "database": "(default)",
          "namespace": "(default)"
        },
        "eventFilterPathPatterns": {
          "document": "projects/{projectId}"
        },
        "retry": false
      },
      "entryPoint": "onProjectDeleted"
    },
    "onClientDeleted": {
      "availableMemoryMb": null,
      "timeoutSeconds": null,
      "minInstances": null,
      "maxInstances": null,
      "ingressSettings": null,
      "concurrency": null,
      "serviceAccountEmail": null,
      "vpc": null,
      "platform": "gcfv2",
      "region": [
        "us-central1"
      ],
      "labels": {},
      "eventTrigger": {
        "eventType": "google.cloud.firestore.document.v1.deleted",
        "eventFilters": {
          "database": "(default)",
          "namespace": "(default)"
        },
        "eventFilterPathPatterns": {
          "document": "clients/{clientId}"
        },
        "retry": false
      },
      "entryPoint": "onClientDeleted"
    },
    "onParticipantDeleted": {
      "availableMemoryMb": null,
      "timeoutSeconds": null,
      "minInstances": null,
      "maxInstances": null,
      "ingressSettings": null,
      "concurrency": null,
      "serviceAccountEmail": null,
      "vpc": null,
      "platform": "gcfv2",
      "region": [
        "us-central1"
      ],
      "labels": {},
      "eventTrigger": {
        "eventType": "google.cloud.firestore.document.v1.deleted",
        "eventFilters": {
          "database": "(default)",
          "namespace": "(default)"
        },
        "eventFilterPathPatterns": {
          "document": "participants/{participantId}"
        },
        "retry": false
      },
      "entryPoint": "onParticipantDeleted"
    }
  },
  "specVersion": "v1alpha1",
  "requiredAPIs": [
    {
      "api": "cloudscheduler.googleapis.com",
      "reason": "Needed for scheduled functions."
    }
  ],
  "extensions": {},
  "params": [
    {
      "name": "EMAIL_USER",
      "type": "string",
      "default": ""
    },
    {
      "name": "EMAIL_PASS",
      "type": "string",
      "default": ""
    }
  ]
}

[info] +  functions: Loaded functions definitions from source: createReportDocxExport, downloadReportDocxExport, getReportDocxExportStatus, processReportDocxExportHttp, processReportDocxExportJob, notifyReportReleased, sendBrandedPasswordResetEmail, generateReportPdf, sendEmail, sendPendingAssessmentReminders, triggerPendingAssessmentReminders, onAssessmentCompleted, setUserPasswordByMaster, safeDelete, onProjectDeleted, onClientDeleted, onParticipantDeleted. {"metadata":{"emulator":{"name":"functions"},"message":"Loaded functions definitions from source: createReportDocxExport, downloadReportDocxExport, getReportDocxExportStatus, processReportDocxExportHttp, processReportDocxExportJob, notifyReportReleased, sendBrandedPasswordResetEmail, generateReportPdf, sendEmail, sendPendingAssessmentReminders, triggerPendingAssessmentReminders, onAssessmentCompleted, setUserPasswordByMaster, safeDelete, onProjectDeleted, onClientDeleted, onParticipantDeleted."}}
[info] +  functions[us-central1-createReportDocxExport]: http function initialized (http://127.0.0.1:5001/pwa-workana/us-central1/createReportDocxExport). {"metadata":{"emulator":{"name":"functions"},"message":"http function initialized (http://127.0.0.1:5001/pwa-workana/us-central1/createReportDocxExport)."}}
[info] +  functions[us-central1-downloadReportDocxExport]: http function initialized (http://127.0.0.1:5001/pwa-workana/us-central1/downloadReportDocxExport). {"metadata":{"emulator":{"name":"functions"},"message":"http function initialized (http://127.0.0.1:5001/pwa-workana/us-central1/downloadReportDocxExport)."}}
[info] +  functions[us-central1-getReportDocxExportStatus]: http function initialized (http://127.0.0.1:5001/pwa-workana/us-central1/getReportDocxExportStatus). {"metadata":{"emulator":{"name":"functions"},"message":"http function initialized (http://127.0.0.1:5001/pwa-workana/us-central1/getReportDocxExportStatus)."}}
[info] +  functions[us-central1-processReportDocxExportHttp]: http function initialized (http://127.0.0.1:5001/pwa-workana/us-central1/processReportDocxExportHttp). {"metadata":{"emulator":{"name":"functions"},"message":"http function initialized (http://127.0.0.1:5001/pwa-workana/us-central1/processReportDocxExportHttp)."}}
[info] i  functions[us-central1-processReportDocxExportJob]: function ignored because the firestore emulator does not exist or is not running. {"metadata":{"emulator":{"name":"functions"},"message":"function ignored because the firestore emulator does not exist or is not running."}}
[info] +  functions[us-central1-notifyReportReleased]: http function initialized (http://127.0.0.1:5001/pwa-workana/us-central1/notifyReportReleased). {"metadata":{"emulator":{"name":"functions"},"message":"http function initialized (http://127.0.0.1:5001/pwa-workana/us-central1/notifyReportReleased)."}}
[info] +  functions[us-central1-sendBrandedPasswordResetEmail]: http function initialized (http://127.0.0.1:5001/pwa-workana/us-central1/sendBrandedPasswordResetEmail). {"metadata":{"emulator":{"name":"functions"},"message":"http function initialized (http://127.0.0.1:5001/pwa-workana/us-central1/sendBrandedPasswordResetEmail)."}}
[info] +  functions[us-central1-generateReportPdf]: http function initialized (http://127.0.0.1:5001/pwa-workana/us-central1/generateReportPdf). {"metadata":{"emulator":{"name":"functions"},"message":"http function initialized (http://127.0.0.1:5001/pwa-workana/us-central1/generateReportPdf)."}}
[info] +  functions[us-central1-sendEmail]: http function initialized (http://127.0.0.1:5001/pwa-workana/us-central1/sendEmail). {"metadata":{"emulator":{"name":"functions"},"message":"http function initialized (http://127.0.0.1:5001/pwa-workana/us-central1/sendEmail)."}}
[info] i  functions[us-central1-sendPendingAssessmentReminders]: function ignored because the pubsub emulator does not exist or is not running. {"metadata":{"emulator":{"name":"functions"},"message":"function ignored because the pubsub emulator does not exist or is not running."}}
[info] +  functions[us-central1-triggerPendingAssessmentReminders]: http function initialized (http://127.0.0.1:5001/pwa-workana/us-central1/triggerPendingAssessmentReminders). {"metadata":{"emulator":{"name":"functions"},"message":"http function initialized (http://127.0.0.1:5001/pwa-workana/us-central1/triggerPendingAssessmentReminders)."}}
[info] i  functions[us-central1-onAssessmentCompleted]: function ignored because the firestore emulator does not exist or is not running. {"metadata":{"emulator":{"name":"functions"},"message":"function ignored because the firestore emulator does not exist or is not running."}}
[info] +  functions[us-central1-setUserPasswordByMaster]: http function initialized (http://127.0.0.1:5001/pwa-workana/us-central1/setUserPasswordByMaster). {"metadata":{"emulator":{"name":"functions"},"message":"http function initialized (http://127.0.0.1:5001/pwa-workana/us-central1/setUserPasswordByMaster)."}}
[info] +  functions[us-central1-safeDelete]: http function initialized (http://127.0.0.1:5001/pwa-workana/us-central1/safeDelete). {"metadata":{"emulator":{"name":"functions"},"message":"http function initialized (http://127.0.0.1:5001/pwa-workana/us-central1/safeDelete)."}}
[info] i  functions[us-central1-onProjectDeleted]: function ignored because the firestore emulator does not exist or is not running. {"metadata":{"emulator":{"name":"functions"},"message":"function ignored because the firestore emulator does not exist or is not running."}}
[info] i  functions[us-central1-onClientDeleted]: function ignored because the firestore emulator does not exist or is not running. {"metadata":{"emulator":{"name":"functions"},"message":"function ignored because the firestore emulator does not exist or is not running."}}
[info] i  functions[us-central1-onParticipantDeleted]: function ignored because the firestore emulator does not exist or is not running. {"metadata":{"emulator":{"name":"functions"},"message":"function ignored because the firestore emulator does not exist or is not running."}}
[debug] [2026-09-17T16:10:33.771Z] Could not find VSCode notification endpoint: FetchError: request to http://localhost:40001/vscode/notify failed, reason: . If you are not running the Firebase Data Connect VSCode extension, this is expected and not an issue.
[info] 
┌─────────────────────────────────────────────────────────────┐
│ ✔  All emulators ready! It is now safe to connect your app. │
│ i  View Emulator UI at http://127.0.0.1:4000/               │
└─────────────────────────────────────────────────────────────┘

┌───────────┬────────────────┬─────────────────────────────────┐
│ Emulator  │ Host:Port      │ View in Emulator UI             │
├───────────┼────────────────┼─────────────────────────────────┤
│ Functions │ 127.0.0.1:5001 │ http://127.0.0.1:4000/functions │
└───────────┴────────────────┴─────────────────────────────────┘
  Emulator Hub host: 127.0.0.1 port: 4400
  Other reserved ports: 4500

Issues? Report them at https://github.com/firebase/firebase-tools/issues and attach the *-debug.log files.
 
[debug] [2026-09-17T16:11:01.282Z] [work-queue] {"queuedWork":["/pwa-workana/us-central1/sendBrandedPasswordResetEmail-2026-09-17T16:11:01.282Z"],"queueLength":1,"runningWork":[],"workRunningCount":0}
[debug] [2026-09-17T16:11:01.283Z] [work-queue] {"queuedWork":[],"queueLength":0,"runningWork":["/pwa-workana/us-central1/sendBrandedPasswordResetEmail-2026-09-17T16:11:01.282Z"],"workRunningCount":1}
[debug] [2026-09-17T16:11:01.283Z] Accepted request POST /pwa-workana/us-central1/sendBrandedPasswordResetEmail --> us-central1-sendBrandedPasswordResetEmail
[debug] [2026-09-17T16:11:01.286Z] [functions] Runtime ready! Sending request! {"metadata":{"emulator":{"name":"functions"},"message":"[functions] Runtime ready! Sending request!"}}
[debug] [2026-09-17T16:11:01.287Z] [functions] Got req.url=/pwa-workana/us-central1/sendBrandedPasswordResetEmail, mapping to path=/ {"metadata":{"emulator":{"name":"functions"},"message":"[functions] Got req.url=/pwa-workana/us-central1/sendBrandedPasswordResetEmail, mapping to path=/"}}
[info] i  functions: Loaded environment variables from .env. 
[debug] [2026-09-17T16:11:01.307Z] [worker-pool] addWorker(us-central1-sendBrandedPasswordResetEmail) {"metadata":{"emulator":{"name":"functions"},"message":"[worker-pool] addWorker(us-central1-sendBrandedPasswordResetEmail)"}}
[debug] [2026-09-17T16:11:01.308Z] [worker-pool] Adding worker with key us-central1-sendBrandedPasswordResetEmail, total=1 {"metadata":{"emulator":{"name":"functions"},"message":"[worker-pool] Adding worker with key us-central1-sendBrandedPasswordResetEmail, total=1"}}
[debug] [2026-09-17T16:11:02.472Z] [runtime-status] [22088] Resolved module firebase-admin {"declared":true,"installed":true,"version":"13.1.0","resolution":"C:\\Users\\adm\\Documents\\workspace_igor\\eck_v3\\ECK\\functions\\node_modules\\firebase-admin\\lib\\index.js"} {"metadata":{"emulator":{"name":"functions"},"function":{"name":"us-central1-sendBrandedPasswordResetEmail"},"extension":{},"message":"[runtime-status] [22088] Resolved module firebase-admin {\"declared\":true,\"installed\":true,\"version\":\"13.1.0\",\"resolution\":\"C:\\\\Users\\\\adm\\\\Documents\\\\workspace_igor\\\\eck_v3\\\\ECK\\\\functions\\\\node_modules\\\\firebase-admin\\\\lib\\\\index.js\"}"}}
[debug] [2026-09-17T16:11:02.473Z] [runtime-status] [22088] Resolved module firebase-functions {"declared":true,"installed":true,"version":"6.3.1","resolution":"C:\\Users\\adm\\Documents\\workspace_igor\\eck_v3\\ECK\\functions\\node_modules\\firebase-functions\\lib\\v2\\index.js"} {"metadata":{"emulator":{"name":"functions"},"function":{"name":"us-central1-sendBrandedPasswordResetEmail"},"extension":{},"message":"[runtime-status] [22088] Resolved module firebase-functions {\"declared\":true,\"installed\":true,\"version\":\"6.3.1\",\"resolution\":\"C:\\\\Users\\\\adm\\\\Documents\\\\workspace_igor\\\\eck_v3\\\\ECK\\\\functions\\\\node_modules\\\\firebase-functions\\\\lib\\\\v2\\\\index.js\"}"}}
[debug] [2026-09-17T16:11:02.473Z] [runtime-status] [22088] Found local functions config: C:\Users\adm\Documents\workspace_igor\eck_v3\ECK\functions/.runtimeconfig.json {"metadata":{"emulator":{"name":"functions"},"function":{"name":"us-central1-sendBrandedPasswordResetEmail"},"extension":{},"message":"[runtime-status] [22088] Found local functions config: C:\\Users\\adm\\Documents\\workspace_igor\\eck_v3\\ECK\\functions/.runtimeconfig.json"}}
[debug] [2026-09-17T16:11:02.473Z] [runtime-status] [22088] Outgoing network have been stubbed. [{"name":"http","status":"mocked"},{"name":"http","status":"mocked"},{"name":"https","status":"mocked"},{"name":"https","status":"mocked"},{"name":"net","status":"mocked"}] {"metadata":{"emulator":{"name":"functions"},"function":{"name":"us-central1-sendBrandedPasswordResetEmail"},"extension":{},"message":"[runtime-status] [22088] Outgoing network have been stubbed. [{\"name\":\"http\",\"status\":\"mocked\"},{\"name\":\"http\",\"status\":\"mocked\"},{\"name\":\"https\",\"status\":\"mocked\"},{\"name\":\"https\",\"status\":\"mocked\"},{\"name\":\"net\",\"status\":\"mocked\"}]"}}
[debug] [2026-09-17T16:11:02.474Z] [runtime-status] [22088] Resolved module firebase-functions {"declared":true,"installed":true,"version":"6.3.1","resolution":"C:\\Users\\adm\\Documents\\workspace_igor\\eck_v3\\ECK\\functions\\node_modules\\firebase-functions\\lib\\v2\\index.js"} {"metadata":{"emulator":{"name":"functions"},"function":{"name":"us-central1-sendBrandedPasswordResetEmail"},"extension":{},"message":"[runtime-status] [22088] Resolved module firebase-functions {\"declared\":true,\"installed\":true,\"version\":\"6.3.1\",\"resolution\":\"C:\\\\Users\\\\adm\\\\Documents\\\\workspace_igor\\\\eck_v3\\\\ECK\\\\functions\\\\node_modules\\\\firebase-functions\\\\lib\\\\v2\\\\index.js\"}"}}
[debug] [2026-09-17T16:11:03.502Z] [runtime-status] [22088] Checked functions.config() {"config":{"email":{"pass":"nkik bvji wshf xzpg","user":"igorhlucenaa@gmail.com"}}} {"metadata":{"emulator":{"name":"functions"},"function":{"name":"us-central1-sendBrandedPasswordResetEmail"},"extension":{},"message":"[runtime-status] [22088] Checked functions.config() {\"config\":{\"email\":{\"pass\":\"nkik bvji wshf xzpg\",\"user\":\"igorhlucenaa@gmail.com\"}}}"}}
[debug] [2026-09-17T16:11:03.502Z] [runtime-status] [22088] firebase-functions has been stubbed. {"functionsResolution":{"declared":true,"installed":true,"version":"6.3.1","resolution":"C:\\Users\\adm\\Documents\\workspace_igor\\eck_v3\\ECK\\functions\\node_modules\\firebase-functions\\lib\\v2\\index.js"}} {"metadata":{"emulator":{"name":"functions"},"function":{"name":"us-central1-sendBrandedPasswordResetEmail"},"extension":{},"message":"[runtime-status] [22088] firebase-functions has been stubbed. {\"functionsResolution\":{\"declared\":true,\"installed\":true,\"version\":\"6.3.1\",\"resolution\":\"C:\\\\Users\\\\adm\\\\Documents\\\\workspace_igor\\\\eck_v3\\\\ECK\\\\functions\\\\node_modules\\\\firebase-functions\\\\lib\\\\v2\\\\index.js\"}}"}}
[debug] [2026-09-17T16:11:03.502Z] [runtime-status] [22088] Resolved module firebase-functions {"declared":true,"installed":true,"version":"6.3.1","resolution":"C:\\Users\\adm\\Documents\\workspace_igor\\eck_v3\\ECK\\functions\\node_modules\\firebase-functions\\lib\\v2\\index.js"} {"metadata":{"emulator":{"name":"functions"},"function":{"name":"us-central1-sendBrandedPasswordResetEmail"},"extension":{},"message":"[runtime-status] [22088] Resolved module firebase-functions {\"declared\":true,\"installed\":true,\"version\":\"6.3.1\",\"resolution\":\"C:\\\\Users\\\\adm\\\\Documents\\\\workspace_igor\\\\eck_v3\\\\ECK\\\\functions\\\\node_modules\\\\firebase-functions\\\\lib\\\\v2\\\\index.js\"}"}}
[debug] [2026-09-17T16:11:03.553Z] [runtime-status] [22088] Resolved module firebase-admin {"declared":true,"installed":true,"version":"13.1.0","resolution":"C:\\Users\\adm\\Documents\\workspace_igor\\eck_v3\\ECK\\functions\\node_modules\\firebase-admin\\lib\\index.js"} {"metadata":{"emulator":{"name":"functions"},"function":{"name":"us-central1-sendBrandedPasswordResetEmail"},"extension":{},"message":"[runtime-status] [22088] Resolved module firebase-admin {\"declared\":true,\"installed\":true,\"version\":\"13.1.0\",\"resolution\":\"C:\\\\Users\\\\adm\\\\Documents\\\\workspace_igor\\\\eck_v3\\\\ECK\\\\functions\\\\node_modules\\\\firebase-admin\\\\lib\\\\index.js\"}"}}
[debug] [2026-09-17T16:11:03.555Z] [runtime-status] [22088] Resolved module firebase-functions {"declared":true,"installed":true,"version":"6.3.1","resolution":"C:\\Users\\adm\\Documents\\workspace_igor\\eck_v3\\ECK\\functions\\node_modules\\firebase-functions\\lib\\v2\\index.js"} {"metadata":{"emulator":{"name":"functions"},"function":{"name":"us-central1-sendBrandedPasswordResetEmail"},"extension":{},"message":"[runtime-status] [22088] Resolved module firebase-functions {\"declared\":true,\"installed\":true,\"version\":\"6.3.1\",\"resolution\":\"C:\\\\Users\\\\adm\\\\Documents\\\\workspace_igor\\\\eck_v3\\\\ECK\\\\functions\\\\node_modules\\\\firebase-functions\\\\lib\\\\v2\\\\index.js\"}"}}
[debug] [2026-09-17T16:11:03.555Z] [runtime-status] [22088] firebase-admin has been stubbed. {"adminResolution":{"declared":true,"installed":true,"version":"13.1.0","resolution":"C:\\Users\\adm\\Documents\\workspace_igor\\eck_v3\\ECK\\functions\\node_modules\\firebase-admin\\lib\\index.js"}} {"metadata":{"emulator":{"name":"functions"},"function":{"name":"us-central1-sendBrandedPasswordResetEmail"},"extension":{},"message":"[runtime-status] [22088] firebase-admin has been stubbed. {\"adminResolution\":{\"declared\":true,\"installed\":true,\"version\":\"13.1.0\",\"resolution\":\"C:\\\\Users\\\\adm\\\\Documents\\\\workspace_igor\\\\eck_v3\\\\ECK\\\\functions\\\\node_modules\\\\firebase-admin\\\\lib\\\\index.js\"}}"}}
[debug] [2026-09-17T16:11:03.806Z] [runtime-status] [22088] Functions runtime initialized. {"cwd":"C:\\Users\\adm\\Documents\\workspace_igor\\eck_v3\\ECK\\functions","node_version":"20.19.0"} {"metadata":{"emulator":{"name":"functions"},"function":{"name":"us-central1-sendBrandedPasswordResetEmail"},"extension":{},"message":"[runtime-status] [22088] Functions runtime initialized. {\"cwd\":\"C:\\\\Users\\\\adm\\\\Documents\\\\workspace_igor\\\\eck_v3\\\\ECK\\\\functions\",\"node_version\":\"20.19.0\"}"}}
[debug] [2026-09-17T16:11:03.806Z] [runtime-status] [22088] Listening to port: \\?\pipe\fire_emu_66591dd105b23bb8 {"metadata":{"emulator":{"name":"functions"},"function":{"name":"us-central1-sendBrandedPasswordResetEmail"},"extension":{},"message":"[runtime-status] [22088] Listening to port: \\\\?\\pipe\\fire_emu_66591dd105b23bb8"}}
[debug] [2026-09-17T16:11:03.821Z] [worker-us-central1-sendBrandedPasswordResetEmail-696f7f07-e27d-4e03-8210-403e4b9751a0]: IDLE {"metadata":{"emulator":{"name":"functions"},"function":{"name":"us-central1-sendBrandedPasswordResetEmail"},"extension":{},"message":"[worker-us-central1-sendBrandedPasswordResetEmail-696f7f07-e27d-4e03-8210-403e4b9751a0]: IDLE"}}
[debug] [2026-09-17T16:11:03.821Z] [worker-pool] submitRequest(triggerId=us-central1-sendBrandedPasswordResetEmail) {"metadata":{"emulator":{"name":"functions"},"message":"[worker-pool] submitRequest(triggerId=us-central1-sendBrandedPasswordResetEmail)"}}
[info] i  functions: Beginning execution of "us-central1-sendBrandedPasswordResetEmail" {"metadata":{"emulator":{"name":"functions"},"function":{"name":"us-central1-sendBrandedPasswordResetEmail"},"extension":{},"message":"Beginning execution of \"us-central1-sendBrandedPasswordResetEmail\""}}
[debug] [2026-09-17T16:11:03.822Z] [worker-us-central1-sendBrandedPasswordResetEmail-696f7f07-e27d-4e03-8210-403e4b9751a0]: BUSY {"metadata":{"emulator":{"name":"functions"},"function":{"name":"us-central1-sendBrandedPasswordResetEmail"},"extension":{},"message":"[worker-us-central1-sendBrandedPasswordResetEmail-696f7f07-e27d-4e03-8210-403e4b9751a0]: BUSY"}}
[info] >  {"verifications":{"app":"MISSING","auth":"MISSING"},"logging.googleapis.com/labels":{"firebase-log-type":"callable-request-verification"},"severity":"DEBUG","message":"Callable request verification passed"} {"user":{"verifications":{"app":"MISSING","auth":"MISSING"},"logging.googleapis.com/labels":{"firebase-log-type":"callable-request-verification"},"severity":"DEBUG","message":"Callable request verification passed"},"metadata":{"emulator":{"name":"functions"},"function":{"name":"us-central1-sendBrandedPasswordResetEmail"},"extension":{},"message":">  {\"verifications\":{\"app\":\"MISSING\",\"auth\":\"MISSING\"},\"logging.googleapis.com/labels\":{\"firebase-log-type\":\"callable-request-verification\"},\"severity\":\"DEBUG\",\"message\":\"Callable request verification passed\"}"}}
[warn] !  functions: The Firebase Authentication emulator is not running, so calls to Firebase Authentication will affect production. {"metadata":{"emulator":{"name":"functions"},"function":{"name":"us-central1-sendBrandedPasswordResetEmail"},"extension":{},"message":"The Firebase Authentication emulator is not running, so calls to Firebase Authentication will affect production."}}
[info] >  sendBrandedPasswordResetEmail: FirebaseAppError: The default Firebase app does not exist. Make sure you call initializeApp() before using any of the Firebase services. {"user":"sendBrandedPasswordResetEmail: FirebaseAppError: The default Firebase app does not exist. Make sure you call initializeApp() before using any of the Firebase services.","metadata":{"emulator":{"name":"functions"},"function":{"name":"us-central1-sendBrandedPasswordResetEmail"},"extension":{},"message":">  sendBrandedPasswordResetEmail: FirebaseAppError: The default Firebase app does not exist. Make sure you call initializeApp() before using any of the Firebase services."}}
[info] >      at AppStore.getApp (C:\Users\adm\Documents\workspace_igor\eck_v3\ECK\functions\node_modules\firebase-admin\lib\app\lifecycle.js:69:19) {"user":"    at AppStore.getApp (C:\\Users\\adm\\Documents\\workspace_igor\\eck_v3\\ECK\\functions\\node_modules\\firebase-admin\\lib\\app\\lifecycle.js:69:19)","metadata":{"emulator":{"name":"functions"},"function":{"name":"us-central1-sendBrandedPasswordResetEmail"},"extension":{},"message":">      at AppStore.getApp (C:\\Users\\adm\\Documents\\workspace_igor\\eck_v3\\ECK\\functions\\node_modules\\firebase-admin\\lib\\app\\lifecycle.js:69:19)"}}
[info] >      at FirebaseNamespaceInternals.app (C:\Users\adm\Documents\workspace_igor\eck_v3\ECK\functions\node_modules\firebase-admin\lib\app\firebase-namespace.js:54:35) {"user":"    at FirebaseNamespaceInternals.app (C:\\Users\\adm\\Documents\\workspace_igor\\eck_v3\\ECK\\functions\\node_modules\\firebase-admin\\lib\\app\\firebase-namespace.js:54:35)","metadata":{"emulator":{"name":"functions"},"function":{"name":"us-central1-sendBrandedPasswordResetEmail"},"extension":{},"message":">      at FirebaseNamespaceInternals.app (C:\\Users\\adm\\Documents\\workspace_igor\\eck_v3\\ECK\\functions\\node_modules\\firebase-admin\\lib\\app\\firebase-namespace.js:54:35)"}}
[info] >      at FirebaseNamespace.app (C:\Users\adm\Documents\workspace_igor\eck_v3\ECK\functions\node_modules\firebase-admin\lib\app\firebase-namespace.js:256:30) {"user":"    at FirebaseNamespace.app (C:\\Users\\adm\\Documents\\workspace_igor\\eck_v3\\ECK\\functions\\node_modules\\firebase-admin\\lib\\app\\firebase-namespace.js:256:30)","metadata":{"emulator":{"name":"functions"},"function":{"name":"us-central1-sendBrandedPasswordResetEmail"},"extension":{},"message":">      at FirebaseNamespace.app (C:\\Users\\adm\\Documents\\workspace_igor\\eck_v3\\ECK\\functions\\node_modules\\firebase-admin\\lib\\app\\firebase-namespace.js:256:30)"}}
[info] >      at FirebaseNamespace.ensureApp (C:\Users\adm\Documents\workspace_igor\eck_v3\ECK\functions\node_modules\firebase-admin\lib\app\firebase-namespace.js:266:24) {"user":"    at FirebaseNamespace.ensureApp (C:\\Users\\adm\\Documents\\workspace_igor\\eck_v3\\ECK\\functions\\node_modules\\firebase-admin\\lib\\app\\firebase-namespace.js:266:24)","metadata":{"emulator":{"name":"functions"},"function":{"name":"us-central1-sendBrandedPasswordResetEmail"},"extension":{},"message":">      at FirebaseNamespace.ensureApp (C:\\Users\\adm\\Documents\\workspace_igor\\eck_v3\\ECK\\functions\\node_modules\\firebase-admin\\lib\\app\\firebase-namespace.js:266:24)"}}
[info] >      at FirebaseNamespace.fn (C:\Users\adm\Documents\workspace_igor\eck_v3\ECK\functions\node_modules\firebase-admin\lib\app\firebase-namespace.js:92:25) {"user":"    at FirebaseNamespace.fn (C:\\Users\\adm\\Documents\\workspace_igor\\eck_v3\\ECK\\functions\\node_modules\\firebase-admin\\lib\\app\\firebase-namespace.js:92:25)","metadata":{"emulator":{"name":"functions"},"function":{"name":"us-central1-sendBrandedPasswordResetEmail"},"extension":{},"message":">      at FirebaseNamespace.fn (C:\\Users\\adm\\Documents\\workspace_igor\\eck_v3\\ECK\\functions\\node_modules\\firebase-admin\\lib\\app\\firebase-namespace.js:92:25)"}}
[info] >      at sendBrandedPasswordResetToEmail (C:\Users\adm\Documents\workspace_igor\eck_v3\ECK\functions\lib\branded-password-reset-email.js:110:21) {"user":"    at sendBrandedPasswordResetToEmail (C:\\Users\\adm\\Documents\\workspace_igor\\eck_v3\\ECK\\functions\\lib\\branded-password-reset-email.js:110:21)","metadata":{"emulator":{"name":"functions"},"function":{"name":"us-central1-sendBrandedPasswordResetEmail"},"extension":{},"message":">      at sendBrandedPasswordResetToEmail (C:\\Users\\adm\\Documents\\workspace_igor\\eck_v3\\ECK\\functions\\lib\\branded-password-reset-email.js:110:21)"}}
[info] >      at C:\Users\adm\Documents\workspace_igor\eck_v3\ECK\functions\lib\branded-password-reset-email.js:147:15 {"user":"    at C:\\Users\\adm\\Documents\\workspace_igor\\eck_v3\\ECK\\functions\\lib\\branded-password-reset-email.js:147:15","metadata":{"emulator":{"name":"functions"},"function":{"name":"us-central1-sendBrandedPasswordResetEmail"},"extension":{},"message":">      at C:\\Users\\adm\\Documents\\workspace_igor\\eck_v3\\ECK\\functions\\lib\\branded-password-reset-email.js:147:15"}}
[info] >      at fixedLen (C:\Users\adm\Documents\workspace_igor\eck_v3\ECK\functions\node_modules\firebase-functions\lib\v2\providers\https.js:153:37) {"user":"    at fixedLen (C:\\Users\\adm\\Documents\\workspace_igor\\eck_v3\\ECK\\functions\\node_modules\\firebase-functions\\lib\\v2\\providers\\https.js:153:37)","metadata":{"emulator":{"name":"functions"},"function":{"name":"us-central1-sendBrandedPasswordResetEmail"},"extension":{},"message":">      at fixedLen (C:\\Users\\adm\\Documents\\workspace_igor\\eck_v3\\ECK\\functions\\node_modules\\firebase-functions\\lib\\v2\\providers\\https.js:153:37)"}}
[info] >      at C:\Users\adm\Documents\workspace_igor\eck_v3\ECK\functions\node_modules\firebase-functions\lib\common\providers\https.js:544:32 {"user":"    at C:\\Users\\adm\\Documents\\workspace_igor\\eck_v3\\ECK\\functions\\node_modules\\firebase-functions\\lib\\common\\providers\\https.js:544:32","metadata":{"emulator":{"name":"functions"},"function":{"name":"us-central1-sendBrandedPasswordResetEmail"},"extension":{},"message":">      at C:\\Users\\adm\\Documents\\workspace_igor\\eck_v3\\ECK\\functions\\node_modules\\firebase-functions\\lib\\common\\providers\\https.js:544:32"}}
[info] >      at process.processTicksAndRejections (node:internal/process/task_queues:95:5) { {"user":"    at process.processTicksAndRejections (node:internal/process/task_queues:95:5) {","metadata":{"emulator":{"name":"functions"},"function":{"name":"us-central1-sendBrandedPasswordResetEmail"},"extension":{},"message":">      at process.processTicksAndRejections (node:internal/process/task_queues:95:5) {"}}
[info] >    errorInfo: { {"user":"  errorInfo: {","metadata":{"emulator":{"name":"functions"},"function":{"name":"us-central1-sendBrandedPasswordResetEmail"},"extension":{},"message":">    errorInfo: {"}}
[info] >      code: 'app/no-app', {"user":"    code: 'app/no-app',","metadata":{"emulator":{"name":"functions"},"function":{"name":"us-central1-sendBrandedPasswordResetEmail"},"extension":{},"message":">      code: 'app/no-app',"}}
[info] >      message: 'The default Firebase app does not exist. Make sure you call initializeApp() before using any of the Firebase services.' {"user":"    message: 'The default Firebase app does not exist. Make sure you call initializeApp() before using any of the Firebase services.'","metadata":{"emulator":{"name":"functions"},"function":{"name":"us-central1-sendBrandedPasswordResetEmail"},"extension":{},"message":">      message: 'The default Firebase app does not exist. Make sure you call initializeApp() before using any of the Firebase services.'"}}
[info] >    }, {"user":"  },","metadata":{"emulator":{"name":"functions"},"function":{"name":"us-central1-sendBrandedPasswordResetEmail"},"extension":{},"message":">    },"}}
[info] >    codePrefix: 'app' {"user":"  codePrefix: 'app'","metadata":{"emulator":{"name":"functions"},"function":{"name":"us-central1-sendBrandedPasswordResetEmail"},"extension":{},"message":">    codePrefix: 'app'"}}
[info] >  } {"user":"}","metadata":{"emulator":{"name":"functions"},"function":{"name":"us-central1-sendBrandedPasswordResetEmail"},"extension":{},"message":">  }"}}
[debug] [2026-09-17T16:11:03.850Z] Finishing up request with event=pause {"metadata":{"emulator":{"name":"functions"},"function":{"name":"us-central1-sendBrandedPasswordResetEmail"},"extension":{},"message":"Finishing up request with event=pause"}}
[info] i  functions: Finished "us-central1-sendBrandedPasswordResetEmail" in 28.6454ms {"metadata":{"emulator":{"name":"functions"},"function":{"name":"us-central1-sendBrandedPasswordResetEmail"},"extension":{},"message":"Finished \"us-central1-sendBrandedPasswordResetEmail\" in 28.6454ms"}}
[debug] [2026-09-17T16:11:03.851Z] [worker-us-central1-sendBrandedPasswordResetEmail-696f7f07-e27d-4e03-8210-403e4b9751a0]: IDLE {"metadata":{"emulator":{"name":"functions"},"function":{"name":"us-central1-sendBrandedPasswordResetEmail"},"extension":{},"message":"[worker-us-central1-sendBrandedPasswordResetEmail-696f7f07-e27d-4e03-8210-403e4b9751a0]: IDLE"}}
[debug] [2026-09-17T16:11:03.851Z] Finishing up request with event=finish {"metadata":{"emulator":{"name":"functions"},"function":{"name":"us-central1-sendBrandedPasswordResetEmail"},"extension":{},"message":"Finishing up request with event=finish"}}
[debug] [2026-09-17T16:11:03.851Z] Finishing up request with event=close {"metadata":{"emulator":{"name":"functions"},"function":{"name":"us-central1-sendBrandedPasswordResetEmail"},"extension":{},"message":"Finishing up request with event=close"}}
[debug] [2026-09-17T16:11:03.851Z] [work-queue] {"queuedWork":[],"queueLength":0,"runningWork":[],"workRunningCount":0}
[debug] [2026-09-17T16:11:16.959Z] File C:\Users\adm\Documents\workspace_igor\eck_v3\ECK\functions\src\branded-password-reset-email.ts changed, reloading triggers {"metadata":{"emulator":{"name":"functions"},"message":"File C:\\Users\\adm\\Documents\\workspace_igor\\eck_v3\\ECK\\functions\\src\\branded-password-reset-email.ts changed, reloading triggers"}}
[debug] [2026-09-17T16:11:17.847Z] File C:\Users\adm\Documents\workspace_igor\eck_v3\ECK\functions\src\branded-password-reset-email.ts changed, reloading triggers {"metadata":{"emulator":{"name":"functions"},"message":"File C:\\Users\\adm\\Documents\\workspace_igor\\eck_v3\\ECK\\functions\\src\\branded-password-reset-email.ts changed, reloading triggers"}}
[debug] [2026-09-17T16:11:18.850Z] Validating nodejs source
[warn] !  functions: package.json indicates an outdated version of firebase-functions. Please upgrade using npm install --save firebase-functions@latest in your functions directory. 
[warn] !  functions: Please note that there will be breaking changes when you upgrade. 
[debug] [2026-09-17T16:11:20.857Z] > [functions] package.json contents: {
  "name": "functions",
  "scripts": {
    "build": "tsc && node scripts/generate-functions-yaml.js",
    "build:watch": "tsc --watch",
    "serve": "npm run build && firebase emulators:start --only functions",
    "serve:full": "npm run build && firebase emulators:start --only functions,firestore",
    "shell": "npm run build && firebase functions:shell",
    "start": "npm run shell",
    "deploy": "firebase deploy --only functions",
    "logs": "firebase functions:log"
  },
  "engines": {
    "node": "20"
  },
  "main": "lib/index.js",
  "dependencies": {
    "@google-cloud/storage": "^7.15.1",
    "@napi-rs/canvas": "^0.1.67",
    "@sparticuz/chromium": "^147.0.0",
    "cors": "^2.8.5",
    "docx": "^9.5.1",
    "firebase-admin": "^13.1.0",
    "firebase-functions": "^6.3.1",
    "image-size": "^1.2.0",
    "node-html-parser": "^9.0.1",
    "nodemailer": "^6.9.7",
    "pdfjs-dist": "^4.10.38",
    "pdfmake": "^0.3.3",
    "puppeteer-core": "^24.42.0"
  },
  "devDependencies": {
    "@types/express": "^5.0.3",
    "@types/node": "^22.13.1",
    "@types/nodemailer": "^6.4.19",
    "firebase-functions-test": "^3.1.0",
    "typescript": "^5.7.3"
  },
  "private": true
}
[debug] [2026-09-17T16:11:20.857Z] Building nodejs source
[debug] [2026-09-17T16:11:20.858Z] Failed to find version of module node: reached end of search path C:\Users\adm\Documents\workspace_igor\eck_v3\ECK\functions\node_modules
[info] +  functions: Using node@20 from host. 
[info] i  functions: Loaded environment variables from .env. 
[debug] [2026-09-17T16:11:20.862Z] Found functions.yaml. Got spec: {
  "endpoints": {
    "createReportDocxExport": {
      "availableMemoryMb": 512,
      "timeoutSeconds": 60,
      "minInstances": null,
      "maxInstances": null,
      "ingressSettings": null,
      "concurrency": null,
      "serviceAccountEmail": null,
      "vpc": null,
      "platform": "gcfv2",
      "region": [
        "us-central1"
      ],
      "labels": {},
      "httpsTrigger": {},
      "entryPoint": "createReportDocxExport"
    },
    "downloadReportDocxExport": {
      "availableMemoryMb": 512,
      "timeoutSeconds": 120,
      "minInstances": null,
      "maxInstances": null,
      "ingressSettings": null,
      "concurrency": null,
      "serviceAccountEmail": null,
      "vpc": null,
      "platform": "gcfv2",
      "region": [
        "us-central1"
      ],
      "labels": {},
      "httpsTrigger": {},
      "entryPoint": "downloadReportDocxExport"
    },
    "getReportDocxExportStatus": {
      "availableMemoryMb": 256,
      "timeoutSeconds": 30,
      "minInstances": null,
      "maxInstances": null,
      "ingressSettings": null,
      "concurrency": null,
      "serviceAccountEmail": null,
      "vpc": null,
      "platform": "gcfv2",
      "region": [
        "us-central1"
      ],
      "labels": {},
      "httpsTrigger": {},
      "entryPoint": "getReportDocxExportStatus"
    },
    "processReportDocxExportHttp": {
      "availableMemoryMb": 4096,
      "timeoutSeconds": 540,
      "minInstances": null,
      "maxInstances": null,
      "ingressSettings": null,
      "concurrency": null,
      "serviceAccountEmail": null,
      "vpc": null,
      "platform": "gcfv2",
      "region": [
        "us-central1"
      ],
      "labels": {},
      "httpsTrigger": {},
      "entryPoint": "processReportDocxExportHttp"
    },
    "processReportDocxExportJob": {
      "availableMemoryMb": 4096,
      "timeoutSeconds": 540,
      "minInstances": null,
      "maxInstances": null,
      "ingressSettings": null,
      "concurrency": null,
      "serviceAccountEmail": null,
      "vpc": null,
      "platform": "gcfv2",
      "region": [
        "us-central1"
      ],
      "labels": {},
      "eventTrigger": {
        "eventType": "google.cloud.firestore.document.v1.created",
        "eventFilters": {
          "database": "(default)",
          "namespace": "(default)"
        },
        "eventFilterPathPatterns": {
          "document": "docxExportJobs/{jobId}"
        },
        "retry": false
      },
      "entryPoint": "processReportDocxExportJob"
    },
    "notifyReportReleased": {
      "availableMemoryMb": null,
      "timeoutSeconds": null,
      "minInstances": null,
      "maxInstances": null,
      "ingressSettings": null,
      "concurrency": null,
      "serviceAccountEmail": null,
      "vpc": null,
      "platform": "gcfv2",
      "region": [
        "us-central1"
      ],
      "labels": {},
      "httpsTrigger": {},
      "entryPoint": "notifyReportReleased"
    },
    "sendBrandedPasswordResetEmail": {
      "availableMemoryMb": null,
      "timeoutSeconds": null,
      "minInstances": null,
      "maxInstances": null,
      "ingressSettings": null,
      "concurrency": null,
      "serviceAccountEmail": null,
      "vpc": null,
      "platform": "gcfv2",
      "region": [
        "us-central1"
      ],
      "labels": {},
      "callableTrigger": {},
      "entryPoint": "sendBrandedPasswordResetEmail"
    },
    "generateReportPdf": {
      "availableMemoryMb": 4096,
      "timeoutSeconds": 540,
      "minInstances": null,
      "maxInstances": null,
      "ingressSettings": null,
      "concurrency": null,
      "serviceAccountEmail": null,
      "vpc": null,
      "platform": "gcfv2",
      "region": [
        "us-central1"
      ],
      "labels": {},
      "httpsTrigger": {},
      "entryPoint": "generateReportPdf"
    },
    "sendEmail": {
      "availableMemoryMb": null,
      "timeoutSeconds": null,
      "minInstances": null,
      "maxInstances": null,
      "ingressSettings": null,
      "concurrency": null,
      "serviceAccountEmail": null,
      "vpc": null,
      "platform": "gcfv2",
      "region": [
        "us-central1"
      ],
      "labels": {},
      "httpsTrigger": {},
      "entryPoint": "sendEmail"
    },
    "sendPendingAssessmentReminders": {
      "availableMemoryMb": 1024,
      "timeoutSeconds": 540,
      "minInstances": null,
      "maxInstances": null,
      "ingressSettings": null,
      "concurrency": null,
      "serviceAccountEmail": null,
      "vpc": null,
      "platform": "gcfv2",
      "region": [
        "us-central1"
      ],
      "labels": {},
      "scheduleTrigger": {
        "schedule": "every 15 minutes",
        "retryConfig": {},
        "timeZone": "Etc/UTC"
      },
      "entryPoint": "sendPendingAssessmentReminders"
    },
    "triggerPendingAssessmentReminders": {
      "availableMemoryMb": 1024,
      "timeoutSeconds": 540,
      "minInstances": null,
      "maxInstances": null,
      "ingressSettings": null,
      "concurrency": null,
      "serviceAccountEmail": null,
      "vpc": null,
      "platform": "gcfv2",
      "region": [
        "us-central1"
      ],
      "labels": {},
      "httpsTrigger": {},
      "entryPoint": "triggerPendingAssessmentReminders"
    },
    "onAssessmentCompleted": {
      "availableMemoryMb": null,
      "timeoutSeconds": null,
      "minInstances": null,
      "maxInstances": null,
      "ingressSettings": null,
      "concurrency": null,
      "serviceAccountEmail": null,
      "vpc": null,
      "platform": "gcfv2",
      "region": [
        "us-central1"
      ],
      "labels": {},
      "eventTrigger": {
        "eventType": "google.cloud.firestore.document.v1.updated",
        "eventFilters": {
          "database": "(default)",
          "namespace": "(default)"
        },
        "eventFilterPathPatterns": {
          "document": "assessmentLinks/{linkId}"
        },
        "retry": false
      },
      "entryPoint": "onAssessmentCompleted"
    },
    "setUserPasswordByMaster": {
      "availableMemoryMb": null,
      "timeoutSeconds": null,
      "minInstances": null,
      "maxInstances": null,
      "ingressSettings": null,
      "concurrency": null,
      "serviceAccountEmail": null,
      "vpc": null,
      "platform": "gcfv2",
      "region": [
        "us-central1"
      ],
      "labels": {},
      "callableTrigger": {},
      "entryPoint": "setUserPasswordByMaster"
    },
    "safeDelete": {
      "availableMemoryMb": null,
      "timeoutSeconds": null,
      "minInstances": null,
      "maxInstances": null,
      "ingressSettings": null,
      "concurrency": null,
      "serviceAccountEmail": null,
      "vpc": null,
      "platform": "gcfv2",
      "region": [
        "us-central1"
      ],
      "labels": {},
      "callableTrigger": {},
      "entryPoint": "safeDelete"
    },
    "onProjectDeleted": {
      "availableMemoryMb": null,
      "timeoutSeconds": null,
      "minInstances": null,
      "maxInstances": null,
      "ingressSettings": null,
      "concurrency": null,
      "serviceAccountEmail": null,
      "vpc": null,
      "platform": "gcfv2",
      "region": [
        "us-central1"
      ],
      "labels": {},
      "eventTrigger": {
        "eventType": "google.cloud.firestore.document.v1.deleted",
        "eventFilters": {
          "database": "(default)",
          "namespace": "(default)"
        },
        "eventFilterPathPatterns": {
          "document": "projects/{projectId}"
        },
        "retry": false
      },
      "entryPoint": "onProjectDeleted"
    },
    "onClientDeleted": {
      "availableMemoryMb": null,
      "timeoutSeconds": null,
      "minInstances": null,
      "maxInstances": null,
      "ingressSettings": null,
      "concurrency": null,
      "serviceAccountEmail": null,
      "vpc": null,
      "platform": "gcfv2",
      "region": [
        "us-central1"
      ],
      "labels": {},
      "eventTrigger": {
        "eventType": "google.cloud.firestore.document.v1.deleted",
        "eventFilters": {
          "database": "(default)",
          "namespace": "(default)"
        },
        "eventFilterPathPatterns": {
          "document": "clients/{clientId}"
        },
        "retry": false
      },
      "entryPoint": "onClientDeleted"
    },
    "onParticipantDeleted": {
      "availableMemoryMb": null,
      "timeoutSeconds": null,
      "minInstances": null,
      "maxInstances": null,
      "ingressSettings": null,
      "concurrency": null,
      "serviceAccountEmail": null,
      "vpc": null,
      "platform": "gcfv2",
      "region": [
        "us-central1"
      ],
      "labels": {},
      "eventTrigger": {
        "eventType": "google.cloud.firestore.document.v1.deleted",
        "eventFilters": {
          "database": "(default)",
          "namespace": "(default)"
        },
        "eventFilterPathPatterns": {
          "document": "participants/{participantId}"
        },
        "retry": false
      },
      "entryPoint": "onParticipantDeleted"
    }
  },
  "specVersion": "v1alpha1",
  "requiredAPIs": [
    {
      "api": "cloudscheduler.googleapis.com",
      "reason": "Needed for scheduled functions."
    }
  ],
  "extensions": {},
  "params": [
    {
      "name": "EMAIL_USER",
      "type": "string",
      "default": ""
    },
    {
      "name": "EMAIL_PASS",
      "type": "string",
      "default": ""
    }
  ]
}

[info] +  functions: Loaded functions definitions from source: createReportDocxExport, downloadReportDocxExport, getReportDocxExportStatus, processReportDocxExportHttp, processReportDocxExportJob, notifyReportReleased, sendBrandedPasswordResetEmail, generateReportPdf, sendEmail, sendPendingAssessmentReminders, triggerPendingAssessmentReminders, onAssessmentCompleted, setUserPasswordByMaster, safeDelete, onProjectDeleted, onClientDeleted, onParticipantDeleted. {"metadata":{"emulator":{"name":"functions"},"message":"Loaded functions definitions from source: createReportDocxExport, downloadReportDocxExport, getReportDocxExportStatus, processReportDocxExportHttp, processReportDocxExportJob, notifyReportReleased, sendBrandedPasswordResetEmail, generateReportPdf, sendEmail, sendPendingAssessmentReminders, triggerPendingAssessmentReminders, onAssessmentCompleted, setUserPasswordByMaster, safeDelete, onProjectDeleted, onClientDeleted, onParticipantDeleted."}}
[debug] [2026-09-17T16:11:20.903Z] [worker-pool] Shutting down IDLE worker (us-central1-sendBrandedPasswordResetEmail) {"metadata":{"emulator":{"name":"functions"},"message":"[worker-pool] Shutting down IDLE worker (us-central1-sendBrandedPasswordResetEmail)"}}
[debug] [2026-09-17T16:11:20.903Z] [worker-us-central1-sendBrandedPasswordResetEmail-696f7f07-e27d-4e03-8210-403e4b9751a0]: FINISHING {"metadata":{"emulator":{"name":"functions"},"function":{"name":"us-central1-sendBrandedPasswordResetEmail"},"extension":{},"message":"[worker-us-central1-sendBrandedPasswordResetEmail-696f7f07-e27d-4e03-8210-403e4b9751a0]: FINISHING"}}
[debug] [2026-09-17T16:11:20.917Z] [worker-us-central1-sendBrandedPasswordResetEmail-696f7f07-e27d-4e03-8210-403e4b9751a0]: exited {"metadata":{"emulator":{"name":"functions"},"function":{"name":"us-central1-sendBrandedPasswordResetEmail"},"extension":{},"message":"[worker-us-central1-sendBrandedPasswordResetEmail-696f7f07-e27d-4e03-8210-403e4b9751a0]: exited"}}
[debug] [2026-09-17T16:11:20.918Z] [worker-us-central1-sendBrandedPasswordResetEmail-696f7f07-e27d-4e03-8210-403e4b9751a0]: FINISHED {"metadata":{"emulator":{"name":"functions"},"function":{"name":"us-central1-sendBrandedPasswordResetEmail"},"extension":{},"message":"[worker-us-central1-sendBrandedPasswordResetEmail-696f7f07-e27d-4e03-8210-403e4b9751a0]: FINISHED"}}
[debug] [2026-09-17T16:11:55.695Z] [work-queue] {"queuedWork":["/pwa-workana/us-central1/sendBrandedPasswordResetEmail-2026-09-17T16:11:55.695Z"],"queueLength":1,"runningWork":[],"workRunningCount":0}
[debug] [2026-09-17T16:11:55.696Z] [work-queue] {"queuedWork":[],"queueLength":0,"runningWork":["/pwa-workana/us-central1/sendBrandedPasswordResetEmail-2026-09-17T16:11:55.695Z"],"workRunningCount":1}
[debug] [2026-09-17T16:11:55.696Z] Accepted request POST /pwa-workana/us-central1/sendBrandedPasswordResetEmail --> us-central1-sendBrandedPasswordResetEmail
[debug] [2026-09-17T16:11:55.700Z] [functions] Runtime ready! Sending request! {"metadata":{"emulator":{"name":"functions"},"message":"[functions] Runtime ready! Sending request!"}}
[debug] [2026-09-17T16:11:55.700Z] [functions] Got req.url=/pwa-workana/us-central1/sendBrandedPasswordResetEmail, mapping to path=/ {"metadata":{"emulator":{"name":"functions"},"message":"[functions] Got req.url=/pwa-workana/us-central1/sendBrandedPasswordResetEmail, mapping to path=/"}}
[debug] [2026-09-17T16:11:55.700Z] [worker-pool] Cleaned up workers for us-central1-sendBrandedPasswordResetEmail: 1 --> 0 {"metadata":{"emulator":{"name":"functions"},"message":"[worker-pool] Cleaned up workers for us-central1-sendBrandedPasswordResetEmail: 1 --> 0"}}
[info] i  functions: Loaded environment variables from .env. 
[debug] [2026-09-17T16:11:55.719Z] [worker-pool] addWorker(us-central1-sendBrandedPasswordResetEmail) {"metadata":{"emulator":{"name":"functions"},"message":"[worker-pool] addWorker(us-central1-sendBrandedPasswordResetEmail)"}}
[debug] [2026-09-17T16:11:55.720Z] [worker-pool] Adding worker with key us-central1-sendBrandedPasswordResetEmail, total=1 {"metadata":{"emulator":{"name":"functions"},"message":"[worker-pool] Adding worker with key us-central1-sendBrandedPasswordResetEmail, total=1"}}
[debug] [2026-09-17T16:11:57.377Z] [runtime-status] [10232] Resolved module firebase-admin {"declared":true,"installed":true,"version":"13.1.0","resolution":"C:\\Users\\adm\\Documents\\workspace_igor\\eck_v3\\ECK\\functions\\node_modules\\firebase-admin\\lib\\index.js"} {"metadata":{"emulator":{"name":"functions"},"function":{"name":"us-central1-sendBrandedPasswordResetEmail"},"extension":{},"message":"[runtime-status] [10232] Resolved module firebase-admin {\"declared\":true,\"installed\":true,\"version\":\"13.1.0\",\"resolution\":\"C:\\\\Users\\\\adm\\\\Documents\\\\workspace_igor\\\\eck_v3\\\\ECK\\\\functions\\\\node_modules\\\\firebase-admin\\\\lib\\\\index.js\"}"}}
[debug] [2026-09-17T16:11:57.379Z] [runtime-status] [10232] Resolved module firebase-functions {"declared":true,"installed":true,"version":"6.3.1","resolution":"C:\\Users\\adm\\Documents\\workspace_igor\\eck_v3\\ECK\\functions\\node_modules\\firebase-functions\\lib\\v2\\index.js"} {"metadata":{"emulator":{"name":"functions"},"function":{"name":"us-central1-sendBrandedPasswordResetEmail"},"extension":{},"message":"[runtime-status] [10232] Resolved module firebase-functions {\"declared\":true,\"installed\":true,\"version\":\"6.3.1\",\"resolution\":\"C:\\\\Users\\\\adm\\\\Documents\\\\workspace_igor\\\\eck_v3\\\\ECK\\\\functions\\\\node_modules\\\\firebase-functions\\\\lib\\\\v2\\\\index.js\"}"}}
[debug] [2026-09-17T16:11:57.380Z] [runtime-status] [10232] Found local functions config: C:\Users\adm\Documents\workspace_igor\eck_v3\ECK\functions/.runtimeconfig.json {"metadata":{"emulator":{"name":"functions"},"function":{"name":"us-central1-sendBrandedPasswordResetEmail"},"extension":{},"message":"[runtime-status] [10232] Found local functions config: C:\\Users\\adm\\Documents\\workspace_igor\\eck_v3\\ECK\\functions/.runtimeconfig.json"}}
[debug] [2026-09-17T16:11:57.380Z] [runtime-status] [10232] Outgoing network have been stubbed. [{"name":"http","status":"mocked"},{"name":"http","status":"mocked"},{"name":"https","status":"mocked"},{"name":"https","status":"mocked"},{"name":"net","status":"mocked"}] {"metadata":{"emulator":{"name":"functions"},"function":{"name":"us-central1-sendBrandedPasswordResetEmail"},"extension":{},"message":"[runtime-status] [10232] Outgoing network have been stubbed. [{\"name\":\"http\",\"status\":\"mocked\"},{\"name\":\"http\",\"status\":\"mocked\"},{\"name\":\"https\",\"status\":\"mocked\"},{\"name\":\"https\",\"status\":\"mocked\"},{\"name\":\"net\",\"status\":\"mocked\"}]"}}
[debug] [2026-09-17T16:11:57.381Z] [runtime-status] [10232] Resolved module firebase-functions {"declared":true,"installed":true,"version":"6.3.1","resolution":"C:\\Users\\adm\\Documents\\workspace_igor\\eck_v3\\ECK\\functions\\node_modules\\firebase-functions\\lib\\v2\\index.js"} {"metadata":{"emulator":{"name":"functions"},"function":{"name":"us-central1-sendBrandedPasswordResetEmail"},"extension":{},"message":"[runtime-status] [10232] Resolved module firebase-functions {\"declared\":true,\"installed\":true,\"version\":\"6.3.1\",\"resolution\":\"C:\\\\Users\\\\adm\\\\Documents\\\\workspace_igor\\\\eck_v3\\\\ECK\\\\functions\\\\node_modules\\\\firebase-functions\\\\lib\\\\v2\\\\index.js\"}"}}
[debug] [2026-09-17T16:11:57.821Z] [runtime-status] [10232] Checked functions.config() {"config":{"email":{"pass":"nkik bvji wshf xzpg","user":"igorhlucenaa@gmail.com"}}} {"metadata":{"emulator":{"name":"functions"},"function":{"name":"us-central1-sendBrandedPasswordResetEmail"},"extension":{},"message":"[runtime-status] [10232] Checked functions.config() {\"config\":{\"email\":{\"pass\":\"nkik bvji wshf xzpg\",\"user\":\"igorhlucenaa@gmail.com\"}}}"}}
[debug] [2026-09-17T16:11:57.821Z] [runtime-status] [10232] firebase-functions has been stubbed. {"functionsResolution":{"declared":true,"installed":true,"version":"6.3.1","resolution":"C:\\Users\\adm\\Documents\\workspace_igor\\eck_v3\\ECK\\functions\\node_modules\\firebase-functions\\lib\\v2\\index.js"}} {"metadata":{"emulator":{"name":"functions"},"function":{"name":"us-central1-sendBrandedPasswordResetEmail"},"extension":{},"message":"[runtime-status] [10232] firebase-functions has been stubbed. {\"functionsResolution\":{\"declared\":true,\"installed\":true,\"version\":\"6.3.1\",\"resolution\":\"C:\\\\Users\\\\adm\\\\Documents\\\\workspace_igor\\\\eck_v3\\\\ECK\\\\functions\\\\node_modules\\\\firebase-functions\\\\lib\\\\v2\\\\index.js\"}}"}}
[debug] [2026-09-17T16:11:57.822Z] [runtime-status] [10232] Resolved module firebase-functions {"declared":true,"installed":true,"version":"6.3.1","resolution":"C:\\Users\\adm\\Documents\\workspace_igor\\eck_v3\\ECK\\functions\\node_modules\\firebase-functions\\lib\\v2\\index.js"} {"metadata":{"emulator":{"name":"functions"},"function":{"name":"us-central1-sendBrandedPasswordResetEmail"},"extension":{},"message":"[runtime-status] [10232] Resolved module firebase-functions {\"declared\":true,\"installed\":true,\"version\":\"6.3.1\",\"resolution\":\"C:\\\\Users\\\\adm\\\\Documents\\\\workspace_igor\\\\eck_v3\\\\ECK\\\\functions\\\\node_modules\\\\firebase-functions\\\\lib\\\\v2\\\\index.js\"}"}}
[debug] [2026-09-17T16:11:57.827Z] [runtime-status] [10232] Resolved module firebase-admin {"declared":true,"installed":true,"version":"13.1.0","resolution":"C:\\Users\\adm\\Documents\\workspace_igor\\eck_v3\\ECK\\functions\\node_modules\\firebase-admin\\lib\\index.js"} {"metadata":{"emulator":{"name":"functions"},"function":{"name":"us-central1-sendBrandedPasswordResetEmail"},"extension":{},"message":"[runtime-status] [10232] Resolved module firebase-admin {\"declared\":true,\"installed\":true,\"version\":\"13.1.0\",\"resolution\":\"C:\\\\Users\\\\adm\\\\Documents\\\\workspace_igor\\\\eck_v3\\\\ECK\\\\functions\\\\node_modules\\\\firebase-admin\\\\lib\\\\index.js\"}"}}
[debug] [2026-09-17T16:11:57.831Z] [runtime-status] [10232] Resolved module firebase-functions {"declared":true,"installed":true,"version":"6.3.1","resolution":"C:\\Users\\adm\\Documents\\workspace_igor\\eck_v3\\ECK\\functions\\node_modules\\firebase-functions\\lib\\v2\\index.js"} {"metadata":{"emulator":{"name":"functions"},"function":{"name":"us-central1-sendBrandedPasswordResetEmail"},"extension":{},"message":"[runtime-status] [10232] Resolved module firebase-functions {\"declared\":true,\"installed\":true,\"version\":\"6.3.1\",\"resolution\":\"C:\\\\Users\\\\adm\\\\Documents\\\\workspace_igor\\\\eck_v3\\\\ECK\\\\functions\\\\node_modules\\\\firebase-functions\\\\lib\\\\v2\\\\index.js\"}"}}
[debug] [2026-09-17T16:11:57.832Z] [runtime-status] [10232] firebase-admin has been stubbed. {"adminResolution":{"declared":true,"installed":true,"version":"13.1.0","resolution":"C:\\Users\\adm\\Documents\\workspace_igor\\eck_v3\\ECK\\functions\\node_modules\\firebase-admin\\lib\\index.js"}} {"metadata":{"emulator":{"name":"functions"},"function":{"name":"us-central1-sendBrandedPasswordResetEmail"},"extension":{},"message":"[runtime-status] [10232] firebase-admin has been stubbed. {\"adminResolution\":{\"declared\":true,\"installed\":true,\"version\":\"13.1.0\",\"resolution\":\"C:\\\\Users\\\\adm\\\\Documents\\\\workspace_igor\\\\eck_v3\\\\ECK\\\\functions\\\\node_modules\\\\firebase-admin\\\\lib\\\\index.js\"}}"}}
[debug] [2026-09-17T16:11:58.189Z] [runtime-status] [10232] Functions runtime initialized. {"cwd":"C:\\Users\\adm\\Documents\\workspace_igor\\eck_v3\\ECK\\functions","node_version":"20.19.0"} {"metadata":{"emulator":{"name":"functions"},"function":{"name":"us-central1-sendBrandedPasswordResetEmail"},"extension":{},"message":"[runtime-status] [10232] Functions runtime initialized. {\"cwd\":\"C:\\\\Users\\\\adm\\\\Documents\\\\workspace_igor\\\\eck_v3\\\\ECK\\\\functions\",\"node_version\":\"20.19.0\"}"}}
[debug] [2026-09-17T16:11:58.190Z] [runtime-status] [10232] Listening to port: \\?\pipe\fire_emu_69a7e1cd7fc0bf8e {"metadata":{"emulator":{"name":"functions"},"function":{"name":"us-central1-sendBrandedPasswordResetEmail"},"extension":{},"message":"[runtime-status] [10232] Listening to port: \\\\?\\pipe\\fire_emu_69a7e1cd7fc0bf8e"}}
[debug] [2026-09-17T16:11:58.283Z] [worker-us-central1-sendBrandedPasswordResetEmail-1cba8b88-3238-45ca-9cc6-164047384723]: IDLE {"metadata":{"emulator":{"name":"functions"},"function":{"name":"us-central1-sendBrandedPasswordResetEmail"},"extension":{},"message":"[worker-us-central1-sendBrandedPasswordResetEmail-1cba8b88-3238-45ca-9cc6-164047384723]: IDLE"}}
[debug] [2026-09-17T16:11:58.284Z] [worker-pool] submitRequest(triggerId=us-central1-sendBrandedPasswordResetEmail) {"metadata":{"emulator":{"name":"functions"},"message":"[worker-pool] submitRequest(triggerId=us-central1-sendBrandedPasswordResetEmail)"}}
[info] i  functions: Beginning execution of "us-central1-sendBrandedPasswordResetEmail" {"metadata":{"emulator":{"name":"functions"},"function":{"name":"us-central1-sendBrandedPasswordResetEmail"},"extension":{},"message":"Beginning execution of \"us-central1-sendBrandedPasswordResetEmail\""}}
[debug] [2026-09-17T16:11:58.284Z] [worker-us-central1-sendBrandedPasswordResetEmail-1cba8b88-3238-45ca-9cc6-164047384723]: BUSY {"metadata":{"emulator":{"name":"functions"},"function":{"name":"us-central1-sendBrandedPasswordResetEmail"},"extension":{},"message":"[worker-us-central1-sendBrandedPasswordResetEmail-1cba8b88-3238-45ca-9cc6-164047384723]: BUSY"}}
[info] >  {"verifications":{"app":"MISSING","auth":"MISSING"},"logging.googleapis.com/labels":{"firebase-log-type":"callable-request-verification"},"severity":"DEBUG","message":"Callable request verification passed"} {"user":{"verifications":{"app":"MISSING","auth":"MISSING"},"logging.googleapis.com/labels":{"firebase-log-type":"callable-request-verification"},"severity":"DEBUG","message":"Callable request verification passed"},"metadata":{"emulator":{"name":"functions"},"function":{"name":"us-central1-sendBrandedPasswordResetEmail"},"extension":{},"message":">  {\"verifications\":{\"app\":\"MISSING\",\"auth\":\"MISSING\"},\"logging.googleapis.com/labels\":{\"firebase-log-type\":\"callable-request-verification\"},\"severity\":\"DEBUG\",\"message\":\"Callable request verification passed\"}"}}
[info] >  sendBrandedPasswordResetEmail: FirebaseAppError: The default Firebase app does not exist. Make sure you call initializeApp() before using any of the Firebase services. {"user":"sendBrandedPasswordResetEmail: FirebaseAppError: The default Firebase app does not exist. Make sure you call initializeApp() before using any of the Firebase services.","metadata":{"emulator":{"name":"functions"},"function":{"name":"us-central1-sendBrandedPasswordResetEmail"},"extension":{},"message":">  sendBrandedPasswordResetEmail: FirebaseAppError: The default Firebase app does not exist. Make sure you call initializeApp() before using any of the Firebase services."}}
[info] >      at AppStore.getApp (C:\Users\adm\Documents\workspace_igor\eck_v3\ECK\functions\node_modules\firebase-admin\lib\app\lifecycle.js:69:19) {"user":"    at AppStore.getApp (C:\\Users\\adm\\Documents\\workspace_igor\\eck_v3\\ECK\\functions\\node_modules\\firebase-admin\\lib\\app\\lifecycle.js:69:19)","metadata":{"emulator":{"name":"functions"},"function":{"name":"us-central1-sendBrandedPasswordResetEmail"},"extension":{},"message":">      at AppStore.getApp (C:\\Users\\adm\\Documents\\workspace_igor\\eck_v3\\ECK\\functions\\node_modules\\firebase-admin\\lib\\app\\lifecycle.js:69:19)"}}
[info] >      at FirebaseNamespaceInternals.app (C:\Users\adm\Documents\workspace_igor\eck_v3\ECK\functions\node_modules\firebase-admin\lib\app\firebase-namespace.js:54:35) {"user":"    at FirebaseNamespaceInternals.app (C:\\Users\\adm\\Documents\\workspace_igor\\eck_v3\\ECK\\functions\\node_modules\\firebase-admin\\lib\\app\\firebase-namespace.js:54:35)","metadata":{"emulator":{"name":"functions"},"function":{"name":"us-central1-sendBrandedPasswordResetEmail"},"extension":{},"message":">      at FirebaseNamespaceInternals.app (C:\\Users\\adm\\Documents\\workspace_igor\\eck_v3\\ECK\\functions\\node_modules\\firebase-admin\\lib\\app\\firebase-namespace.js:54:35)"}}
[info] >      at FirebaseNamespace.app (C:\Users\adm\Documents\workspace_igor\eck_v3\ECK\functions\node_modules\firebase-admin\lib\app\firebase-namespace.js:256:30) {"user":"    at FirebaseNamespace.app (C:\\Users\\adm\\Documents\\workspace_igor\\eck_v3\\ECK\\functions\\node_modules\\firebase-admin\\lib\\app\\firebase-namespace.js:256:30)","metadata":{"emulator":{"name":"functions"},"function":{"name":"us-central1-sendBrandedPasswordResetEmail"},"extension":{},"message":">      at FirebaseNamespace.app (C:\\Users\\adm\\Documents\\workspace_igor\\eck_v3\\ECK\\functions\\node_modules\\firebase-admin\\lib\\app\\firebase-namespace.js:256:30)"}}
[info] >      at FirebaseNamespace.ensureApp (C:\Users\adm\Documents\workspace_igor\eck_v3\ECK\functions\node_modules\firebase-admin\lib\app\firebase-namespace.js:266:24) {"user":"    at FirebaseNamespace.ensureApp (C:\\Users\\adm\\Documents\\workspace_igor\\eck_v3\\ECK\\functions\\node_modules\\firebase-admin\\lib\\app\\firebase-namespace.js:266:24)","metadata":{"emulator":{"name":"functions"},"function":{"name":"us-central1-sendBrandedPasswordResetEmail"},"extension":{},"message":">      at FirebaseNamespace.ensureApp (C:\\Users\\adm\\Documents\\workspace_igor\\eck_v3\\ECK\\functions\\node_modules\\firebase-admin\\lib\\app\\firebase-namespace.js:266:24)"}}
[info] >      at FirebaseNamespace.fn (C:\Users\adm\Documents\workspace_igor\eck_v3\ECK\functions\node_modules\firebase-admin\lib\app\firebase-namespace.js:92:25) {"user":"    at FirebaseNamespace.fn (C:\\Users\\adm\\Documents\\workspace_igor\\eck_v3\\ECK\\functions\\node_modules\\firebase-admin\\lib\\app\\firebase-namespace.js:92:25)","metadata":{"emulator":{"name":"functions"},"function":{"name":"us-central1-sendBrandedPasswordResetEmail"},"extension":{},"message":">      at FirebaseNamespace.fn (C:\\Users\\adm\\Documents\\workspace_igor\\eck_v3\\ECK\\functions\\node_modules\\firebase-admin\\lib\\app\\firebase-namespace.js:92:25)"}}
[info] >      at sendBrandedPasswordResetToEmail (C:\Users\adm\Documents\workspace_igor\eck_v3\ECK\functions\lib\branded-password-reset-email.js:110:21) {"user":"    at sendBrandedPasswordResetToEmail (C:\\Users\\adm\\Documents\\workspace_igor\\eck_v3\\ECK\\functions\\lib\\branded-password-reset-email.js:110:21)","metadata":{"emulator":{"name":"functions"},"function":{"name":"us-central1-sendBrandedPasswordResetEmail"},"extension":{},"message":">      at sendBrandedPasswordResetToEmail (C:\\Users\\adm\\Documents\\workspace_igor\\eck_v3\\ECK\\functions\\lib\\branded-password-reset-email.js:110:21)"}}
[info] >      at C:\Users\adm\Documents\workspace_igor\eck_v3\ECK\functions\lib\branded-password-reset-email.js:147:15 {"user":"    at C:\\Users\\adm\\Documents\\workspace_igor\\eck_v3\\ECK\\functions\\lib\\branded-password-reset-email.js:147:15","metadata":{"emulator":{"name":"functions"},"function":{"name":"us-central1-sendBrandedPasswordResetEmail"},"extension":{},"message":">      at C:\\Users\\adm\\Documents\\workspace_igor\\eck_v3\\ECK\\functions\\lib\\branded-password-reset-email.js:147:15"}}
[info] >      at fixedLen (C:\Users\adm\Documents\workspace_igor\eck_v3\ECK\functions\node_modules\firebase-functions\lib\v2\providers\https.js:153:37) {"user":"    at fixedLen (C:\\Users\\adm\\Documents\\workspace_igor\\eck_v3\\ECK\\functions\\node_modules\\firebase-functions\\lib\\v2\\providers\\https.js:153:37)","metadata":{"emulator":{"name":"functions"},"function":{"name":"us-central1-sendBrandedPasswordResetEmail"},"extension":{},"message":">      at fixedLen (C:\\Users\\adm\\Documents\\workspace_igor\\eck_v3\\ECK\\functions\\node_modules\\firebase-functions\\lib\\v2\\providers\\https.js:153:37)"}}
[info] >      at C:\Users\adm\Documents\workspace_igor\eck_v3\ECK\functions\node_modules\firebase-functions\lib\common\providers\https.js:544:32 {"user":"    at C:\\Users\\adm\\Documents\\workspace_igor\\eck_v3\\ECK\\functions\\node_modules\\firebase-functions\\lib\\common\\providers\\https.js:544:32","metadata":{"emulator":{"name":"functions"},"function":{"name":"us-central1-sendBrandedPasswordResetEmail"},"extension":{},"message":">      at C:\\Users\\adm\\Documents\\workspace_igor\\eck_v3\\ECK\\functions\\node_modules\\firebase-functions\\lib\\common\\providers\\https.js:544:32"}}
[info] >      at process.processTicksAndRejections (node:internal/process/task_queues:95:5) { {"user":"    at process.processTicksAndRejections (node:internal/process/task_queues:95:5) {","metadata":{"emulator":{"name":"functions"},"function":{"name":"us-central1-sendBrandedPasswordResetEmail"},"extension":{},"message":">      at process.processTicksAndRejections (node:internal/process/task_queues:95:5) {"}}
[info] >    errorInfo: { {"user":"  errorInfo: {","metadata":{"emulator":{"name":"functions"},"function":{"name":"us-central1-sendBrandedPasswordResetEmail"},"extension":{},"message":">    errorInfo: {"}}
[info] >      code: 'app/no-app', {"user":"    code: 'app/no-app',","metadata":{"emulator":{"name":"functions"},"function":{"name":"us-central1-sendBrandedPasswordResetEmail"},"extension":{},"message":">      code: 'app/no-app',"}}
[info] >      message: 'The default Firebase app does not exist. Make sure you call initializeApp() before using any of the Firebase services.' {"user":"    message: 'The default Firebase app does not exist. Make sure you call initializeApp() before using any of the Firebase services.'","metadata":{"emulator":{"name":"functions"},"function":{"name":"us-central1-sendBrandedPasswordResetEmail"},"extension":{},"message":">      message: 'The default Firebase app does not exist. Make sure you call initializeApp() before using any of the Firebase services.'"}}
[info] >    }, {"user":"  },","metadata":{"emulator":{"name":"functions"},"function":{"name":"us-central1-sendBrandedPasswordResetEmail"},"extension":{},"message":">    },"}}
[info] >    codePrefix: 'app' {"user":"  codePrefix: 'app'","metadata":{"emulator":{"name":"functions"},"function":{"name":"us-central1-sendBrandedPasswordResetEmail"},"extension":{},"message":">    codePrefix: 'app'"}}
[info] >  } {"user":"}","metadata":{"emulator":{"name":"functions"},"function":{"name":"us-central1-sendBrandedPasswordResetEmail"},"extension":{},"message":">  }"}}
[debug] [2026-09-17T16:11:58.307Z] Finishing up request with event=pause {"metadata":{"emulator":{"name":"functions"},"function":{"name":"us-central1-sendBrandedPasswordResetEmail"},"extension":{},"message":"Finishing up request with event=pause"}}
[info] i  functions: Finished "us-central1-sendBrandedPasswordResetEmail" in 23.796ms {"metadata":{"emulator":{"name":"functions"},"function":{"name":"us-central1-sendBrandedPasswordResetEmail"},"extension":{},"message":"Finished \"us-central1-sendBrandedPasswordResetEmail\" in 23.796ms"}}
[debug] [2026-09-17T16:11:58.308Z] [worker-us-central1-sendBrandedPasswordResetEmail-1cba8b88-3238-45ca-9cc6-164047384723]: IDLE {"metadata":{"emulator":{"name":"functions"},"function":{"name":"us-central1-sendBrandedPasswordResetEmail"},"extension":{},"message":"[worker-us-central1-sendBrandedPasswordResetEmail-1cba8b88-3238-45ca-9cc6-164047384723]: IDLE"}}
[debug] [2026-09-17T16:11:58.308Z] Finishing up request with event=finish {"metadata":{"emulator":{"name":"functions"},"function":{"name":"us-central1-sendBrandedPasswordResetEmail"},"extension":{},"message":"Finishing up request with event=finish"}}
[debug] [2026-09-17T16:11:58.308Z] Finishing up request with event=close {"metadata":{"emulator":{"name":"functions"},"function":{"name":"us-central1-sendBrandedPasswordResetEmail"},"extension":{},"message":"Finishing up request with event=close"}}
[debug] [2026-09-17T16:11:58.308Z] [work-queue] {"queuedWork":[],"queueLength":0,"runningWork":[],"workRunningCount":0}
[debug] [2026-09-17T16:12:11.533Z] File C:\Users\adm\Documents\workspace_igor\eck_v3\ECK\functions\lib\shared\firebase-admin.js.map changed, reloading triggers {"metadata":{"emulator":{"name":"functions"},"message":"File C:\\Users\\adm\\Documents\\workspace_igor\\eck_v3\\ECK\\functions\\lib\\shared\\firebase-admin.js.map changed, reloading triggers"}}
[debug] [2026-09-17T16:12:11.533Z] File C:\Users\adm\Documents\workspace_igor\eck_v3\ECK\functions\lib\shared\firebase-admin.js changed, reloading triggers {"metadata":{"emulator":{"name":"functions"},"message":"File C:\\Users\\adm\\Documents\\workspace_igor\\eck_v3\\ECK\\functions\\lib\\shared\\firebase-admin.js changed, reloading triggers"}}
[debug] [2026-09-17T16:12:11.556Z] File C:\Users\adm\Documents\workspace_igor\eck_v3\ECK\functions\lib\branded-password-reset-email.js.map changed, reloading triggers {"metadata":{"emulator":{"name":"functions"},"message":"File C:\\Users\\adm\\Documents\\workspace_igor\\eck_v3\\ECK\\functions\\lib\\branded-password-reset-email.js.map changed, reloading triggers"}}
[debug] [2026-09-17T16:12:11.563Z] File C:\Users\adm\Documents\workspace_igor\eck_v3\ECK\functions\lib\branded-password-reset-email.js changed, reloading triggers {"metadata":{"emulator":{"name":"functions"},"message":"File C:\\Users\\adm\\Documents\\workspace_igor\\eck_v3\\ECK\\functions\\lib\\branded-password-reset-email.js changed, reloading triggers"}}
[debug] [2026-09-17T16:12:11.580Z] File C:\Users\adm\Documents\workspace_igor\eck_v3\ECK\functions\lib\shared\puppeteer-browser.js.map changed, reloading triggers {"metadata":{"emulator":{"name":"functions"},"message":"File C:\\Users\\adm\\Documents\\workspace_igor\\eck_v3\\ECK\\functions\\lib\\shared\\puppeteer-browser.js.map changed, reloading triggers"}}
[debug] [2026-09-17T16:12:11.580Z] File C:\Users\adm\Documents\workspace_igor\eck_v3\ECK\functions\lib\shared\puppeteer-browser.js changed, reloading triggers {"metadata":{"emulator":{"name":"functions"},"message":"File C:\\Users\\adm\\Documents\\workspace_igor\\eck_v3\\ECK\\functions\\lib\\shared\\puppeteer-browser.js changed, reloading triggers"}}
[debug] [2026-09-17T16:12:11.616Z] File C:\Users\adm\Documents\workspace_igor\eck_v3\ECK\functions\lib\shared\pdf-html-renderer.js.map changed, reloading triggers {"metadata":{"emulator":{"name":"functions"},"message":"File C:\\Users\\adm\\Documents\\workspace_igor\\eck_v3\\ECK\\functions\\lib\\shared\\pdf-html-renderer.js.map changed, reloading triggers"}}
[debug] [2026-09-17T16:12:11.627Z] File C:\Users\adm\Documents\workspace_igor\eck_v3\ECK\functions\lib\shared\pdf-html-renderer.js changed, reloading triggers {"metadata":{"emulator":{"name":"functions"},"message":"File C:\\Users\\adm\\Documents\\workspace_igor\\eck_v3\\ECK\\functions\\lib\\shared\\pdf-html-renderer.js changed, reloading triggers"}}
[debug] [2026-09-17T16:12:11.627Z] File C:\Users\adm\Documents\workspace_igor\eck_v3\ECK\functions\lib\docx-export\types.js.map changed, reloading triggers {"metadata":{"emulator":{"name":"functions"},"message":"File C:\\Users\\adm\\Documents\\workspace_igor\\eck_v3\\ECK\\functions\\lib\\docx-export\\types.js.map changed, reloading triggers"}}
[debug] [2026-09-17T16:12:11.642Z] File C:\Users\adm\Documents\workspace_igor\eck_v3\ECK\functions\lib\docx-export\types.js changed, reloading triggers {"metadata":{"emulator":{"name":"functions"},"message":"File C:\\Users\\adm\\Documents\\workspace_igor\\eck_v3\\ECK\\functions\\lib\\docx-export\\types.js changed, reloading triggers"}}
[debug] [2026-09-17T16:12:11.648Z] File C:\Users\adm\Documents\workspace_igor\eck_v3\ECK\functions\lib\docx-export\dimensions.js.map changed, reloading triggers {"metadata":{"emulator":{"name":"functions"},"message":"File C:\\Users\\adm\\Documents\\workspace_igor\\eck_v3\\ECK\\functions\\lib\\docx-export\\dimensions.js.map changed, reloading triggers"}}
[debug] [2026-09-17T16:12:11.649Z] File C:\Users\adm\Documents\workspace_igor\eck_v3\ECK\functions\lib\docx-export\dimensions.js changed, reloading triggers {"metadata":{"emulator":{"name":"functions"},"message":"File C:\\Users\\adm\\Documents\\workspace_igor\\eck_v3\\ECK\\functions\\lib\\docx-export\\dimensions.js changed, reloading triggers"}}
[debug] [2026-09-17T16:12:11.661Z] File C:\Users\adm\Documents\workspace_igor\eck_v3\ECK\functions\lib\docx-export\errors.js.map changed, reloading triggers {"metadata":{"emulator":{"name":"functions"},"message":"File C:\\Users\\adm\\Documents\\workspace_igor\\eck_v3\\ECK\\functions\\lib\\docx-export\\errors.js.map changed, reloading triggers"}}
[debug] [2026-09-17T16:12:11.668Z] File C:\Users\adm\Documents\workspace_igor\eck_v3\ECK\functions\lib\docx-export\errors.js changed, reloading triggers {"metadata":{"emulator":{"name":"functions"},"message":"File C:\\Users\\adm\\Documents\\workspace_igor\\eck_v3\\ECK\\functions\\lib\\docx-export\\errors.js changed, reloading triggers"}}
[debug] [2026-09-17T16:12:11.685Z] File C:\Users\adm\Documents\workspace_igor\eck_v3\ECK\functions\lib\docx-export\hybrid-render-session.js.map changed, reloading triggers {"metadata":{"emulator":{"name":"functions"},"message":"File C:\\Users\\adm\\Documents\\workspace_igor\\eck_v3\\ECK\\functions\\lib\\docx-export\\hybrid-render-session.js.map changed, reloading triggers"}}
[debug] [2026-09-17T16:12:11.685Z] File C:\Users\adm\Documents\workspace_igor\eck_v3\ECK\functions\lib\docx-export\hybrid-render-session.js changed, reloading triggers {"metadata":{"emulator":{"name":"functions"},"message":"File C:\\Users\\adm\\Documents\\workspace_igor\\eck_v3\\ECK\\functions\\lib\\docx-export\\hybrid-render-session.js changed, reloading triggers"}}
[debug] [2026-09-17T16:12:11.717Z] File C:\Users\adm\Documents\workspace_igor\eck_v3\ECK\functions\lib\docx-export\docx-builder.js.map changed, reloading triggers {"metadata":{"emulator":{"name":"functions"},"message":"File C:\\Users\\adm\\Documents\\workspace_igor\\eck_v3\\ECK\\functions\\lib\\docx-export\\docx-builder.js.map changed, reloading triggers"}}
[debug] [2026-09-17T16:12:11.720Z] File C:\Users\adm\Documents\workspace_igor\eck_v3\ECK\functions\lib\docx-export\docx-builder.js changed, reloading triggers {"metadata":{"emulator":{"name":"functions"},"message":"File C:\\Users\\adm\\Documents\\workspace_igor\\eck_v3\\ECK\\functions\\lib\\docx-export\\docx-builder.js changed, reloading triggers"}}
[debug] [2026-09-17T16:12:11.748Z] File C:\Users\adm\Documents\workspace_igor\eck_v3\ECK\functions\lib\docx-export\hybrid-docx-builder.js.map changed, reloading triggers {"metadata":{"emulator":{"name":"functions"},"message":"File C:\\Users\\adm\\Documents\\workspace_igor\\eck_v3\\ECK\\functions\\lib\\docx-export\\hybrid-docx-builder.js.map changed, reloading triggers"}}
[debug] [2026-09-17T16:12:11.749Z] File C:\Users\adm\Documents\workspace_igor\eck_v3\ECK\functions\lib\docx-export\hybrid-docx-builder.js changed, reloading triggers {"metadata":{"emulator":{"name":"functions"},"message":"File C:\\Users\\adm\\Documents\\workspace_igor\\eck_v3\\ECK\\functions\\lib\\docx-export\\hybrid-docx-builder.js changed, reloading triggers"}}
[debug] [2026-09-17T16:12:11.763Z] File C:\Users\adm\Documents\workspace_igor\eck_v3\ECK\functions\lib\docx-export\docx-validator.js.map changed, reloading triggers {"metadata":{"emulator":{"name":"functions"},"message":"File C:\\Users\\adm\\Documents\\workspace_igor\\eck_v3\\ECK\\functions\\lib\\docx-export\\docx-validator.js.map changed, reloading triggers"}}
[debug] [2026-09-17T16:12:11.763Z] File C:\Users\adm\Documents\workspace_igor\eck_v3\ECK\functions\lib\docx-export\docx-validator.js changed, reloading triggers {"metadata":{"emulator":{"name":"functions"},"message":"File C:\\Users\\adm\\Documents\\workspace_igor\\eck_v3\\ECK\\functions\\lib\\docx-export\\docx-validator.js changed, reloading triggers"}}
[debug] [2026-09-17T16:12:11.772Z] File C:\Users\adm\Documents\workspace_igor\eck_v3\ECK\functions\lib\docx-export\pipeline.js.map changed, reloading triggers {"metadata":{"emulator":{"name":"functions"},"message":"File C:\\Users\\adm\\Documents\\workspace_igor\\eck_v3\\ECK\\functions\\lib\\docx-export\\pipeline.js.map changed, reloading triggers"}}
[debug] [2026-09-17T16:12:11.773Z] File C:\Users\adm\Documents\workspace_igor\eck_v3\ECK\functions\lib\docx-export\pipeline.js changed, reloading triggers {"metadata":{"emulator":{"name":"functions"},"message":"File C:\\Users\\adm\\Documents\\workspace_igor\\eck_v3\\ECK\\functions\\lib\\docx-export\\pipeline.js changed, reloading triggers"}}
[debug] [2026-09-17T16:12:11.783Z] File C:\Users\adm\Documents\workspace_igor\eck_v3\ECK\functions\lib\docx-export\storage.js.map changed, reloading triggers {"metadata":{"emulator":{"name":"functions"},"message":"File C:\\Users\\adm\\Documents\\workspace_igor\\eck_v3\\ECK\\functions\\lib\\docx-export\\storage.js.map changed, reloading triggers"}}
[debug] [2026-09-17T16:12:11.783Z] File C:\Users\adm\Documents\workspace_igor\eck_v3\ECK\functions\lib\docx-export\storage.js changed, reloading triggers {"metadata":{"emulator":{"name":"functions"},"message":"File C:\\Users\\adm\\Documents\\workspace_igor\\eck_v3\\ECK\\functions\\lib\\docx-export\\storage.js changed, reloading triggers"}}
[debug] [2026-09-17T16:12:11.818Z] File C:\Users\adm\Documents\workspace_igor\eck_v3\ECK\functions\lib\docx-export\handlers.js.map changed, reloading triggers {"metadata":{"emulator":{"name":"functions"},"message":"File C:\\Users\\adm\\Documents\\workspace_igor\\eck_v3\\ECK\\functions\\lib\\docx-export\\handlers.js.map changed, reloading triggers"}}
[debug] [2026-09-17T16:12:11.823Z] File C:\Users\adm\Documents\workspace_igor\eck_v3\ECK\functions\lib\docx-export\handlers.js changed, reloading triggers {"metadata":{"emulator":{"name":"functions"},"message":"File C:\\Users\\adm\\Documents\\workspace_igor\\eck_v3\\ECK\\functions\\lib\\docx-export\\handlers.js changed, reloading triggers"}}
[debug] [2026-09-17T16:12:11.831Z] File C:\Users\adm\Documents\workspace_igor\eck_v3\ECK\functions\lib\shared\email-template-html.js.map changed, reloading triggers {"metadata":{"emulator":{"name":"functions"},"message":"File C:\\Users\\adm\\Documents\\workspace_igor\\eck_v3\\ECK\\functions\\lib\\shared\\email-template-html.js.map changed, reloading triggers"}}
[debug] [2026-09-17T16:12:11.838Z] File C:\Users\adm\Documents\workspace_igor\eck_v3\ECK\functions\lib\shared\email-template-html.js changed, reloading triggers {"metadata":{"emulator":{"name":"functions"},"message":"File C:\\Users\\adm\\Documents\\workspace_igor\\eck_v3\\ECK\\functions\\lib\\shared\\email-template-html.js changed, reloading triggers"}}
[debug] [2026-09-17T16:12:11.866Z] File C:\Users\adm\Documents\workspace_igor\eck_v3\ECK\functions\lib\report-release-notify.js.map changed, reloading triggers {"metadata":{"emulator":{"name":"functions"},"message":"File C:\\Users\\adm\\Documents\\workspace_igor\\eck_v3\\ECK\\functions\\lib\\report-release-notify.js.map changed, reloading triggers"}}
[debug] [2026-09-17T16:12:11.867Z] File C:\Users\adm\Documents\workspace_igor\eck_v3\ECK\functions\lib\report-release-notify.js changed, reloading triggers {"metadata":{"emulator":{"name":"functions"},"message":"File C:\\Users\\adm\\Documents\\workspace_igor\\eck_v3\\ECK\\functions\\lib\\report-release-notify.js changed, reloading triggers"}}
[debug] [2026-09-17T16:12:11.987Z] File C:\Users\adm\Documents\workspace_igor\eck_v3\ECK\functions\lib\index.js.map changed, reloading triggers {"metadata":{"emulator":{"name":"functions"},"message":"File C:\\Users\\adm\\Documents\\workspace_igor\\eck_v3\\ECK\\functions\\lib\\index.js.map changed, reloading triggers"}}
[debug] [2026-09-17T16:12:11.989Z] File C:\Users\adm\Documents\workspace_igor\eck_v3\ECK\functions\lib\index.js changed, reloading triggers {"metadata":{"emulator":{"name":"functions"},"message":"File C:\\Users\\adm\\Documents\\workspace_igor\\eck_v3\\ECK\\functions\\lib\\index.js changed, reloading triggers"}}
[debug] [2026-09-17T16:12:12.016Z] File C:\Users\adm\Documents\workspace_igor\eck_v3\ECK\functions\lib\docx-export\element-capture.js.map changed, reloading triggers {"metadata":{"emulator":{"name":"functions"},"message":"File C:\\Users\\adm\\Documents\\workspace_igor\\eck_v3\\ECK\\functions\\lib\\docx-export\\element-capture.js.map changed, reloading triggers"}}
[debug] [2026-09-17T16:12:12.016Z] File C:\Users\adm\Documents\workspace_igor\eck_v3\ECK\functions\lib\docx-export\element-capture.js changed, reloading triggers {"metadata":{"emulator":{"name":"functions"},"message":"File C:\\Users\\adm\\Documents\\workspace_igor\\eck_v3\\ECK\\functions\\lib\\docx-export\\element-capture.js changed, reloading triggers"}}
[debug] [2026-09-17T16:12:12.026Z] File C:\Users\adm\Documents\workspace_igor\eck_v3\ECK\functions\lib\docx-export\html-content-extractor.js.map changed, reloading triggers {"metadata":{"emulator":{"name":"functions"},"message":"File C:\\Users\\adm\\Documents\\workspace_igor\\eck_v3\\ECK\\functions\\lib\\docx-export\\html-content-extractor.js.map changed, reloading triggers"}}
[debug] [2026-09-17T16:12:12.035Z] File C:\Users\adm\Documents\workspace_igor\eck_v3\ECK\functions\lib\docx-export\html-content-extractor.js changed, reloading triggers {"metadata":{"emulator":{"name":"functions"},"message":"File C:\\Users\\adm\\Documents\\workspace_igor\\eck_v3\\ECK\\functions\\lib\\docx-export\\html-content-extractor.js changed, reloading triggers"}}
[debug] [2026-09-17T16:12:12.045Z] File C:\Users\adm\Documents\workspace_igor\eck_v3\ECK\functions\lib\docx-export\pdf-analyzer.js.map changed, reloading triggers {"metadata":{"emulator":{"name":"functions"},"message":"File C:\\Users\\adm\\Documents\\workspace_igor\\eck_v3\\ECK\\functions\\lib\\docx-export\\pdf-analyzer.js.map changed, reloading triggers"}}
[debug] [2026-09-17T16:12:12.053Z] File C:\Users\adm\Documents\workspace_igor\eck_v3\ECK\functions\lib\docx-export\pdf-analyzer.js changed, reloading triggers {"metadata":{"emulator":{"name":"functions"},"message":"File C:\\Users\\adm\\Documents\\workspace_igor\\eck_v3\\ECK\\functions\\lib\\docx-export\\pdf-analyzer.js changed, reloading triggers"}}
[debug] [2026-09-17T16:12:13.061Z] Validating nodejs source
[warn] !  functions: package.json indicates an outdated version of firebase-functions. Please upgrade using npm install --save firebase-functions@latest in your functions directory. 
[warn] !  functions: Please note that there will be breaking changes when you upgrade. 
[debug] [2026-09-17T16:12:14.908Z] > [functions] package.json contents: {
  "name": "functions",
  "scripts": {
    "build": "tsc && node scripts/generate-functions-yaml.js",
    "build:watch": "tsc --watch",
    "serve": "npm run build && firebase emulators:start --only functions",
    "serve:full": "npm run build && firebase emulators:start --only functions,firestore",
    "shell": "npm run build && firebase functions:shell",
    "start": "npm run shell",
    "deploy": "firebase deploy --only functions",
    "logs": "firebase functions:log"
  },
  "engines": {
    "node": "20"
  },
  "main": "lib/index.js",
  "dependencies": {
    "@google-cloud/storage": "^7.15.1",
    "@napi-rs/canvas": "^0.1.67",
    "@sparticuz/chromium": "^147.0.0",
    "cors": "^2.8.5",
    "docx": "^9.5.1",
    "firebase-admin": "^13.1.0",
    "firebase-functions": "^6.3.1",
    "image-size": "^1.2.0",
    "node-html-parser": "^9.0.1",
    "nodemailer": "^6.9.7",
    "pdfjs-dist": "^4.10.38",
    "pdfmake": "^0.3.3",
    "puppeteer-core": "^24.42.0"
  },
  "devDependencies": {
    "@types/express": "^5.0.3",
    "@types/node": "^22.13.1",
    "@types/nodemailer": "^6.4.19",
    "firebase-functions-test": "^3.1.0",
    "typescript": "^5.7.3"
  },
  "private": true
}
[debug] [2026-09-17T16:12:14.909Z] Building nodejs source
[debug] [2026-09-17T16:12:14.909Z] Failed to find version of module node: reached end of search path C:\Users\adm\Documents\workspace_igor\eck_v3\ECK\functions\node_modules
[info] +  functions: Using node@20 from host. 
[info] i  functions: Loaded environment variables from .env. 
[debug] [2026-09-17T16:12:14.913Z] File C:\Users\adm\Documents\workspace_igor\eck_v3\ECK\functions\functions.yaml changed, reloading triggers {"metadata":{"emulator":{"name":"functions"},"message":"File C:\\Users\\adm\\Documents\\workspace_igor\\eck_v3\\ECK\\functions\\functions.yaml changed, reloading triggers"}}
[debug] [2026-09-17T16:12:14.914Z] Found functions.yaml. Got spec: {
  "endpoints": {
    "createReportDocxExport": {
      "availableMemoryMb": 512,
      "timeoutSeconds": 60,
      "minInstances": null,
      "maxInstances": null,
      "ingressSettings": null,
      "concurrency": null,
      "serviceAccountEmail": null,
      "vpc": null,
      "platform": "gcfv2",
      "region": [
        "us-central1"
      ],
      "labels": {},
      "httpsTrigger": {},
      "entryPoint": "createReportDocxExport"
    },
    "downloadReportDocxExport": {
      "availableMemoryMb": 512,
      "timeoutSeconds": 120,
      "minInstances": null,
      "maxInstances": null,
      "ingressSettings": null,
      "concurrency": null,
      "serviceAccountEmail": null,
      "vpc": null,
      "platform": "gcfv2",
      "region": [
        "us-central1"
      ],
      "labels": {},
      "httpsTrigger": {},
      "entryPoint": "downloadReportDocxExport"
    },
    "getReportDocxExportStatus": {
      "availableMemoryMb": 256,
      "timeoutSeconds": 30,
      "minInstances": null,
      "maxInstances": null,
      "ingressSettings": null,
      "concurrency": null,
      "serviceAccountEmail": null,
      "vpc": null,
      "platform": "gcfv2",
      "region": [
        "us-central1"
      ],
      "labels": {},
      "httpsTrigger": {},
      "entryPoint": "getReportDocxExportStatus"
    },
    "processReportDocxExportHttp": {
      "availableMemoryMb": 4096,
      "timeoutSeconds": 540,
      "minInstances": null,
      "maxInstances": null,
      "ingressSettings": null,
      "concurrency": null,
      "serviceAccountEmail": null,
      "vpc": null,
      "platform": "gcfv2",
      "region": [
        "us-central1"
      ],
      "labels": {},
      "httpsTrigger": {},
      "entryPoint": "processReportDocxExportHttp"
    },
    "processReportDocxExportJob": {
      "availableMemoryMb": 4096,
      "timeoutSeconds": 540,
      "minInstances": null,
      "maxInstances": null,
      "ingressSettings": null,
      "concurrency": null,
      "serviceAccountEmail": null,
      "vpc": null,
      "platform": "gcfv2",
      "region": [
        "us-central1"
      ],
      "labels": {},
      "eventTrigger": {
        "eventType": "google.cloud.firestore.document.v1.created",
        "eventFilters": {
          "database": "(default)",
          "namespace": "(default)"
        },
        "eventFilterPathPatterns": {
          "document": "docxExportJobs/{jobId}"
        },
        "retry": false
      },
      "entryPoint": "processReportDocxExportJob"
    },
    "notifyReportReleased": {
      "availableMemoryMb": null,
      "timeoutSeconds": null,
      "minInstances": null,
      "maxInstances": null,
      "ingressSettings": null,
      "concurrency": null,
      "serviceAccountEmail": null,
      "vpc": null,
      "platform": "gcfv2",
      "region": [
        "us-central1"
      ],
      "labels": {},
      "httpsTrigger": {},
      "entryPoint": "notifyReportReleased"
    },
    "sendBrandedPasswordResetEmail": {
      "availableMemoryMb": null,
      "timeoutSeconds": null,
      "minInstances": null,
      "maxInstances": null,
      "ingressSettings": null,
      "concurrency": null,
      "serviceAccountEmail": null,
      "vpc": null,
      "platform": "gcfv2",
      "region": [
        "us-central1"
      ],
      "labels": {},
      "callableTrigger": {},
      "entryPoint": "sendBrandedPasswordResetEmail"
    },
    "generateReportPdf": {
      "availableMemoryMb": 4096,
      "timeoutSeconds": 540,
      "minInstances": null,
      "maxInstances": null,
      "ingressSettings": null,
      "concurrency": null,
      "serviceAccountEmail": null,
      "vpc": null,
      "platform": "gcfv2",
      "region": [
        "us-central1"
      ],
      "labels": {},
      "httpsTrigger": {},
      "entryPoint": "generateReportPdf"
    },
    "sendEmail": {
      "availableMemoryMb": null,
      "timeoutSeconds": null,
      "minInstances": null,
      "maxInstances": null,
      "ingressSettings": null,
      "concurrency": null,
      "serviceAccountEmail": null,
      "vpc": null,
      "platform": "gcfv2",
      "region": [
        "us-central1"
      ],
      "labels": {},
      "httpsTrigger": {},
      "entryPoint": "sendEmail"
    },
    "sendPendingAssessmentReminders": {
      "availableMemoryMb": 1024,
      "timeoutSeconds": 540,
      "minInstances": null,
      "maxInstances": null,
      "ingressSettings": null,
      "concurrency": null,
      "serviceAccountEmail": null,
      "vpc": null,
      "platform": "gcfv2",
      "region": [
        "us-central1"
      ],
      "labels": {},
      "scheduleTrigger": {
        "schedule": "every 15 minutes",
        "retryConfig": {},
        "timeZone": "Etc/UTC"
      },
      "entryPoint": "sendPendingAssessmentReminders"
    },
    "triggerPendingAssessmentReminders": {
      "availableMemoryMb": 1024,
      "timeoutSeconds": 540,
      "minInstances": null,
      "maxInstances": null,
      "ingressSettings": null,
      "concurrency": null,
      "serviceAccountEmail": null,
      "vpc": null,
      "platform": "gcfv2",
      "region": [
        "us-central1"
      ],
      "labels": {},
      "httpsTrigger": {},
      "entryPoint": "triggerPendingAssessmentReminders"
    },
    "onAssessmentCompleted": {
      "availableMemoryMb": null,
      "timeoutSeconds": null,
      "minInstances": null,
      "maxInstances": null,
      "ingressSettings": null,
      "concurrency": null,
      "serviceAccountEmail": null,
      "vpc": null,
      "platform": "gcfv2",
      "region": [
        "us-central1"
      ],
      "labels": {},
      "eventTrigger": {
        "eventType": "google.cloud.firestore.document.v1.updated",
        "eventFilters": {
          "database": "(default)",
          "namespace": "(default)"
        },
        "eventFilterPathPatterns": {
          "document": "assessmentLinks/{linkId}"
        },
        "retry": false
      },
      "entryPoint": "onAssessmentCompleted"
    },
    "setUserPasswordByMaster": {
      "availableMemoryMb": null,
      "timeoutSeconds": null,
      "minInstances": null,
      "maxInstances": null,
      "ingressSettings": null,
      "concurrency": null,
      "serviceAccountEmail": null,
      "vpc": null,
      "platform": "gcfv2",
      "region": [
        "us-central1"
      ],
      "labels": {},
      "callableTrigger": {},
      "entryPoint": "setUserPasswordByMaster"
    },
    "safeDelete": {
      "availableMemoryMb": null,
      "timeoutSeconds": null,
      "minInstances": null,
      "maxInstances": null,
      "ingressSettings": null,
      "concurrency": null,
      "serviceAccountEmail": null,
      "vpc": null,
      "platform": "gcfv2",
      "region": [
        "us-central1"
      ],
      "labels": {},
      "callableTrigger": {},
      "entryPoint": "safeDelete"
    },
    "onProjectDeleted": {
      "availableMemoryMb": null,
      "timeoutSeconds": null,
      "minInstances": null,
      "maxInstances": null,
      "ingressSettings": null,
      "concurrency": null,
      "serviceAccountEmail": null,
      "vpc": null,
      "platform": "gcfv2",
      "region": [
        "us-central1"
      ],
      "labels": {},
      "eventTrigger": {
        "eventType": "google.cloud.firestore.document.v1.deleted",
        "eventFilters": {
          "database": "(default)",
          "namespace": "(default)"
        },
        "eventFilterPathPatterns": {
          "document": "projects/{projectId}"
        },
        "retry": false
      },
      "entryPoint": "onProjectDeleted"
    },
    "onClientDeleted": {
      "availableMemoryMb": null,
      "timeoutSeconds": null,
      "minInstances": null,
      "maxInstances": null,
      "ingressSettings": null,
      "concurrency": null,
      "serviceAccountEmail": null,
      "vpc": null,
      "platform": "gcfv2",
      "region": [
        "us-central1"
      ],
      "labels": {},
      "eventTrigger": {
        "eventType": "google.cloud.firestore.document.v1.deleted",
        "eventFilters": {
          "database": "(default)",
          "namespace": "(default)"
        },
        "eventFilterPathPatterns": {
          "document": "clients/{clientId}"
        },
        "retry": false
      },
      "entryPoint": "onClientDeleted"
    },
    "onParticipantDeleted": {
      "availableMemoryMb": null,
      "timeoutSeconds": null,
      "minInstances": null,
      "maxInstances": null,
      "ingressSettings": null,
      "concurrency": null,
      "serviceAccountEmail": null,
      "vpc": null,
      "platform": "gcfv2",
      "region": [
        "us-central1"
      ],
      "labels": {},
      "eventTrigger": {
        "eventType": "google.cloud.firestore.document.v1.deleted",
        "eventFilters": {
          "database": "(default)",
          "namespace": "(default)"
        },
        "eventFilterPathPatterns": {
          "document": "participants/{participantId}"
        },
        "retry": false
      },
      "entryPoint": "onParticipantDeleted"
    }
  },
  "specVersion": "v1alpha1",
  "requiredAPIs": [
    {
      "api": "cloudscheduler.googleapis.com",
      "reason": "Needed for scheduled functions."
    }
  ],
  "extensions": {},
  "params": [
    {
      "name": "EMAIL_USER",
      "type": "string",
      "default": ""
    },
    {
      "name": "EMAIL_PASS",
      "type": "string",
      "default": ""
    }
  ]
}

[info] +  functions: Loaded functions definitions from source: createReportDocxExport, downloadReportDocxExport, getReportDocxExportStatus, processReportDocxExportHttp, processReportDocxExportJob, notifyReportReleased, sendBrandedPasswordResetEmail, generateReportPdf, sendEmail, sendPendingAssessmentReminders, triggerPendingAssessmentReminders, onAssessmentCompleted, setUserPasswordByMaster, safeDelete, onProjectDeleted, onClientDeleted, onParticipantDeleted. {"metadata":{"emulator":{"name":"functions"},"message":"Loaded functions definitions from source: createReportDocxExport, downloadReportDocxExport, getReportDocxExportStatus, processReportDocxExportHttp, processReportDocxExportJob, notifyReportReleased, sendBrandedPasswordResetEmail, generateReportPdf, sendEmail, sendPendingAssessmentReminders, triggerPendingAssessmentReminders, onAssessmentCompleted, setUserPasswordByMaster, safeDelete, onProjectDeleted, onClientDeleted, onParticipantDeleted."}}
[debug] [2026-09-17T16:12:14.937Z] [worker-pool] Shutting down IDLE worker (us-central1-sendBrandedPasswordResetEmail) {"metadata":{"emulator":{"name":"functions"},"message":"[worker-pool] Shutting down IDLE worker (us-central1-sendBrandedPasswordResetEmail)"}}
[debug] [2026-09-17T16:12:14.938Z] [worker-us-central1-sendBrandedPasswordResetEmail-1cba8b88-3238-45ca-9cc6-164047384723]: FINISHING {"metadata":{"emulator":{"name":"functions"},"function":{"name":"us-central1-sendBrandedPasswordResetEmail"},"extension":{},"message":"[worker-us-central1-sendBrandedPasswordResetEmail-1cba8b88-3238-45ca-9cc6-164047384723]: FINISHING"}}
[debug] [2026-09-17T16:12:14.969Z] [worker-us-central1-sendBrandedPasswordResetEmail-1cba8b88-3238-45ca-9cc6-164047384723]: exited {"metadata":{"emulator":{"name":"functions"},"function":{"name":"us-central1-sendBrandedPasswordResetEmail"},"extension":{},"message":"[worker-us-central1-sendBrandedPasswordResetEmail-1cba8b88-3238-45ca-9cc6-164047384723]: exited"}}
[debug] [2026-09-17T16:12:14.969Z] [worker-us-central1-sendBrandedPasswordResetEmail-1cba8b88-3238-45ca-9cc6-164047384723]: FINISHED {"metadata":{"emulator":{"name":"functions"},"function":{"name":"us-central1-sendBrandedPasswordResetEmail"},"extension":{},"message":"[worker-us-central1-sendBrandedPasswordResetEmail-1cba8b88-3238-45ca-9cc6-164047384723]: FINISHED"}}
[debug] [2026-09-17T16:12:15.925Z] Validating nodejs source
[warn] !  functions: package.json indicates an outdated version of firebase-functions. Please upgrade using npm install --save firebase-functions@latest in your functions directory. 
[warn] !  functions: Please note that there will be breaking changes when you upgrade. 
[debug] [2026-09-17T16:12:17.900Z] > [functions] package.json contents: {
  "name": "functions",
  "scripts": {
    "build": "tsc && node scripts/generate-functions-yaml.js",
    "build:watch": "tsc --watch",
    "serve": "npm run build && firebase emulators:start --only functions",
    "serve:full": "npm run build && firebase emulators:start --only functions,firestore",
    "shell": "npm run build && firebase functions:shell",
    "start": "npm run shell",
    "deploy": "firebase deploy --only functions",
    "logs": "firebase functions:log"
  },
  "engines": {
    "node": "20"
  },
  "main": "lib/index.js",
  "dependencies": {
    "@google-cloud/storage": "^7.15.1",
    "@napi-rs/canvas": "^0.1.67",
    "@sparticuz/chromium": "^147.0.0",
    "cors": "^2.8.5",
    "docx": "^9.5.1",
    "firebase-admin": "^13.1.0",
    "firebase-functions": "^6.3.1",
    "image-size": "^1.2.0",
    "node-html-parser": "^9.0.1",
    "nodemailer": "^6.9.7",
    "pdfjs-dist": "^4.10.38",
    "pdfmake": "^0.3.3",
    "puppeteer-core": "^24.42.0"
  },
  "devDependencies": {
    "@types/express": "^5.0.3",
    "@types/node": "^22.13.1",
    "@types/nodemailer": "^6.4.19",
    "firebase-functions-test": "^3.1.0",
    "typescript": "^5.7.3"
  },
  "private": true
}
[debug] [2026-09-17T16:12:17.901Z] Building nodejs source
[debug] [2026-09-17T16:12:17.901Z] Failed to find version of module node: reached end of search path C:\Users\adm\Documents\workspace_igor\eck_v3\ECK\functions\node_modules
[info] +  functions: Using node@20 from host. 
[info] i  functions: Loaded environment variables from .env. 
[debug] [2026-09-17T16:12:17.905Z] [work-queue] {"queuedWork":["/pwa-workana/us-central1/sendBrandedPasswordResetEmail-2026-09-17T16:12:17.905Z"],"queueLength":1,"runningWork":[],"workRunningCount":0}
[debug] [2026-09-17T16:12:17.905Z] [work-queue] {"queuedWork":[],"queueLength":0,"runningWork":["/pwa-workana/us-central1/sendBrandedPasswordResetEmail-2026-09-17T16:12:17.905Z"],"workRunningCount":1}
[debug] [2026-09-17T16:12:17.905Z] Accepted request POST /pwa-workana/us-central1/sendBrandedPasswordResetEmail --> us-central1-sendBrandedPasswordResetEmail
[debug] [2026-09-17T16:12:17.908Z] [functions] Runtime ready! Sending request! {"metadata":{"emulator":{"name":"functions"},"message":"[functions] Runtime ready! Sending request!"}}
[debug] [2026-09-17T16:12:17.908Z] [functions] Got req.url=/pwa-workana/us-central1/sendBrandedPasswordResetEmail, mapping to path=/ {"metadata":{"emulator":{"name":"functions"},"message":"[functions] Got req.url=/pwa-workana/us-central1/sendBrandedPasswordResetEmail, mapping to path=/"}}
[debug] [2026-09-17T16:12:17.908Z] [worker-pool] Cleaned up workers for us-central1-sendBrandedPasswordResetEmail: 1 --> 0 {"metadata":{"emulator":{"name":"functions"},"message":"[worker-pool] Cleaned up workers for us-central1-sendBrandedPasswordResetEmail: 1 --> 0"}}
[info] i  functions: Loaded environment variables from .env. 
[debug] [2026-09-17T16:12:17.918Z] [worker-pool] addWorker(us-central1-sendBrandedPasswordResetEmail) {"metadata":{"emulator":{"name":"functions"},"message":"[worker-pool] addWorker(us-central1-sendBrandedPasswordResetEmail)"}}
[debug] [2026-09-17T16:12:17.919Z] [worker-pool] Adding worker with key us-central1-sendBrandedPasswordResetEmail, total=1 {"metadata":{"emulator":{"name":"functions"},"message":"[worker-pool] Adding worker with key us-central1-sendBrandedPasswordResetEmail, total=1"}}
[debug] [2026-09-17T16:12:17.921Z] Found functions.yaml. Got spec: {
  "endpoints": {
    "createReportDocxExport": {
      "availableMemoryMb": 512,
      "timeoutSeconds": 60,
      "minInstances": null,
      "maxInstances": null,
      "ingressSettings": null,
      "concurrency": null,
      "serviceAccountEmail": null,
      "vpc": null,
      "platform": "gcfv2",
      "region": [
        "us-central1"
      ],
      "labels": {},
      "httpsTrigger": {},
      "entryPoint": "createReportDocxExport"
    },
    "downloadReportDocxExport": {
      "availableMemoryMb": 512,
      "timeoutSeconds": 120,
      "minInstances": null,
      "maxInstances": null,
      "ingressSettings": null,
      "concurrency": null,
      "serviceAccountEmail": null,
      "vpc": null,
      "platform": "gcfv2",
      "region": [
        "us-central1"
      ],
      "labels": {},
      "httpsTrigger": {},
      "entryPoint": "downloadReportDocxExport"
    },
    "getReportDocxExportStatus": {
      "availableMemoryMb": 256,
      "timeoutSeconds": 30,
      "minInstances": null,
      "maxInstances": null,
      "ingressSettings": null,
      "concurrency": null,
      "serviceAccountEmail": null,
      "vpc": null,
      "platform": "gcfv2",
      "region": [
        "us-central1"
      ],
      "labels": {},
      "httpsTrigger": {},
      "entryPoint": "getReportDocxExportStatus"
    },
    "processReportDocxExportHttp": {
      "availableMemoryMb": 4096,
      "timeoutSeconds": 540,
      "minInstances": null,
      "maxInstances": null,
      "ingressSettings": null,
      "concurrency": null,
      "serviceAccountEmail": null,
      "vpc": null,
      "platform": "gcfv2",
      "region": [
        "us-central1"
      ],
      "labels": {},
      "httpsTrigger": {},
      "entryPoint": "processReportDocxExportHttp"
    },
    "processReportDocxExportJob": {
      "availableMemoryMb": 4096,
      "timeoutSeconds": 540,
      "minInstances": null,
      "maxInstances": null,
      "ingressSettings": null,
      "concurrency": null,
      "serviceAccountEmail": null,
      "vpc": null,
      "platform": "gcfv2",
      "region": [
        "us-central1"
      ],
      "labels": {},
      "eventTrigger": {
        "eventType": "google.cloud.firestore.document.v1.created",
        "eventFilters": {
          "database": "(default)",
          "namespace": "(default)"
        },
        "eventFilterPathPatterns": {
          "document": "docxExportJobs/{jobId}"
        },
        "retry": false
      },
      "entryPoint": "processReportDocxExportJob"
    },
    "notifyReportReleased": {
      "availableMemoryMb": null,
      "timeoutSeconds": null,
      "minInstances": null,
      "maxInstances": null,
      "ingressSettings": null,
      "concurrency": null,
      "serviceAccountEmail": null,
      "vpc": null,
      "platform": "gcfv2",
      "region": [
        "us-central1"
      ],
      "labels": {},
      "httpsTrigger": {},
      "entryPoint": "notifyReportReleased"
    },
    "sendBrandedPasswordResetEmail": {
      "availableMemoryMb": null,
      "timeoutSeconds": null,
      "minInstances": null,
      "maxInstances": null,
      "ingressSettings": null,
      "concurrency": null,
      "serviceAccountEmail": null,
      "vpc": null,
      "platform": "gcfv2",
      "region": [
        "us-central1"
      ],
      "labels": {},
      "callableTrigger": {},
      "entryPoint": "sendBrandedPasswordResetEmail"
    },
    "generateReportPdf": {
      "availableMemoryMb": 4096,
      "timeoutSeconds": 540,
      "minInstances": null,
      "maxInstances": null,
      "ingressSettings": null,
      "concurrency": null,
      "serviceAccountEmail": null,
      "vpc": null,
      "platform": "gcfv2",
      "region": [
        "us-central1"
      ],
      "labels": {},
      "httpsTrigger": {},
      "entryPoint": "generateReportPdf"
    },
    "sendEmail": {
      "availableMemoryMb": null,
      "timeoutSeconds": null,
      "minInstances": null,
      "maxInstances": null,
      "ingressSettings": null,
      "concurrency": null,
      "serviceAccountEmail": null,
      "vpc": null,
      "platform": "gcfv2",
      "region": [
        "us-central1"
      ],
      "labels": {},
      "httpsTrigger": {},
      "entryPoint": "sendEmail"
    },
    "sendPendingAssessmentReminders": {
      "availableMemoryMb": 1024,
      "timeoutSeconds": 540,
      "minInstances": null,
      "maxInstances": null,
      "ingressSettings": null,
      "concurrency": null,
      "serviceAccountEmail": null,
      "vpc": null,
      "platform": "gcfv2",
      "region": [
        "us-central1"
      ],
      "labels": {},
      "scheduleTrigger": {
        "schedule": "every 15 minutes",
        "retryConfig": {},
        "timeZone": "Etc/UTC"
      },
      "entryPoint": "sendPendingAssessmentReminders"
    },
    "triggerPendingAssessmentReminders": {
      "availableMemoryMb": 1024,
      "timeoutSeconds": 540,
      "minInstances": null,
      "maxInstances": null,
      "ingressSettings": null,
      "concurrency": null,
      "serviceAccountEmail": null,
      "vpc": null,
      "platform": "gcfv2",
      "region": [
        "us-central1"
      ],
      "labels": {},
      "httpsTrigger": {},
      "entryPoint": "triggerPendingAssessmentReminders"
    },
    "onAssessmentCompleted": {
      "availableMemoryMb": null,
      "timeoutSeconds": null,
      "minInstances": null,
      "maxInstances": null,
      "ingressSettings": null,
      "concurrency": null,
      "serviceAccountEmail": null,
      "vpc": null,
      "platform": "gcfv2",
      "region": [
        "us-central1"
      ],
      "labels": {},
      "eventTrigger": {
        "eventType": "google.cloud.firestore.document.v1.updated",
        "eventFilters": {
          "database": "(default)",
          "namespace": "(default)"
        },
        "eventFilterPathPatterns": {
          "document": "assessmentLinks/{linkId}"
        },
        "retry": false
      },
      "entryPoint": "onAssessmentCompleted"
    },
    "setUserPasswordByMaster": {
      "availableMemoryMb": null,
      "timeoutSeconds": null,
      "minInstances": null,
      "maxInstances": null,
      "ingressSettings": null,
      "concurrency": null,
      "serviceAccountEmail": null,
      "vpc": null,
      "platform": "gcfv2",
      "region": [
        "us-central1"
      ],
      "labels": {},
      "callableTrigger": {},
      "entryPoint": "setUserPasswordByMaster"
    },
    "safeDelete": {
      "availableMemoryMb": null,
      "timeoutSeconds": null,
      "minInstances": null,
      "maxInstances": null,
      "ingressSettings": null,
      "concurrency": null,
      "serviceAccountEmail": null,
      "vpc": null,
      "platform": "gcfv2",
      "region": [
        "us-central1"
      ],
      "labels": {},
      "callableTrigger": {},
      "entryPoint": "safeDelete"
    },
    "onProjectDeleted": {
      "availableMemoryMb": null,
      "timeoutSeconds": null,
      "minInstances": null,
      "maxInstances": null,
      "ingressSettings": null,
      "concurrency": null,
      "serviceAccountEmail": null,
      "vpc": null,
      "platform": "gcfv2",
      "region": [
        "us-central1"
      ],
      "labels": {},
      "eventTrigger": {
        "eventType": "google.cloud.firestore.document.v1.deleted",
        "eventFilters": {
          "database": "(default)",
          "namespace": "(default)"
        },
        "eventFilterPathPatterns": {
          "document": "projects/{projectId}"
        },
        "retry": false
      },
      "entryPoint": "onProjectDeleted"
    },
    "onClientDeleted": {
      "availableMemoryMb": null,
      "timeoutSeconds": null,
      "minInstances": null,
      "maxInstances": null,
      "ingressSettings": null,
      "concurrency": null,
      "serviceAccountEmail": null,
      "vpc": null,
      "platform": "gcfv2",
      "region": [
        "us-central1"
      ],
      "labels": {},
      "eventTrigger": {
        "eventType": "google.cloud.firestore.document.v1.deleted",
        "eventFilters": {
          "database": "(default)",
          "namespace": "(default)"
        },
        "eventFilterPathPatterns": {
          "document": "clients/{clientId}"
        },
        "retry": false
      },
      "entryPoint": "onClientDeleted"
    },
    "onParticipantDeleted": {
      "availableMemoryMb": null,
      "timeoutSeconds": null,
      "minInstances": null,
      "maxInstances": null,
      "ingressSettings": null,
      "concurrency": null,
      "serviceAccountEmail": null,
      "vpc": null,
      "platform": "gcfv2",
      "region": [
        "us-central1"
      ],
      "labels": {},
      "eventTrigger": {
        "eventType": "google.cloud.firestore.document.v1.deleted",
        "eventFilters": {
          "database": "(default)",
          "namespace": "(default)"
        },
        "eventFilterPathPatterns": {
          "document": "participants/{participantId}"
        },
        "retry": false
      },
      "entryPoint": "onParticipantDeleted"
    }
  },
  "specVersion": "v1alpha1",
  "requiredAPIs": [
    {
      "api": "cloudscheduler.googleapis.com",
      "reason": "Needed for scheduled functions."
    }
  ],
  "extensions": {},
  "params": [
    {
      "name": "EMAIL_USER",
      "type": "string",
      "default": ""
    },
    {
      "name": "EMAIL_PASS",
      "type": "string",
      "default": ""
    }
  ]
}

[info] +  functions: Loaded functions definitions from source: createReportDocxExport, downloadReportDocxExport, getReportDocxExportStatus, processReportDocxExportHttp, processReportDocxExportJob, notifyReportReleased, sendBrandedPasswordResetEmail, generateReportPdf, sendEmail, sendPendingAssessmentReminders, triggerPendingAssessmentReminders, onAssessmentCompleted, setUserPasswordByMaster, safeDelete, onProjectDeleted, onClientDeleted, onParticipantDeleted. {"metadata":{"emulator":{"name":"functions"},"message":"Loaded functions definitions from source: createReportDocxExport, downloadReportDocxExport, getReportDocxExportStatus, processReportDocxExportHttp, processReportDocxExportJob, notifyReportReleased, sendBrandedPasswordResetEmail, generateReportPdf, sendEmail, sendPendingAssessmentReminders, triggerPendingAssessmentReminders, onAssessmentCompleted, setUserPasswordByMaster, safeDelete, onProjectDeleted, onClientDeleted, onParticipantDeleted."}}
[debug] [2026-09-17T16:12:19.462Z] [runtime-status] [22904] Resolved module firebase-admin {"declared":true,"installed":true,"version":"13.1.0","resolution":"C:\\Users\\adm\\Documents\\workspace_igor\\eck_v3\\ECK\\functions\\node_modules\\firebase-admin\\lib\\index.js"} {"metadata":{"emulator":{"name":"functions"},"function":{"name":"us-central1-sendBrandedPasswordResetEmail"},"extension":{},"message":"[runtime-status] [22904] Resolved module firebase-admin {\"declared\":true,\"installed\":true,\"version\":\"13.1.0\",\"resolution\":\"C:\\\\Users\\\\adm\\\\Documents\\\\workspace_igor\\\\eck_v3\\\\ECK\\\\functions\\\\node_modules\\\\firebase-admin\\\\lib\\\\index.js\"}"}}
[debug] [2026-09-17T16:12:19.464Z] [runtime-status] [22904] Resolved module firebase-functions {"declared":true,"installed":true,"version":"6.3.1","resolution":"C:\\Users\\adm\\Documents\\workspace_igor\\eck_v3\\ECK\\functions\\node_modules\\firebase-functions\\lib\\v2\\index.js"} {"metadata":{"emulator":{"name":"functions"},"function":{"name":"us-central1-sendBrandedPasswordResetEmail"},"extension":{},"message":"[runtime-status] [22904] Resolved module firebase-functions {\"declared\":true,\"installed\":true,\"version\":\"6.3.1\",\"resolution\":\"C:\\\\Users\\\\adm\\\\Documents\\\\workspace_igor\\\\eck_v3\\\\ECK\\\\functions\\\\node_modules\\\\firebase-functions\\\\lib\\\\v2\\\\index.js\"}"}}
[debug] [2026-09-17T16:12:19.464Z] [runtime-status] [22904] Found local functions config: C:\Users\adm\Documents\workspace_igor\eck_v3\ECK\functions/.runtimeconfig.json {"metadata":{"emulator":{"name":"functions"},"function":{"name":"us-central1-sendBrandedPasswordResetEmail"},"extension":{},"message":"[runtime-status] [22904] Found local functions config: C:\\Users\\adm\\Documents\\workspace_igor\\eck_v3\\ECK\\functions/.runtimeconfig.json"}}
[debug] [2026-09-17T16:12:19.465Z] [runtime-status] [22904] Outgoing network have been stubbed. [{"name":"http","status":"mocked"},{"name":"http","status":"mocked"},{"name":"https","status":"mocked"},{"name":"https","status":"mocked"},{"name":"net","status":"mocked"}] {"metadata":{"emulator":{"name":"functions"},"function":{"name":"us-central1-sendBrandedPasswordResetEmail"},"extension":{},"message":"[runtime-status] [22904] Outgoing network have been stubbed. [{\"name\":\"http\",\"status\":\"mocked\"},{\"name\":\"http\",\"status\":\"mocked\"},{\"name\":\"https\",\"status\":\"mocked\"},{\"name\":\"https\",\"status\":\"mocked\"},{\"name\":\"net\",\"status\":\"mocked\"}]"}}
[debug] [2026-09-17T16:12:19.466Z] [runtime-status] [22904] Resolved module firebase-functions {"declared":true,"installed":true,"version":"6.3.1","resolution":"C:\\Users\\adm\\Documents\\workspace_igor\\eck_v3\\ECK\\functions\\node_modules\\firebase-functions\\lib\\v2\\index.js"} {"metadata":{"emulator":{"name":"functions"},"function":{"name":"us-central1-sendBrandedPasswordResetEmail"},"extension":{},"message":"[runtime-status] [22904] Resolved module firebase-functions {\"declared\":true,\"installed\":true,\"version\":\"6.3.1\",\"resolution\":\"C:\\\\Users\\\\adm\\\\Documents\\\\workspace_igor\\\\eck_v3\\\\ECK\\\\functions\\\\node_modules\\\\firebase-functions\\\\lib\\\\v2\\\\index.js\"}"}}
[debug] [2026-09-17T16:12:19.949Z] [runtime-status] [22904] Checked functions.config() {"config":{"email":{"pass":"nkik bvji wshf xzpg","user":"igorhlucenaa@gmail.com"}}} {"metadata":{"emulator":{"name":"functions"},"function":{"name":"us-central1-sendBrandedPasswordResetEmail"},"extension":{},"message":"[runtime-status] [22904] Checked functions.config() {\"config\":{\"email\":{\"pass\":\"nkik bvji wshf xzpg\",\"user\":\"igorhlucenaa@gmail.com\"}}}"}}
[debug] [2026-09-17T16:12:19.949Z] [runtime-status] [22904] firebase-functions has been stubbed. {"functionsResolution":{"declared":true,"installed":true,"version":"6.3.1","resolution":"C:\\Users\\adm\\Documents\\workspace_igor\\eck_v3\\ECK\\functions\\node_modules\\firebase-functions\\lib\\v2\\index.js"}} {"metadata":{"emulator":{"name":"functions"},"function":{"name":"us-central1-sendBrandedPasswordResetEmail"},"extension":{},"message":"[runtime-status] [22904] firebase-functions has been stubbed. {\"functionsResolution\":{\"declared\":true,\"installed\":true,\"version\":\"6.3.1\",\"resolution\":\"C:\\\\Users\\\\adm\\\\Documents\\\\workspace_igor\\\\eck_v3\\\\ECK\\\\functions\\\\node_modules\\\\firebase-functions\\\\lib\\\\v2\\\\index.js\"}}"}}
[debug] [2026-09-17T16:12:19.950Z] [runtime-status] [22904] Resolved module firebase-functions {"declared":true,"installed":true,"version":"6.3.1","resolution":"C:\\Users\\adm\\Documents\\workspace_igor\\eck_v3\\ECK\\functions\\node_modules\\firebase-functions\\lib\\v2\\index.js"} {"metadata":{"emulator":{"name":"functions"},"function":{"name":"us-central1-sendBrandedPasswordResetEmail"},"extension":{},"message":"[runtime-status] [22904] Resolved module firebase-functions {\"declared\":true,\"installed\":true,\"version\":\"6.3.1\",\"resolution\":\"C:\\\\Users\\\\adm\\\\Documents\\\\workspace_igor\\\\eck_v3\\\\ECK\\\\functions\\\\node_modules\\\\firebase-functions\\\\lib\\\\v2\\\\index.js\"}"}}
[debug] [2026-09-17T16:12:19.956Z] [runtime-status] [22904] Resolved module firebase-admin {"declared":true,"installed":true,"version":"13.1.0","resolution":"C:\\Users\\adm\\Documents\\workspace_igor\\eck_v3\\ECK\\functions\\node_modules\\firebase-admin\\lib\\index.js"} {"metadata":{"emulator":{"name":"functions"},"function":{"name":"us-central1-sendBrandedPasswordResetEmail"},"extension":{},"message":"[runtime-status] [22904] Resolved module firebase-admin {\"declared\":true,\"installed\":true,\"version\":\"13.1.0\",\"resolution\":\"C:\\\\Users\\\\adm\\\\Documents\\\\workspace_igor\\\\eck_v3\\\\ECK\\\\functions\\\\node_modules\\\\firebase-admin\\\\lib\\\\index.js\"}"}}
[debug] [2026-09-17T16:12:19.958Z] [runtime-status] [22904] Resolved module firebase-functions {"declared":true,"installed":true,"version":"6.3.1","resolution":"C:\\Users\\adm\\Documents\\workspace_igor\\eck_v3\\ECK\\functions\\node_modules\\firebase-functions\\lib\\v2\\index.js"} {"metadata":{"emulator":{"name":"functions"},"function":{"name":"us-central1-sendBrandedPasswordResetEmail"},"extension":{},"message":"[runtime-status] [22904] Resolved module firebase-functions {\"declared\":true,\"installed\":true,\"version\":\"6.3.1\",\"resolution\":\"C:\\\\Users\\\\adm\\\\Documents\\\\workspace_igor\\\\eck_v3\\\\ECK\\\\functions\\\\node_modules\\\\firebase-functions\\\\lib\\\\v2\\\\index.js\"}"}}
[debug] [2026-09-17T16:12:19.958Z] [runtime-status] [22904] firebase-admin has been stubbed. {"adminResolution":{"declared":true,"installed":true,"version":"13.1.0","resolution":"C:\\Users\\adm\\Documents\\workspace_igor\\eck_v3\\ECK\\functions\\node_modules\\firebase-admin\\lib\\index.js"}} {"metadata":{"emulator":{"name":"functions"},"function":{"name":"us-central1-sendBrandedPasswordResetEmail"},"extension":{},"message":"[runtime-status] [22904] firebase-admin has been stubbed. {\"adminResolution\":{\"declared\":true,\"installed\":true,\"version\":\"13.1.0\",\"resolution\":\"C:\\\\Users\\\\adm\\\\Documents\\\\workspace_igor\\\\eck_v3\\\\ECK\\\\functions\\\\node_modules\\\\firebase-admin\\\\lib\\\\index.js\"}}"}}
[debug] [2026-09-17T16:12:20.400Z] [runtime-status] [22904] Functions runtime initialized. {"cwd":"C:\\Users\\adm\\Documents\\workspace_igor\\eck_v3\\ECK\\functions","node_version":"20.19.0"} {"metadata":{"emulator":{"name":"functions"},"function":{"name":"us-central1-sendBrandedPasswordResetEmail"},"extension":{},"message":"[runtime-status] [22904] Functions runtime initialized. {\"cwd\":\"C:\\\\Users\\\\adm\\\\Documents\\\\workspace_igor\\\\eck_v3\\\\ECK\\\\functions\",\"node_version\":\"20.19.0\"}"}}
[debug] [2026-09-17T16:12:20.401Z] [runtime-status] [22904] Listening to port: \\?\pipe\fire_emu_f206e08a3fd36081 {"metadata":{"emulator":{"name":"functions"},"function":{"name":"us-central1-sendBrandedPasswordResetEmail"},"extension":{},"message":"[runtime-status] [22904] Listening to port: \\\\?\\pipe\\fire_emu_f206e08a3fd36081"}}
[debug] [2026-09-17T16:12:20.434Z] [worker-us-central1-sendBrandedPasswordResetEmail-946878b3-0da5-4d94-8b6a-cf677c87cddd]: IDLE {"metadata":{"emulator":{"name":"functions"},"function":{"name":"us-central1-sendBrandedPasswordResetEmail"},"extension":{},"message":"[worker-us-central1-sendBrandedPasswordResetEmail-946878b3-0da5-4d94-8b6a-cf677c87cddd]: IDLE"}}
[debug] [2026-09-17T16:12:20.434Z] [worker-pool] submitRequest(triggerId=us-central1-sendBrandedPasswordResetEmail) {"metadata":{"emulator":{"name":"functions"},"message":"[worker-pool] submitRequest(triggerId=us-central1-sendBrandedPasswordResetEmail)"}}
[info] i  functions: Beginning execution of "us-central1-sendBrandedPasswordResetEmail" {"metadata":{"emulator":{"name":"functions"},"function":{"name":"us-central1-sendBrandedPasswordResetEmail"},"extension":{},"message":"Beginning execution of \"us-central1-sendBrandedPasswordResetEmail\""}}
[debug] [2026-09-17T16:12:20.435Z] [worker-us-central1-sendBrandedPasswordResetEmail-946878b3-0da5-4d94-8b6a-cf677c87cddd]: BUSY {"metadata":{"emulator":{"name":"functions"},"function":{"name":"us-central1-sendBrandedPasswordResetEmail"},"extension":{},"message":"[worker-us-central1-sendBrandedPasswordResetEmail-946878b3-0da5-4d94-8b6a-cf677c87cddd]: BUSY"}}
[info] >  {"verifications":{"app":"MISSING","auth":"MISSING"},"logging.googleapis.com/labels":{"firebase-log-type":"callable-request-verification"},"severity":"DEBUG","message":"Callable request verification passed"} {"user":{"verifications":{"app":"MISSING","auth":"MISSING"},"logging.googleapis.com/labels":{"firebase-log-type":"callable-request-verification"},"severity":"DEBUG","message":"Callable request verification passed"},"metadata":{"emulator":{"name":"functions"},"function":{"name":"us-central1-sendBrandedPasswordResetEmail"},"extension":{},"message":">  {\"verifications\":{\"app\":\"MISSING\",\"auth\":\"MISSING\"},\"logging.googleapis.com/labels\":{\"firebase-log-type\":\"callable-request-verification\"},\"severity\":\"DEBUG\",\"message\":\"Callable request verification passed\"}"}}
[debug] [2026-09-17T16:12:20.455Z] [runtime-status] [22904] initializeApp(DEFAULT) {"projectId":"pwa-workana","storageBucket":"pwa-workana.firebasestorage.app"} {"metadata":{"emulator":{"name":"functions"},"function":{"name":"us-central1-sendBrandedPasswordResetEmail"},"extension":{},"message":"[runtime-status] [22904] initializeApp(DEFAULT) {\"projectId\":\"pwa-workana\",\"storageBucket\":\"pwa-workana.firebasestorage.app\"}"}}
[warn] !  Google API requested!
   - URL: "https://oauth2.googleapis.com/token"
   - Be careful, this may be a production service. {"metadata":{"emulator":{"name":"functions"},"function":{"name":"us-central1-sendBrandedPasswordResetEmail"},"extension":{},"message":"Google API requested!\n   - URL: \"https://oauth2.googleapis.com/token\"\n   - Be careful, this may be a production service."}}
[debug] [2026-09-17T16:12:27.448Z] Finishing up request with event=pause {"metadata":{"emulator":{"name":"functions"},"function":{"name":"us-central1-sendBrandedPasswordResetEmail"},"extension":{},"message":"Finishing up request with event=pause"}}
[info] i  functions: Finished "us-central1-sendBrandedPasswordResetEmail" in 7013.8034ms {"metadata":{"emulator":{"name":"functions"},"function":{"name":"us-central1-sendBrandedPasswordResetEmail"},"extension":{},"message":"Finished \"us-central1-sendBrandedPasswordResetEmail\" in 7013.8034ms"}}
[debug] [2026-09-17T16:12:27.449Z] [worker-us-central1-sendBrandedPasswordResetEmail-946878b3-0da5-4d94-8b6a-cf677c87cddd]: IDLE {"metadata":{"emulator":{"name":"functions"},"function":{"name":"us-central1-sendBrandedPasswordResetEmail"},"extension":{},"message":"[worker-us-central1-sendBrandedPasswordResetEmail-946878b3-0da5-4d94-8b6a-cf677c87cddd]: IDLE"}}
[debug] [2026-09-17T16:12:27.449Z] Finishing up request with event=finish {"metadata":{"emulator":{"name":"functions"},"function":{"name":"us-central1-sendBrandedPasswordResetEmail"},"extension":{},"message":"Finishing up request with event=finish"}}
[debug] [2026-09-17T16:12:27.449Z] Finishing up request with event=close {"metadata":{"emulator":{"name":"functions"},"function":{"name":"us-central1-sendBrandedPasswordResetEmail"},"extension":{},"message":"Finishing up request with event=close"}}
[debug] [2026-09-17T16:12:27.449Z] [work-queue] {"queuedWork":[],"queueLength":0,"runningWork":[],"workRunningCount":0}
[debug] [2026-09-17T16:18:03.247Z] [work-queue] {"queuedWork":["/pwa-workana/us-central1/sendBrandedPasswordResetEmail-2026-09-17T16:18:03.246Z"],"queueLength":1,"runningWork":[],"workRunningCount":0}
[debug] [2026-09-17T16:18:03.247Z] [work-queue] {"queuedWork":[],"queueLength":0,"runningWork":["/pwa-workana/us-central1/sendBrandedPasswordResetEmail-2026-09-17T16:18:03.246Z"],"workRunningCount":1}
[debug] [2026-09-17T16:18:03.248Z] Accepted request OPTIONS /pwa-workana/us-central1/sendBrandedPasswordResetEmail --> us-central1-sendBrandedPasswordResetEmail
[debug] [2026-09-17T16:18:03.255Z] [functions] Runtime ready! Sending request! {"metadata":{"emulator":{"name":"functions"},"message":"[functions] Runtime ready! Sending request!"}}
[debug] [2026-09-17T16:18:03.255Z] [functions] Got req.url=/pwa-workana/us-central1/sendBrandedPasswordResetEmail, mapping to path=/ {"metadata":{"emulator":{"name":"functions"},"message":"[functions] Got req.url=/pwa-workana/us-central1/sendBrandedPasswordResetEmail, mapping to path=/"}}
[debug] [2026-09-17T16:18:03.256Z] [worker-pool] submitRequest(triggerId=us-central1-sendBrandedPasswordResetEmail) {"metadata":{"emulator":{"name":"functions"},"message":"[worker-pool] submitRequest(triggerId=us-central1-sendBrandedPasswordResetEmail)"}}
[info] i  functions: Beginning execution of "us-central1-sendBrandedPasswordResetEmail" {"metadata":{"emulator":{"name":"functions"},"function":{"name":"us-central1-sendBrandedPasswordResetEmail"},"extension":{},"message":"Beginning execution of \"us-central1-sendBrandedPasswordResetEmail\""}}
[debug] [2026-09-17T16:18:03.258Z] [worker-us-central1-sendBrandedPasswordResetEmail-946878b3-0da5-4d94-8b6a-cf677c87cddd]: BUSY {"metadata":{"emulator":{"name":"functions"},"function":{"name":"us-central1-sendBrandedPasswordResetEmail"},"extension":{},"message":"[worker-us-central1-sendBrandedPasswordResetEmail-946878b3-0da5-4d94-8b6a-cf677c87cddd]: BUSY"}}
[debug] [2026-09-17T16:18:03.267Z] Finishing up request with event=pause {"metadata":{"emulator":{"name":"functions"},"function":{"name":"us-central1-sendBrandedPasswordResetEmail"},"extension":{},"message":"Finishing up request with event=pause"}}
[info] i  functions: Finished "us-central1-sendBrandedPasswordResetEmail" in 9.6622ms {"metadata":{"emulator":{"name":"functions"},"function":{"name":"us-central1-sendBrandedPasswordResetEmail"},"extension":{},"message":"Finished \"us-central1-sendBrandedPasswordResetEmail\" in 9.6622ms"}}
[debug] [2026-09-17T16:18:03.268Z] [worker-us-central1-sendBrandedPasswordResetEmail-946878b3-0da5-4d94-8b6a-cf677c87cddd]: IDLE {"metadata":{"emulator":{"name":"functions"},"function":{"name":"us-central1-sendBrandedPasswordResetEmail"},"extension":{},"message":"[worker-us-central1-sendBrandedPasswordResetEmail-946878b3-0da5-4d94-8b6a-cf677c87cddd]: IDLE"}}
[debug] [2026-09-17T16:18:03.268Z] Finishing up request with event=finish {"metadata":{"emulator":{"name":"functions"},"function":{"name":"us-central1-sendBrandedPasswordResetEmail"},"extension":{},"message":"Finishing up request with event=finish"}}
[debug] [2026-09-17T16:18:03.268Z] Finishing up request with event=close {"metadata":{"emulator":{"name":"functions"},"function":{"name":"us-central1-sendBrandedPasswordResetEmail"},"extension":{},"message":"Finishing up request with event=close"}}
[debug] [2026-09-17T16:18:03.268Z] [work-queue] {"queuedWork":[],"queueLength":0,"runningWork":[],"workRunningCount":0}
[debug] [2026-09-17T16:18:03.290Z] [work-queue] {"queuedWork":["/pwa-workana/us-central1/sendBrandedPasswordResetEmail-2026-09-17T16:18:03.290Z"],"queueLength":1,"runningWork":[],"workRunningCount":0}
[debug] [2026-09-17T16:18:03.290Z] [work-queue] {"queuedWork":[],"queueLength":0,"runningWork":["/pwa-workana/us-central1/sendBrandedPasswordResetEmail-2026-09-17T16:18:03.290Z"],"workRunningCount":1}
[debug] [2026-09-17T16:18:03.290Z] Accepted request POST /pwa-workana/us-central1/sendBrandedPasswordResetEmail --> us-central1-sendBrandedPasswordResetEmail
[debug] [2026-09-17T16:18:03.296Z] [functions] Runtime ready! Sending request! {"metadata":{"emulator":{"name":"functions"},"message":"[functions] Runtime ready! Sending request!"}}
[debug] [2026-09-17T16:18:03.297Z] [functions] Got req.url=/pwa-workana/us-central1/sendBrandedPasswordResetEmail, mapping to path=/ {"metadata":{"emulator":{"name":"functions"},"message":"[functions] Got req.url=/pwa-workana/us-central1/sendBrandedPasswordResetEmail, mapping to path=/"}}
[debug] [2026-09-17T16:18:03.297Z] [worker-pool] submitRequest(triggerId=us-central1-sendBrandedPasswordResetEmail) {"metadata":{"emulator":{"name":"functions"},"message":"[worker-pool] submitRequest(triggerId=us-central1-sendBrandedPasswordResetEmail)"}}
[info] i  functions: Beginning execution of "us-central1-sendBrandedPasswordResetEmail" {"metadata":{"emulator":{"name":"functions"},"function":{"name":"us-central1-sendBrandedPasswordResetEmail"},"extension":{},"message":"Beginning execution of \"us-central1-sendBrandedPasswordResetEmail\""}}
[debug] [2026-09-17T16:18:03.297Z] [worker-us-central1-sendBrandedPasswordResetEmail-946878b3-0da5-4d94-8b6a-cf677c87cddd]: BUSY {"metadata":{"emulator":{"name":"functions"},"function":{"name":"us-central1-sendBrandedPasswordResetEmail"},"extension":{},"message":"[worker-us-central1-sendBrandedPasswordResetEmail-946878b3-0da5-4d94-8b6a-cf677c87cddd]: BUSY"}}
[info] >  {"verifications":{"app":"MISSING","auth":"VALID"},"logging.googleapis.com/labels":{"firebase-log-type":"callable-request-verification"},"severity":"DEBUG","message":"Callable request verification passed"} {"user":{"verifications":{"app":"MISSING","auth":"VALID"},"logging.googleapis.com/labels":{"firebase-log-type":"callable-request-verification"},"severity":"DEBUG","message":"Callable request verification passed"},"metadata":{"emulator":{"name":"functions"},"function":{"name":"us-central1-sendBrandedPasswordResetEmail"},"extension":{},"message":">  {\"verifications\":{\"app\":\"MISSING\",\"auth\":\"VALID\"},\"logging.googleapis.com/labels\":{\"firebase-log-type\":\"callable-request-verification\"},\"severity\":\"DEBUG\",\"message\":\"Callable request verification passed\"}"}}
[debug] [2026-09-17T16:18:10.726Z] Finishing up request with event=pause {"metadata":{"emulator":{"name":"functions"},"function":{"name":"us-central1-sendBrandedPasswordResetEmail"},"extension":{},"message":"Finishing up request with event=pause"}}
[info] i  functions: Finished "us-central1-sendBrandedPasswordResetEmail" in 7429.1916ms {"metadata":{"emulator":{"name":"functions"},"function":{"name":"us-central1-sendBrandedPasswordResetEmail"},"extension":{},"message":"Finished \"us-central1-sendBrandedPasswordResetEmail\" in 7429.1916ms"}}
[debug] [2026-09-17T16:18:10.727Z] [worker-us-central1-sendBrandedPasswordResetEmail-946878b3-0da5-4d94-8b6a-cf677c87cddd]: IDLE {"metadata":{"emulator":{"name":"functions"},"function":{"name":"us-central1-sendBrandedPasswordResetEmail"},"extension":{},"message":"[worker-us-central1-sendBrandedPasswordResetEmail-946878b3-0da5-4d94-8b6a-cf677c87cddd]: IDLE"}}
[debug] [2026-09-17T16:18:10.727Z] Finishing up request with event=finish {"metadata":{"emulator":{"name":"functions"},"function":{"name":"us-central1-sendBrandedPasswordResetEmail"},"extension":{},"message":"Finishing up request with event=finish"}}
[debug] [2026-09-17T16:18:10.727Z] Finishing up request with event=close {"metadata":{"emulator":{"name":"functions"},"function":{"name":"us-central1-sendBrandedPasswordResetEmail"},"extension":{},"message":"Finishing up request with event=close"}}
[debug] [2026-09-17T16:18:10.727Z] [work-queue] {"queuedWork":[],"queueLength":0,"runningWork":[],"workRunningCount":0}
[debug] [2026-09-17T16:37:44.881Z] File C:\Users\adm\Documents\workspace_igor\eck_v3\ECK\functions\lib\shared\firebase-admin.js.map changed, reloading triggers {"metadata":{"emulator":{"name":"functions"},"message":"File C:\\Users\\adm\\Documents\\workspace_igor\\eck_v3\\ECK\\functions\\lib\\shared\\firebase-admin.js.map changed, reloading triggers"}}
[debug] [2026-09-17T16:37:44.883Z] File C:\Users\adm\Documents\workspace_igor\eck_v3\ECK\functions\lib\shared\firebase-admin.js changed, reloading triggers {"metadata":{"emulator":{"name":"functions"},"message":"File C:\\Users\\adm\\Documents\\workspace_igor\\eck_v3\\ECK\\functions\\lib\\shared\\firebase-admin.js changed, reloading triggers"}}
[debug] [2026-09-17T16:37:44.906Z] File C:\Users\adm\Documents\workspace_igor\eck_v3\ECK\functions\lib\branded-password-reset-email.js.map changed, reloading triggers {"metadata":{"emulator":{"name":"functions"},"message":"File C:\\Users\\adm\\Documents\\workspace_igor\\eck_v3\\ECK\\functions\\lib\\branded-password-reset-email.js.map changed, reloading triggers"}}
[debug] [2026-09-17T16:37:44.906Z] File C:\Users\adm\Documents\workspace_igor\eck_v3\ECK\functions\lib\branded-password-reset-email.js changed, reloading triggers {"metadata":{"emulator":{"name":"functions"},"message":"File C:\\Users\\adm\\Documents\\workspace_igor\\eck_v3\\ECK\\functions\\lib\\branded-password-reset-email.js changed, reloading triggers"}}
[debug] [2026-09-17T16:37:44.919Z] File C:\Users\adm\Documents\workspace_igor\eck_v3\ECK\functions\lib\shared\puppeteer-browser.js.map changed, reloading triggers {"metadata":{"emulator":{"name":"functions"},"message":"File C:\\Users\\adm\\Documents\\workspace_igor\\eck_v3\\ECK\\functions\\lib\\shared\\puppeteer-browser.js.map changed, reloading triggers"}}
[debug] [2026-09-17T16:37:44.919Z] File C:\Users\adm\Documents\workspace_igor\eck_v3\ECK\functions\lib\shared\puppeteer-browser.js changed, reloading triggers {"metadata":{"emulator":{"name":"functions"},"message":"File C:\\Users\\adm\\Documents\\workspace_igor\\eck_v3\\ECK\\functions\\lib\\shared\\puppeteer-browser.js changed, reloading triggers"}}
[debug] [2026-09-17T16:37:44.950Z] File C:\Users\adm\Documents\workspace_igor\eck_v3\ECK\functions\lib\shared\pdf-html-renderer.js.map changed, reloading triggers {"metadata":{"emulator":{"name":"functions"},"message":"File C:\\Users\\adm\\Documents\\workspace_igor\\eck_v3\\ECK\\functions\\lib\\shared\\pdf-html-renderer.js.map changed, reloading triggers"}}
[debug] [2026-09-17T16:37:44.951Z] File C:\Users\adm\Documents\workspace_igor\eck_v3\ECK\functions\lib\shared\pdf-html-renderer.js changed, reloading triggers {"metadata":{"emulator":{"name":"functions"},"message":"File C:\\Users\\adm\\Documents\\workspace_igor\\eck_v3\\ECK\\functions\\lib\\shared\\pdf-html-renderer.js changed, reloading triggers"}}
[debug] [2026-09-17T16:37:44.956Z] File C:\Users\adm\Documents\workspace_igor\eck_v3\ECK\functions\lib\docx-export\types.js.map changed, reloading triggers {"metadata":{"emulator":{"name":"functions"},"message":"File C:\\Users\\adm\\Documents\\workspace_igor\\eck_v3\\ECK\\functions\\lib\\docx-export\\types.js.map changed, reloading triggers"}}
[debug] [2026-09-17T16:37:44.964Z] File C:\Users\adm\Documents\workspace_igor\eck_v3\ECK\functions\lib\docx-export\types.js changed, reloading triggers {"metadata":{"emulator":{"name":"functions"},"message":"File C:\\Users\\adm\\Documents\\workspace_igor\\eck_v3\\ECK\\functions\\lib\\docx-export\\types.js changed, reloading triggers"}}
[debug] [2026-09-17T16:37:44.974Z] File C:\Users\adm\Documents\workspace_igor\eck_v3\ECK\functions\lib\docx-export\dimensions.js.map changed, reloading triggers {"metadata":{"emulator":{"name":"functions"},"message":"File C:\\Users\\adm\\Documents\\workspace_igor\\eck_v3\\ECK\\functions\\lib\\docx-export\\dimensions.js.map changed, reloading triggers"}}
[debug] [2026-09-17T16:37:44.974Z] File C:\Users\adm\Documents\workspace_igor\eck_v3\ECK\functions\lib\docx-export\dimensions.js changed, reloading triggers {"metadata":{"emulator":{"name":"functions"},"message":"File C:\\Users\\adm\\Documents\\workspace_igor\\eck_v3\\ECK\\functions\\lib\\docx-export\\dimensions.js changed, reloading triggers"}}
[debug] [2026-09-17T16:37:44.988Z] File C:\Users\adm\Documents\workspace_igor\eck_v3\ECK\functions\lib\docx-export\errors.js.map changed, reloading triggers {"metadata":{"emulator":{"name":"functions"},"message":"File C:\\Users\\adm\\Documents\\workspace_igor\\eck_v3\\ECK\\functions\\lib\\docx-export\\errors.js.map changed, reloading triggers"}}
[debug] [2026-09-17T16:37:44.992Z] File C:\Users\adm\Documents\workspace_igor\eck_v3\ECK\functions\lib\docx-export\errors.js changed, reloading triggers {"metadata":{"emulator":{"name":"functions"},"message":"File C:\\Users\\adm\\Documents\\workspace_igor\\eck_v3\\ECK\\functions\\lib\\docx-export\\errors.js changed, reloading triggers"}}
[debug] [2026-09-17T16:37:45.017Z] File C:\Users\adm\Documents\workspace_igor\eck_v3\ECK\functions\lib\docx-export\hybrid-render-session.js.map changed, reloading triggers {"metadata":{"emulator":{"name":"functions"},"message":"File C:\\Users\\adm\\Documents\\workspace_igor\\eck_v3\\ECK\\functions\\lib\\docx-export\\hybrid-render-session.js.map changed, reloading triggers"}}
[debug] [2026-09-17T16:37:45.018Z] File C:\Users\adm\Documents\workspace_igor\eck_v3\ECK\functions\lib\docx-export\hybrid-render-session.js changed, reloading triggers {"metadata":{"emulator":{"name":"functions"},"message":"File C:\\Users\\adm\\Documents\\workspace_igor\\eck_v3\\ECK\\functions\\lib\\docx-export\\hybrid-render-session.js changed, reloading triggers"}}
[debug] [2026-09-17T16:37:45.052Z] File C:\Users\adm\Documents\workspace_igor\eck_v3\ECK\functions\lib\docx-export\docx-builder.js.map changed, reloading triggers {"metadata":{"emulator":{"name":"functions"},"message":"File C:\\Users\\adm\\Documents\\workspace_igor\\eck_v3\\ECK\\functions\\lib\\docx-export\\docx-builder.js.map changed, reloading triggers"}}
[debug] [2026-09-17T16:37:45.052Z] File C:\Users\adm\Documents\workspace_igor\eck_v3\ECK\functions\lib\docx-export\docx-builder.js changed, reloading triggers {"metadata":{"emulator":{"name":"functions"},"message":"File C:\\Users\\adm\\Documents\\workspace_igor\\eck_v3\\ECK\\functions\\lib\\docx-export\\docx-builder.js changed, reloading triggers"}}
[debug] [2026-09-17T16:37:45.073Z] File C:\Users\adm\Documents\workspace_igor\eck_v3\ECK\functions\lib\docx-export\hybrid-docx-builder.js.map changed, reloading triggers {"metadata":{"emulator":{"name":"functions"},"message":"File C:\\Users\\adm\\Documents\\workspace_igor\\eck_v3\\ECK\\functions\\lib\\docx-export\\hybrid-docx-builder.js.map changed, reloading triggers"}}
[debug] [2026-09-17T16:37:45.077Z] File C:\Users\adm\Documents\workspace_igor\eck_v3\ECK\functions\lib\docx-export\hybrid-docx-builder.js changed, reloading triggers {"metadata":{"emulator":{"name":"functions"},"message":"File C:\\Users\\adm\\Documents\\workspace_igor\\eck_v3\\ECK\\functions\\lib\\docx-export\\hybrid-docx-builder.js changed, reloading triggers"}}
[debug] [2026-09-17T16:37:45.079Z] File C:\Users\adm\Documents\workspace_igor\eck_v3\ECK\functions\lib\docx-export\docx-validator.js.map changed, reloading triggers {"metadata":{"emulator":{"name":"functions"},"message":"File C:\\Users\\adm\\Documents\\workspace_igor\\eck_v3\\ECK\\functions\\lib\\docx-export\\docx-validator.js.map changed, reloading triggers"}}
[debug] [2026-09-17T16:37:45.085Z] File C:\Users\adm\Documents\workspace_igor\eck_v3\ECK\functions\lib\docx-export\docx-validator.js changed, reloading triggers {"metadata":{"emulator":{"name":"functions"},"message":"File C:\\Users\\adm\\Documents\\workspace_igor\\eck_v3\\ECK\\functions\\lib\\docx-export\\docx-validator.js changed, reloading triggers"}}
[debug] [2026-09-17T16:37:45.095Z] File C:\Users\adm\Documents\workspace_igor\eck_v3\ECK\functions\lib\docx-export\pipeline.js.map changed, reloading triggers {"metadata":{"emulator":{"name":"functions"},"message":"File C:\\Users\\adm\\Documents\\workspace_igor\\eck_v3\\ECK\\functions\\lib\\docx-export\\pipeline.js.map changed, reloading triggers"}}
[debug] [2026-09-17T16:37:45.099Z] File C:\Users\adm\Documents\workspace_igor\eck_v3\ECK\functions\lib\docx-export\pipeline.js changed, reloading triggers {"metadata":{"emulator":{"name":"functions"},"message":"File C:\\Users\\adm\\Documents\\workspace_igor\\eck_v3\\ECK\\functions\\lib\\docx-export\\pipeline.js changed, reloading triggers"}}
[debug] [2026-09-17T16:37:45.107Z] File C:\Users\adm\Documents\workspace_igor\eck_v3\ECK\functions\lib\docx-export\storage.js.map changed, reloading triggers {"metadata":{"emulator":{"name":"functions"},"message":"File C:\\Users\\adm\\Documents\\workspace_igor\\eck_v3\\ECK\\functions\\lib\\docx-export\\storage.js.map changed, reloading triggers"}}
[debug] [2026-09-17T16:37:45.118Z] File C:\Users\adm\Documents\workspace_igor\eck_v3\ECK\functions\lib\docx-export\storage.js changed, reloading triggers {"metadata":{"emulator":{"name":"functions"},"message":"File C:\\Users\\adm\\Documents\\workspace_igor\\eck_v3\\ECK\\functions\\lib\\docx-export\\storage.js changed, reloading triggers"}}
[debug] [2026-09-17T16:37:45.160Z] File C:\Users\adm\Documents\workspace_igor\eck_v3\ECK\functions\lib\docx-export\handlers.js.map changed, reloading triggers {"metadata":{"emulator":{"name":"functions"},"message":"File C:\\Users\\adm\\Documents\\workspace_igor\\eck_v3\\ECK\\functions\\lib\\docx-export\\handlers.js.map changed, reloading triggers"}}
[debug] [2026-09-17T16:37:45.161Z] File C:\Users\adm\Documents\workspace_igor\eck_v3\ECK\functions\lib\docx-export\handlers.js changed, reloading triggers {"metadata":{"emulator":{"name":"functions"},"message":"File C:\\Users\\adm\\Documents\\workspace_igor\\eck_v3\\ECK\\functions\\lib\\docx-export\\handlers.js changed, reloading triggers"}}
[debug] [2026-09-17T16:37:45.172Z] File C:\Users\adm\Documents\workspace_igor\eck_v3\ECK\functions\lib\shared\email-template-html.js.map changed, reloading triggers {"metadata":{"emulator":{"name":"functions"},"message":"File C:\\Users\\adm\\Documents\\workspace_igor\\eck_v3\\ECK\\functions\\lib\\shared\\email-template-html.js.map changed, reloading triggers"}}
[debug] [2026-09-17T16:37:45.173Z] File C:\Users\adm\Documents\workspace_igor\eck_v3\ECK\functions\lib\shared\email-template-html.js changed, reloading triggers {"metadata":{"emulator":{"name":"functions"},"message":"File C:\\Users\\adm\\Documents\\workspace_igor\\eck_v3\\ECK\\functions\\lib\\shared\\email-template-html.js changed, reloading triggers"}}
[debug] [2026-09-17T16:37:45.202Z] File C:\Users\adm\Documents\workspace_igor\eck_v3\ECK\functions\lib\report-release-notify.js.map changed, reloading triggers {"metadata":{"emulator":{"name":"functions"},"message":"File C:\\Users\\adm\\Documents\\workspace_igor\\eck_v3\\ECK\\functions\\lib\\report-release-notify.js.map changed, reloading triggers"}}
[debug] [2026-09-17T16:37:45.204Z] File C:\Users\adm\Documents\workspace_igor\eck_v3\ECK\functions\lib\report-release-notify.js changed, reloading triggers {"metadata":{"emulator":{"name":"functions"},"message":"File C:\\Users\\adm\\Documents\\workspace_igor\\eck_v3\\ECK\\functions\\lib\\report-release-notify.js changed, reloading triggers"}}
[debug] [2026-09-17T16:37:45.369Z] File C:\Users\adm\Documents\workspace_igor\eck_v3\ECK\functions\lib\index.js.map changed, reloading triggers {"metadata":{"emulator":{"name":"functions"},"message":"File C:\\Users\\adm\\Documents\\workspace_igor\\eck_v3\\ECK\\functions\\lib\\index.js.map changed, reloading triggers"}}
[debug] [2026-09-17T16:37:45.372Z] File C:\Users\adm\Documents\workspace_igor\eck_v3\ECK\functions\lib\index.js changed, reloading triggers {"metadata":{"emulator":{"name":"functions"},"message":"File C:\\Users\\adm\\Documents\\workspace_igor\\eck_v3\\ECK\\functions\\lib\\index.js changed, reloading triggers"}}
[debug] [2026-09-17T16:37:45.384Z] File C:\Users\adm\Documents\workspace_igor\eck_v3\ECK\functions\lib\docx-export\element-capture.js.map changed, reloading triggers {"metadata":{"emulator":{"name":"functions"},"message":"File C:\\Users\\adm\\Documents\\workspace_igor\\eck_v3\\ECK\\functions\\lib\\docx-export\\element-capture.js.map changed, reloading triggers"}}
[debug] [2026-09-17T16:37:45.395Z] File C:\Users\adm\Documents\workspace_igor\eck_v3\ECK\functions\lib\docx-export\element-capture.js changed, reloading triggers {"metadata":{"emulator":{"name":"functions"},"message":"File C:\\Users\\adm\\Documents\\workspace_igor\\eck_v3\\ECK\\functions\\lib\\docx-export\\element-capture.js changed, reloading triggers"}}
[debug] [2026-09-17T16:37:45.406Z] File C:\Users\adm\Documents\workspace_igor\eck_v3\ECK\functions\lib\docx-export\html-content-extractor.js.map changed, reloading triggers {"metadata":{"emulator":{"name":"functions"},"message":"File C:\\Users\\adm\\Documents\\workspace_igor\\eck_v3\\ECK\\functions\\lib\\docx-export\\html-content-extractor.js.map changed, reloading triggers"}}
[debug] [2026-09-17T16:37:45.410Z] File C:\Users\adm\Documents\workspace_igor\eck_v3\ECK\functions\lib\docx-export\html-content-extractor.js changed, reloading triggers {"metadata":{"emulator":{"name":"functions"},"message":"File C:\\Users\\adm\\Documents\\workspace_igor\\eck_v3\\ECK\\functions\\lib\\docx-export\\html-content-extractor.js changed, reloading triggers"}}
[debug] [2026-09-17T16:37:45.435Z] File C:\Users\adm\Documents\workspace_igor\eck_v3\ECK\functions\lib\docx-export\pdf-analyzer.js.map changed, reloading triggers {"metadata":{"emulator":{"name":"functions"},"message":"File C:\\Users\\adm\\Documents\\workspace_igor\\eck_v3\\ECK\\functions\\lib\\docx-export\\pdf-analyzer.js.map changed, reloading triggers"}}
[debug] [2026-09-17T16:37:45.435Z] File C:\Users\adm\Documents\workspace_igor\eck_v3\ECK\functions\lib\docx-export\pdf-analyzer.js changed, reloading triggers {"metadata":{"emulator":{"name":"functions"},"message":"File C:\\Users\\adm\\Documents\\workspace_igor\\eck_v3\\ECK\\functions\\lib\\docx-export\\pdf-analyzer.js changed, reloading triggers"}}
[debug] [2026-09-17T16:37:46.467Z] Validating nodejs source
[warn] !  functions: package.json indicates an outdated version of firebase-functions. Please upgrade using npm install --save firebase-functions@latest in your functions directory. 
[warn] !  functions: Please note that there will be breaking changes when you upgrade. 
[debug] [2026-09-17T16:37:48.065Z] > [functions] package.json contents: {
  "name": "functions",
  "scripts": {
    "build": "tsc && node scripts/generate-functions-yaml.js",
    "build:watch": "tsc --watch",
    "serve": "npm run build && firebase emulators:start --only functions",
    "serve:full": "npm run build && firebase emulators:start --only functions,firestore",
    "shell": "npm run build && firebase functions:shell",
    "start": "npm run shell",
    "deploy": "firebase deploy --only functions",
    "logs": "firebase functions:log"
  },
  "engines": {
    "node": "20"
  },
  "main": "lib/index.js",
  "dependencies": {
    "@google-cloud/storage": "^7.15.1",
    "@napi-rs/canvas": "^0.1.67",
    "@sparticuz/chromium": "^147.0.0",
    "cors": "^2.8.5",
    "docx": "^9.5.1",
    "firebase-admin": "^13.1.0",
    "firebase-functions": "^6.3.1",
    "image-size": "^1.2.0",
    "node-html-parser": "^9.0.1",
    "nodemailer": "^6.9.7",
    "pdfjs-dist": "^4.10.38",
    "pdfmake": "^0.3.3",
    "puppeteer-core": "^24.42.0"
  },
  "devDependencies": {
    "@types/express": "^5.0.3",
    "@types/node": "^22.13.1",
    "@types/nodemailer": "^6.4.19",
    "firebase-functions-test": "^3.1.0",
    "typescript": "^5.7.3"
  },
  "private": true
}
[debug] [2026-09-17T16:37:48.065Z] Building nodejs source
[debug] [2026-09-17T16:37:48.065Z] Failed to find version of module node: reached end of search path C:\Users\adm\Documents\workspace_igor\eck_v3\ECK\functions\node_modules
[info] +  functions: Using node@20 from host. 
[info] i  functions: Loaded environment variables from .env. 
[debug] [2026-09-17T16:37:48.075Z] Found functions.yaml. Got spec: {
  "endpoints": {
    "createReportDocxExport": {
      "availableMemoryMb": 512,
      "timeoutSeconds": 60,
      "minInstances": null,
      "maxInstances": null,
      "ingressSettings": null,
      "concurrency": null,
      "serviceAccountEmail": null,
      "vpc": null,
      "platform": "gcfv2",
      "region": [
        "us-central1"
      ],
      "labels": {},
      "httpsTrigger": {},
      "entryPoint": "createReportDocxExport"
    },
    "downloadReportDocxExport": {
      "availableMemoryMb": 512,
      "timeoutSeconds": 120,
      "minInstances": null,
      "maxInstances": null,
      "ingressSettings": null,
      "concurrency": null,
      "serviceAccountEmail": null,
      "vpc": null,
      "platform": "gcfv2",
      "region": [
        "us-central1"
      ],
      "labels": {},
      "httpsTrigger": {},
      "entryPoint": "downloadReportDocxExport"
    },
    "getReportDocxExportStatus": {
      "availableMemoryMb": 256,
      "timeoutSeconds": 30,
      "minInstances": null,
      "maxInstances": null,
      "ingressSettings": null,
      "concurrency": null,
      "serviceAccountEmail": null,
      "vpc": null,
      "platform": "gcfv2",
      "region": [
        "us-central1"
      ],
      "labels": {},
      "httpsTrigger": {},
      "entryPoint": "getReportDocxExportStatus"
    },
    "processReportDocxExportHttp": {
      "availableMemoryMb": 4096,
      "timeoutSeconds": 540,
      "minInstances": null,
      "maxInstances": null,
      "ingressSettings": null,
      "concurrency": null,
      "serviceAccountEmail": null,
      "vpc": null,
      "platform": "gcfv2",
      "region": [
        "us-central1"
      ],
      "labels": {},
      "httpsTrigger": {},
      "entryPoint": "processReportDocxExportHttp"
    },
    "processReportDocxExportJob": {
      "availableMemoryMb": 4096,
      "timeoutSeconds": 540,
      "minInstances": null,
      "maxInstances": null,
      "ingressSettings": null,
      "concurrency": null,
      "serviceAccountEmail": null,
      "vpc": null,
      "platform": "gcfv2",
      "region": [
        "us-central1"
      ],
      "labels": {},
      "eventTrigger": {
        "eventType": "google.cloud.firestore.document.v1.created",
        "eventFilters": {
          "database": "(default)",
          "namespace": "(default)"
        },
        "eventFilterPathPatterns": {
          "document": "docxExportJobs/{jobId}"
        },
        "retry": false
      },
      "entryPoint": "processReportDocxExportJob"
    },
    "notifyReportReleased": {
      "availableMemoryMb": null,
      "timeoutSeconds": null,
      "minInstances": null,
      "maxInstances": null,
      "ingressSettings": null,
      "concurrency": null,
      "serviceAccountEmail": null,
      "vpc": null,
      "platform": "gcfv2",
      "region": [
        "us-central1"
      ],
      "labels": {},
      "httpsTrigger": {},
      "entryPoint": "notifyReportReleased"
    },
    "sendBrandedPasswordResetEmail": {
      "availableMemoryMb": null,
      "timeoutSeconds": null,
      "minInstances": null,
      "maxInstances": null,
      "ingressSettings": null,
      "concurrency": null,
      "serviceAccountEmail": null,
      "vpc": null,
      "platform": "gcfv2",
      "region": [
        "us-central1"
      ],
      "labels": {},
      "callableTrigger": {},
      "entryPoint": "sendBrandedPasswordResetEmail"
    },
    "generateReportPdf": {
      "availableMemoryMb": 4096,
      "timeoutSeconds": 540,
      "minInstances": null,
      "maxInstances": null,
      "ingressSettings": null,
      "concurrency": null,
      "serviceAccountEmail": null,
      "vpc": null,
      "platform": "gcfv2",
      "region": [
        "us-central1"
      ],
      "labels": {},
      "httpsTrigger": {},
      "entryPoint": "generateReportPdf"
    },
    "sendEmail": {
      "availableMemoryMb": null,
      "timeoutSeconds": null,
      "minInstances": null,
      "maxInstances": null,
      "ingressSettings": null,
      "concurrency": null,
      "serviceAccountEmail": null,
      "vpc": null,
      "platform": "gcfv2",
      "region": [
        "us-central1"
      ],
      "labels": {},
      "httpsTrigger": {},
      "entryPoint": "sendEmail"
    },
    "sendPendingAssessmentReminders": {
      "availableMemoryMb": 1024,
      "timeoutSeconds": 540,
      "minInstances": null,
      "maxInstances": null,
      "ingressSettings": null,
      "concurrency": null,
      "serviceAccountEmail": null,
      "vpc": null,
      "platform": "gcfv2",
      "region": [
        "us-central1"
      ],
      "labels": {},
      "scheduleTrigger": {
        "schedule": "every 15 minutes",
        "retryConfig": {},
        "timeZone": "Etc/UTC"
      },
      "entryPoint": "sendPendingAssessmentReminders"
    },
    "triggerPendingAssessmentReminders": {
      "availableMemoryMb": 1024,
      "timeoutSeconds": 540,
      "minInstances": null,
      "maxInstances": null,
      "ingressSettings": null,
      "concurrency": null,
      "serviceAccountEmail": null,
      "vpc": null,
      "platform": "gcfv2",
      "region": [
        "us-central1"
      ],
      "labels": {},
      "httpsTrigger": {},
      "entryPoint": "triggerPendingAssessmentReminders"
    },
    "onAssessmentCompleted": {
      "availableMemoryMb": null,
      "timeoutSeconds": null,
      "minInstances": null,
      "maxInstances": null,
      "ingressSettings": null,
      "concurrency": null,
      "serviceAccountEmail": null,
      "vpc": null,
      "platform": "gcfv2",
      "region": [
        "us-central1"
      ],
      "labels": {},
      "eventTrigger": {
        "eventType": "google.cloud.firestore.document.v1.updated",
        "eventFilters": {
          "database": "(default)",
          "namespace": "(default)"
        },
        "eventFilterPathPatterns": {
          "document": "assessmentLinks/{linkId}"
        },
        "retry": false
      },
      "entryPoint": "onAssessmentCompleted"
    },
    "setUserPasswordByMaster": {
      "availableMemoryMb": null,
      "timeoutSeconds": null,
      "minInstances": null,
      "maxInstances": null,
      "ingressSettings": null,
      "concurrency": null,
      "serviceAccountEmail": null,
      "vpc": null,
      "platform": "gcfv2",
      "region": [
        "us-central1"
      ],
      "labels": {},
      "callableTrigger": {},
      "entryPoint": "setUserPasswordByMaster"
    },
    "safeDelete": {
      "availableMemoryMb": null,
      "timeoutSeconds": null,
      "minInstances": null,
      "maxInstances": null,
      "ingressSettings": null,
      "concurrency": null,
      "serviceAccountEmail": null,
      "vpc": null,
      "platform": "gcfv2",
      "region": [
        "us-central1"
      ],
      "labels": {},
      "callableTrigger": {},
      "entryPoint": "safeDelete"
    },
    "onProjectDeleted": {
      "availableMemoryMb": null,
      "timeoutSeconds": null,
      "minInstances": null,
      "maxInstances": null,
      "ingressSettings": null,
      "concurrency": null,
      "serviceAccountEmail": null,
      "vpc": null,
      "platform": "gcfv2",
      "region": [
        "us-central1"
      ],
      "labels": {},
      "eventTrigger": {
        "eventType": "google.cloud.firestore.document.v1.deleted",
        "eventFilters": {
          "database": "(default)",
          "namespace": "(default)"
        },
        "eventFilterPathPatterns": {
          "document": "projects/{projectId}"
        },
        "retry": false
      },
      "entryPoint": "onProjectDeleted"
    },
    "onClientDeleted": {
      "availableMemoryMb": null,
      "timeoutSeconds": null,
      "minInstances": null,
      "maxInstances": null,
      "ingressSettings": null,
      "concurrency": null,
      "serviceAccountEmail": null,
      "vpc": null,
      "platform": "gcfv2",
      "region": [
        "us-central1"
      ],
      "labels": {},
      "eventTrigger": {
        "eventType": "google.cloud.firestore.document.v1.deleted",
        "eventFilters": {
          "database": "(default)",
          "namespace": "(default)"
        },
        "eventFilterPathPatterns": {
          "document": "clients/{clientId}"
        },
        "retry": false
      },
      "entryPoint": "onClientDeleted"
    },
    "onParticipantDeleted": {
      "availableMemoryMb": null,
      "timeoutSeconds": null,
      "minInstances": null,
      "maxInstances": null,
      "ingressSettings": null,
      "concurrency": null,
      "serviceAccountEmail": null,
      "vpc": null,
      "platform": "gcfv2",
      "region": [
        "us-central1"
      ],
      "labels": {},
      "eventTrigger": {
        "eventType": "google.cloud.firestore.document.v1.deleted",
        "eventFilters": {
          "database": "(default)",
          "namespace": "(default)"
        },
        "eventFilterPathPatterns": {
          "document": "participants/{participantId}"
        },
        "retry": false
      },
      "entryPoint": "onParticipantDeleted"
    }
  },
  "specVersion": "v1alpha1",
  "requiredAPIs": [
    {
      "api": "cloudscheduler.googleapis.com",
      "reason": "Needed for scheduled functions."
    }
  ],
  "extensions": {},
  "params": [
    {
      "name": "EMAIL_USER",
      "type": "string",
      "default": ""
    },
    {
      "name": "EMAIL_PASS",
      "type": "string",
      "default": ""
    }
  ]
}

[info] +  functions: Loaded functions definitions from source: createReportDocxExport, downloadReportDocxExport, getReportDocxExportStatus, processReportDocxExportHttp, processReportDocxExportJob, notifyReportReleased, sendBrandedPasswordResetEmail, generateReportPdf, sendEmail, sendPendingAssessmentReminders, triggerPendingAssessmentReminders, onAssessmentCompleted, setUserPasswordByMaster, safeDelete, onProjectDeleted, onClientDeleted, onParticipantDeleted. {"metadata":{"emulator":{"name":"functions"},"message":"Loaded functions definitions from source: createReportDocxExport, downloadReportDocxExport, getReportDocxExportStatus, processReportDocxExportHttp, processReportDocxExportJob, notifyReportReleased, sendBrandedPasswordResetEmail, generateReportPdf, sendEmail, sendPendingAssessmentReminders, triggerPendingAssessmentReminders, onAssessmentCompleted, setUserPasswordByMaster, safeDelete, onProjectDeleted, onClientDeleted, onParticipantDeleted."}}
[debug] [2026-09-17T16:37:48.086Z] [worker-pool] Shutting down IDLE worker (us-central1-sendBrandedPasswordResetEmail) {"metadata":{"emulator":{"name":"functions"},"message":"[worker-pool] Shutting down IDLE worker (us-central1-sendBrandedPasswordResetEmail)"}}
[debug] [2026-09-17T16:37:48.086Z] [worker-us-central1-sendBrandedPasswordResetEmail-946878b3-0da5-4d94-8b6a-cf677c87cddd]: FINISHING {"metadata":{"emulator":{"name":"functions"},"function":{"name":"us-central1-sendBrandedPasswordResetEmail"},"extension":{},"message":"[worker-us-central1-sendBrandedPasswordResetEmail-946878b3-0da5-4d94-8b6a-cf677c87cddd]: FINISHING"}}
[debug] [2026-09-17T16:37:48.097Z] [worker-us-central1-sendBrandedPasswordResetEmail-946878b3-0da5-4d94-8b6a-cf677c87cddd]: exited {"metadata":{"emulator":{"name":"functions"},"function":{"name":"us-central1-sendBrandedPasswordResetEmail"},"extension":{},"message":"[worker-us-central1-sendBrandedPasswordResetEmail-946878b3-0da5-4d94-8b6a-cf677c87cddd]: exited"}}
[debug] [2026-09-17T16:37:48.098Z] [worker-us-central1-sendBrandedPasswordResetEmail-946878b3-0da5-4d94-8b6a-cf677c87cddd]: FINISHED {"metadata":{"emulator":{"name":"functions"},"function":{"name":"us-central1-sendBrandedPasswordResetEmail"},"extension":{},"message":"[worker-us-central1-sendBrandedPasswordResetEmail-946878b3-0da5-4d94-8b6a-cf677c87cddd]: FINISHED"}}
[debug] [2026-09-17T16:38:00.295Z] File C:\Users\adm\Documents\workspace_igor\eck_v3\ECK\functions\functions.yaml changed, reloading triggers {"metadata":{"emulator":{"name":"functions"},"message":"File C:\\Users\\adm\\Documents\\workspace_igor\\eck_v3\\ECK\\functions\\functions.yaml changed, reloading triggers"}}
[debug] [2026-09-17T16:38:01.296Z] Validating nodejs source
[warn] !  functions: package.json indicates an outdated version of firebase-functions. Please upgrade using npm install --save firebase-functions@latest in your functions directory. 
[warn] !  functions: Please note that there will be breaking changes when you upgrade. 
[debug] [2026-09-17T16:38:02.687Z] > [functions] package.json contents: {
  "name": "functions",
  "scripts": {
    "build": "tsc && node scripts/generate-functions-yaml.js",
    "build:watch": "tsc --watch",
    "serve": "npm run build && firebase emulators:start --only functions",
    "serve:full": "npm run build && firebase emulators:start --only functions,firestore",
    "shell": "npm run build && firebase functions:shell",
    "start": "npm run shell",
    "deploy": "firebase deploy --only functions",
    "logs": "firebase functions:log"
  },
  "engines": {
    "node": "20"
  },
  "main": "lib/index.js",
  "dependencies": {
    "@google-cloud/storage": "^7.15.1",
    "@napi-rs/canvas": "^0.1.67",
    "@sparticuz/chromium": "^147.0.0",
    "cors": "^2.8.5",
    "docx": "^9.5.1",
    "firebase-admin": "^13.1.0",
    "firebase-functions": "^6.3.1",
    "image-size": "^1.2.0",
    "node-html-parser": "^9.0.1",
    "nodemailer": "^6.9.7",
    "pdfjs-dist": "^4.10.38",
    "pdfmake": "^0.3.3",
    "puppeteer-core": "^24.42.0"
  },
  "devDependencies": {
    "@types/express": "^5.0.3",
    "@types/node": "^22.13.1",
    "@types/nodemailer": "^6.4.19",
    "firebase-functions-test": "^3.1.0",
    "typescript": "^5.7.3"
  },
  "private": true
}
[debug] [2026-09-17T16:38:02.688Z] Building nodejs source
[debug] [2026-09-17T16:38:02.688Z] Failed to find version of module node: reached end of search path C:\Users\adm\Documents\workspace_igor\eck_v3\ECK\functions\node_modules
[info] +  functions: Using node@20 from host. 
[info] i  functions: Loaded environment variables from .env. 
[debug] [2026-09-17T16:38:02.693Z] Found functions.yaml. Got spec: {
  "endpoints": {
    "createReportDocxExport": {
      "availableMemoryMb": 512,
      "timeoutSeconds": 60,
      "minInstances": null,
      "maxInstances": null,
      "ingressSettings": null,
      "concurrency": null,
      "serviceAccountEmail": null,
      "vpc": null,
      "platform": "gcfv2",
      "region": [
        "us-central1"
      ],
      "labels": {},
      "httpsTrigger": {},
      "entryPoint": "createReportDocxExport"
    },
    "downloadReportDocxExport": {
      "availableMemoryMb": 512,
      "timeoutSeconds": 120,
      "minInstances": null,
      "maxInstances": null,
      "ingressSettings": null,
      "concurrency": null,
      "serviceAccountEmail": null,
      "vpc": null,
      "platform": "gcfv2",
      "region": [
        "us-central1"
      ],
      "labels": {},
      "httpsTrigger": {},
      "entryPoint": "downloadReportDocxExport"
    },
    "getReportDocxExportStatus": {
      "availableMemoryMb": 256,
      "timeoutSeconds": 30,
      "minInstances": null,
      "maxInstances": null,
      "ingressSettings": null,
      "concurrency": null,
      "serviceAccountEmail": null,
      "vpc": null,
      "platform": "gcfv2",
      "region": [
        "us-central1"
      ],
      "labels": {},
      "httpsTrigger": {},
      "entryPoint": "getReportDocxExportStatus"
    },
    "processReportDocxExportHttp": {
      "availableMemoryMb": 4096,
      "timeoutSeconds": 540,
      "minInstances": null,
      "maxInstances": null,
      "ingressSettings": null,
      "concurrency": null,
      "serviceAccountEmail": null,
      "vpc": null,
      "platform": "gcfv2",
      "region": [
        "us-central1"
      ],
      "labels": {},
      "httpsTrigger": {},
      "entryPoint": "processReportDocxExportHttp"
    },
    "processReportDocxExportJob": {
      "availableMemoryMb": 4096,
      "timeoutSeconds": 540,
      "minInstances": null,
      "maxInstances": null,
      "ingressSettings": null,
      "concurrency": null,
      "serviceAccountEmail": null,
      "vpc": null,
      "platform": "gcfv2",
      "region": [
        "us-central1"
      ],
      "labels": {},
      "eventTrigger": {
        "eventType": "google.cloud.firestore.document.v1.created",
        "eventFilters": {
          "database": "(default)",
          "namespace": "(default)"
        },
        "eventFilterPathPatterns": {
          "document": "docxExportJobs/{jobId}"
        },
        "retry": false
      },
      "entryPoint": "processReportDocxExportJob"
    },
    "notifyReportReleased": {
      "availableMemoryMb": null,
      "timeoutSeconds": null,
      "minInstances": null,
      "maxInstances": null,
      "ingressSettings": null,
      "concurrency": null,
      "serviceAccountEmail": null,
      "vpc": null,
      "platform": "gcfv2",
      "region": [
        "us-central1"
      ],
      "labels": {},
      "httpsTrigger": {},
      "entryPoint": "notifyReportReleased"
    },
    "sendBrandedPasswordResetEmail": {
      "availableMemoryMb": null,
      "timeoutSeconds": null,
      "minInstances": null,
      "maxInstances": null,
      "ingressSettings": null,
      "concurrency": null,
      "serviceAccountEmail": null,
      "vpc": null,
      "platform": "gcfv2",
      "region": [
        "us-central1"
      ],
      "labels": {},
      "callableTrigger": {},
      "entryPoint": "sendBrandedPasswordResetEmail"
    },
    "generateReportPdf": {
      "availableMemoryMb": 4096,
      "timeoutSeconds": 540,
      "minInstances": null,
      "maxInstances": null,
      "ingressSettings": null,
      "concurrency": null,
      "serviceAccountEmail": null,
      "vpc": null,
      "platform": "gcfv2",
      "region": [
        "us-central1"
      ],
      "labels": {},
      "httpsTrigger": {},
      "entryPoint": "generateReportPdf"
    },
    "sendEmail": {
      "availableMemoryMb": null,
      "timeoutSeconds": null,
      "minInstances": null,
      "maxInstances": null,
      "ingressSettings": null,
      "concurrency": null,
      "serviceAccountEmail": null,
      "vpc": null,
      "platform": "gcfv2",
      "region": [
        "us-central1"
      ],
      "labels": {},
      "httpsTrigger": {},
      "entryPoint": "sendEmail"
    },
    "sendPendingAssessmentReminders": {
      "availableMemoryMb": 1024,
      "timeoutSeconds": 540,
      "minInstances": null,
      "maxInstances": null,
      "ingressSettings": null,
      "concurrency": null,
      "serviceAccountEmail": null,
      "vpc": null,
      "platform": "gcfv2",
      "region": [
        "us-central1"
      ],
      "labels": {},
      "scheduleTrigger": {
        "schedule": "every 15 minutes",
        "retryConfig": {},
        "timeZone": "Etc/UTC"
      },
      "entryPoint": "sendPendingAssessmentReminders"
    },
    "triggerPendingAssessmentReminders": {
      "availableMemoryMb": 1024,
      "timeoutSeconds": 540,
      "minInstances": null,
      "maxInstances": null,
      "ingressSettings": null,
      "concurrency": null,
      "serviceAccountEmail": null,
      "vpc": null,
      "platform": "gcfv2",
      "region": [
        "us-central1"
      ],
      "labels": {},
      "httpsTrigger": {},
      "entryPoint": "triggerPendingAssessmentReminders"
    },
    "onAssessmentCompleted": {
      "availableMemoryMb": null,
      "timeoutSeconds": null,
      "minInstances": null,
      "maxInstances": null,
      "ingressSettings": null,
      "concurrency": null,
      "serviceAccountEmail": null,
      "vpc": null,
      "platform": "gcfv2",
      "region": [
        "us-central1"
      ],
      "labels": {},
      "eventTrigger": {
        "eventType": "google.cloud.firestore.document.v1.updated",
        "eventFilters": {
          "database": "(default)",
          "namespace": "(default)"
        },
        "eventFilterPathPatterns": {
          "document": "assessmentLinks/{linkId}"
        },
        "retry": false
      },
      "entryPoint": "onAssessmentCompleted"
    },
    "setUserPasswordByMaster": {
      "availableMemoryMb": null,
      "timeoutSeconds": null,
      "minInstances": null,
      "maxInstances": null,
      "ingressSettings": null,
      "concurrency": null,
      "serviceAccountEmail": null,
      "vpc": null,
      "platform": "gcfv2",
      "region": [
        "us-central1"
      ],
      "labels": {},
      "callableTrigger": {},
      "entryPoint": "setUserPasswordByMaster"
    },
    "safeDelete": {
      "availableMemoryMb": null,
      "timeoutSeconds": null,
      "minInstances": null,
      "maxInstances": null,
      "ingressSettings": null,
      "concurrency": null,
      "serviceAccountEmail": null,
      "vpc": null,
      "platform": "gcfv2",
      "region": [
        "us-central1"
      ],
      "labels": {},
      "callableTrigger": {},
      "entryPoint": "safeDelete"
    },
    "onProjectDeleted": {
      "availableMemoryMb": null,
      "timeoutSeconds": null,
      "minInstances": null,
      "maxInstances": null,
      "ingressSettings": null,
      "concurrency": null,
      "serviceAccountEmail": null,
      "vpc": null,
      "platform": "gcfv2",
      "region": [
        "us-central1"
      ],
      "labels": {},
      "eventTrigger": {
        "eventType": "google.cloud.firestore.document.v1.deleted",
        "eventFilters": {
          "database": "(default)",
          "namespace": "(default)"
        },
        "eventFilterPathPatterns": {
          "document": "projects/{projectId}"
        },
        "retry": false
      },
      "entryPoint": "onProjectDeleted"
    },
    "onClientDeleted": {
      "availableMemoryMb": null,
      "timeoutSeconds": null,
      "minInstances": null,
      "maxInstances": null,
      "ingressSettings": null,
      "concurrency": null,
      "serviceAccountEmail": null,
      "vpc": null,
      "platform": "gcfv2",
      "region": [
        "us-central1"
      ],
      "labels": {},
      "eventTrigger": {
        "eventType": "google.cloud.firestore.document.v1.deleted",
        "eventFilters": {
          "database": "(default)",
          "namespace": "(default)"
        },
        "eventFilterPathPatterns": {
          "document": "clients/{clientId}"
        },
        "retry": false
      },
      "entryPoint": "onClientDeleted"
    },
    "onParticipantDeleted": {
      "availableMemoryMb": null,
      "timeoutSeconds": null,
      "minInstances": null,
      "maxInstances": null,
      "ingressSettings": null,
      "concurrency": null,
      "serviceAccountEmail": null,
      "vpc": null,
      "platform": "gcfv2",
      "region": [
        "us-central1"
      ],
      "labels": {},
      "eventTrigger": {
        "eventType": "google.cloud.firestore.document.v1.deleted",
        "eventFilters": {
          "database": "(default)",
          "namespace": "(default)"
        },
        "eventFilterPathPatterns": {
          "document": "participants/{participantId}"
        },
        "retry": false
      },
      "entryPoint": "onParticipantDeleted"
    }
  },
  "specVersion": "v1alpha1",
  "requiredAPIs": [
    {
      "api": "cloudscheduler.googleapis.com",
      "reason": "Needed for scheduled functions."
    }
  ],
  "extensions": {},
  "params": [
    {
      "name": "EMAIL_USER",
      "type": "string",
      "default": ""
    },
    {
      "name": "EMAIL_PASS",
      "type": "string",
      "default": ""
    }
  ]
}

[info] +  functions: Loaded functions definitions from source: createReportDocxExport, downloadReportDocxExport, getReportDocxExportStatus, processReportDocxExportHttp, processReportDocxExportJob, notifyReportReleased, sendBrandedPasswordResetEmail, generateReportPdf, sendEmail, sendPendingAssessmentReminders, triggerPendingAssessmentReminders, onAssessmentCompleted, setUserPasswordByMaster, safeDelete, onProjectDeleted, onClientDeleted, onParticipantDeleted. {"metadata":{"emulator":{"name":"functions"},"message":"Loaded functions definitions from source: createReportDocxExport, downloadReportDocxExport, getReportDocxExportStatus, processReportDocxExportHttp, processReportDocxExportJob, notifyReportReleased, sendBrandedPasswordResetEmail, generateReportPdf, sendEmail, sendPendingAssessmentReminders, triggerPendingAssessmentReminders, onAssessmentCompleted, setUserPasswordByMaster, safeDelete, onProjectDeleted, onClientDeleted, onParticipantDeleted."}}
[debug] [2026-09-17T16:38:06.203Z] ----------------------------------------------------------------------
[debug] [2026-09-17T16:38:06.206Z] Command:       C:\nvm4w\nodejs\node.exe C:\nvm4w\nodejs\node_modules\firebase-tools\lib\bin\firebase.js emulators:start --only functions
[debug] [2026-09-17T16:38:06.206Z] CLI Version:   14.1.0
[debug] [2026-09-17T16:38:06.206Z] Platform:      win32
[debug] [2026-09-17T16:38:06.206Z] Node Version:  v20.19.0
[debug] [2026-09-17T16:38:06.207Z] Time:          Thu Sep 17 2026 13:38:06 GMT-0300 (Horário Padrão de Brasília)
[debug] [2026-09-17T16:38:06.207Z] ----------------------------------------------------------------------
[debug] 
[debug] [2026-09-17T16:38:06.481Z] > command requires scopes: ["email","openid","https://www.googleapis.com/auth/cloudplatformprojects.readonly","https://www.googleapis.com/auth/firebase","https://www.googleapis.com/auth/cloud-platform"]
[debug] [2026-09-17T16:38:06.481Z] > authorizing via signed-in user (igorhlucenaa@gmail.com)
[info] i  emulators: Starting emulators: functions {"metadata":{"emulator":{"name":"hub"},"message":"Starting emulators: functions"}}
[warn] !  ui: Port 4000 is not open on localhost (127.0.0.1,::1), could not start Emulator UI. {"metadata":{"emulator":{"name":"ui"},"message":"Port 4000 is not open on localhost (127.0.0.1,::1), could not start Emulator UI."}}
[warn] !  ui: To select a different host/port, specify that host/port in a firebase.json config file:
      {
        // ...
        "emulators": {
          "ui": {
            "host": "HOST",
            "port": "PORT"
          }
        }
      } {"metadata":{"emulator":{"name":"ui"},"message":"To select a different host/port, specify that host/port in a firebase.json config file:\n      {\n        // ...\n        \"emulators\": {\n          \"ui\": {\n            \"host\": \"HOST\",\n            \"port\": \"PORT\"\n          }\n        }\n      }"}}
[warn] !  hub: emulator hub unable to start on port 4400, starting on 4401 instead. {"metadata":{"emulator":{"name":"hub"},"message":"emulator hub unable to start on port 4400, starting on 4401 instead."}}
[warn] !  logging: Logging Emulator unable to start on port 4500, starting on 4501 instead. {"metadata":{"emulator":{"name":"logging"},"message":"Logging Emulator unable to start on port 4500, starting on 4501 instead."}}
[debug] [2026-09-17T16:38:06.494Z] [logging] Logging Emulator only supports listening on one address (127.0.0.1). Not listening on ::1
[debug] [2026-09-17T16:38:06.509Z] Could not find VSCode notification endpoint: FetchError: request to http://localhost:40001/vscode/notify failed, reason: . If you are not running the Firebase Data Connect VSCode extension, this is expected and not an issue.
[info] i  emulators: Shutting down emulators. {"metadata":{"emulator":{"name":"hub"},"message":"Shutting down emulators."}}
[debug] [2026-09-17T16:38:06.512Z] Could not find VSCode notification endpoint: FetchError: request to http://localhost:40001/vscode/notify failed, reason: . If you are not running the Firebase Data Connect VSCode extension, this is expected and not an issue.
[error] 
[error] Error: Could not start Emulator UI, port taken.
[debug] [2026-09-17T16:38:59.975Z] File C:\Users\adm\Documents\workspace_igor\eck_v3\ECK\functions\lib\shared\firebase-admin.js.map changed, reloading triggers {"metadata":{"emulator":{"name":"functions"},"message":"File C:\\Users\\adm\\Documents\\workspace_igor\\eck_v3\\ECK\\functions\\lib\\shared\\firebase-admin.js.map changed, reloading triggers"}}
[debug] [2026-09-17T16:38:59.975Z] File C:\Users\adm\Documents\workspace_igor\eck_v3\ECK\functions\lib\shared\firebase-admin.js changed, reloading triggers {"metadata":{"emulator":{"name":"functions"},"message":"File C:\\Users\\adm\\Documents\\workspace_igor\\eck_v3\\ECK\\functions\\lib\\shared\\firebase-admin.js changed, reloading triggers"}}
[debug] [2026-09-17T16:39:00.039Z] File C:\Users\adm\Documents\workspace_igor\eck_v3\ECK\functions\lib\branded-password-reset-email.js.map changed, reloading triggers {"metadata":{"emulator":{"name":"functions"},"message":"File C:\\Users\\adm\\Documents\\workspace_igor\\eck_v3\\ECK\\functions\\lib\\branded-password-reset-email.js.map changed, reloading triggers"}}
[debug] [2026-09-17T16:39:00.044Z] File C:\Users\adm\Documents\workspace_igor\eck_v3\ECK\functions\lib\branded-password-reset-email.js changed, reloading triggers {"metadata":{"emulator":{"name":"functions"},"message":"File C:\\Users\\adm\\Documents\\workspace_igor\\eck_v3\\ECK\\functions\\lib\\branded-password-reset-email.js changed, reloading triggers"}}
[debug] [2026-09-17T16:39:00.097Z] File C:\Users\adm\Documents\workspace_igor\eck_v3\ECK\functions\lib\shared\puppeteer-browser.js.map changed, reloading triggers {"metadata":{"emulator":{"name":"functions"},"message":"File C:\\Users\\adm\\Documents\\workspace_igor\\eck_v3\\ECK\\functions\\lib\\shared\\puppeteer-browser.js.map changed, reloading triggers"}}
[debug] [2026-09-17T16:39:00.098Z] File C:\Users\adm\Documents\workspace_igor\eck_v3\ECK\functions\lib\shared\puppeteer-browser.js changed, reloading triggers {"metadata":{"emulator":{"name":"functions"},"message":"File C:\\Users\\adm\\Documents\\workspace_igor\\eck_v3\\ECK\\functions\\lib\\shared\\puppeteer-browser.js changed, reloading triggers"}}
[debug] [2026-09-17T16:39:00.153Z] File C:\Users\adm\Documents\workspace_igor\eck_v3\ECK\functions\lib\shared\pdf-html-renderer.js.map changed, reloading triggers {"metadata":{"emulator":{"name":"functions"},"message":"File C:\\Users\\adm\\Documents\\workspace_igor\\eck_v3\\ECK\\functions\\lib\\shared\\pdf-html-renderer.js.map changed, reloading triggers"}}
[debug] [2026-09-17T16:39:00.160Z] File C:\Users\adm\Documents\workspace_igor\eck_v3\ECK\functions\lib\shared\pdf-html-renderer.js changed, reloading triggers {"metadata":{"emulator":{"name":"functions"},"message":"File C:\\Users\\adm\\Documents\\workspace_igor\\eck_v3\\ECK\\functions\\lib\\shared\\pdf-html-renderer.js changed, reloading triggers"}}
[debug] [2026-09-17T16:39:00.166Z] File C:\Users\adm\Documents\workspace_igor\eck_v3\ECK\functions\lib\docx-export\types.js.map changed, reloading triggers {"metadata":{"emulator":{"name":"functions"},"message":"File C:\\Users\\adm\\Documents\\workspace_igor\\eck_v3\\ECK\\functions\\lib\\docx-export\\types.js.map changed, reloading triggers"}}
[debug] [2026-09-17T16:39:00.178Z] File C:\Users\adm\Documents\workspace_igor\eck_v3\ECK\functions\lib\docx-export\types.js changed, reloading triggers {"metadata":{"emulator":{"name":"functions"},"message":"File C:\\Users\\adm\\Documents\\workspace_igor\\eck_v3\\ECK\\functions\\lib\\docx-export\\types.js changed, reloading triggers"}}
[debug] [2026-09-17T16:39:00.196Z] File C:\Users\adm\Documents\workspace_igor\eck_v3\ECK\functions\lib\docx-export\dimensions.js.map changed, reloading triggers {"metadata":{"emulator":{"name":"functions"},"message":"File C:\\Users\\adm\\Documents\\workspace_igor\\eck_v3\\ECK\\functions\\lib\\docx-export\\dimensions.js.map changed, reloading triggers"}}
[debug] [2026-09-17T16:39:00.200Z] File C:\Users\adm\Documents\workspace_igor\eck_v3\ECK\functions\lib\docx-export\dimensions.js changed, reloading triggers {"metadata":{"emulator":{"name":"functions"},"message":"File C:\\Users\\adm\\Documents\\workspace_igor\\eck_v3\\ECK\\functions\\lib\\docx-export\\dimensions.js changed, reloading triggers"}}
[debug] [2026-09-17T16:39:00.229Z] File C:\Users\adm\Documents\workspace_igor\eck_v3\ECK\functions\lib\docx-export\errors.js.map changed, reloading triggers {"metadata":{"emulator":{"name":"functions"},"message":"File C:\\Users\\adm\\Documents\\workspace_igor\\eck_v3\\ECK\\functions\\lib\\docx-export\\errors.js.map changed, reloading triggers"}}
[debug] [2026-09-17T16:39:00.229Z] File C:\Users\adm\Documents\workspace_igor\eck_v3\ECK\functions\lib\docx-export\errors.js changed, reloading triggers {"metadata":{"emulator":{"name":"functions"},"message":"File C:\\Users\\adm\\Documents\\workspace_igor\\eck_v3\\ECK\\functions\\lib\\docx-export\\errors.js changed, reloading triggers"}}
[debug] [2026-09-17T16:39:00.291Z] File C:\Users\adm\Documents\workspace_igor\eck_v3\ECK\functions\lib\docx-export\hybrid-render-session.js.map changed, reloading triggers {"metadata":{"emulator":{"name":"functions"},"message":"File C:\\Users\\adm\\Documents\\workspace_igor\\eck_v3\\ECK\\functions\\lib\\docx-export\\hybrid-render-session.js.map changed, reloading triggers"}}
[debug] [2026-09-17T16:39:00.293Z] File C:\Users\adm\Documents\workspace_igor\eck_v3\ECK\functions\lib\docx-export\hybrid-render-session.js changed, reloading triggers {"metadata":{"emulator":{"name":"functions"},"message":"File C:\\Users\\adm\\Documents\\workspace_igor\\eck_v3\\ECK\\functions\\lib\\docx-export\\hybrid-render-session.js changed, reloading triggers"}}
[debug] [2026-09-17T16:39:00.346Z] File C:\Users\adm\Documents\workspace_igor\eck_v3\ECK\functions\lib\docx-export\docx-builder.js.map changed, reloading triggers {"metadata":{"emulator":{"name":"functions"},"message":"File C:\\Users\\adm\\Documents\\workspace_igor\\eck_v3\\ECK\\functions\\lib\\docx-export\\docx-builder.js.map changed, reloading triggers"}}
[debug] [2026-09-17T16:39:00.351Z] File C:\Users\adm\Documents\workspace_igor\eck_v3\ECK\functions\lib\docx-export\docx-builder.js changed, reloading triggers {"metadata":{"emulator":{"name":"functions"},"message":"File C:\\Users\\adm\\Documents\\workspace_igor\\eck_v3\\ECK\\functions\\lib\\docx-export\\docx-builder.js changed, reloading triggers"}}
[debug] [2026-09-17T16:39:00.393Z] File C:\Users\adm\Documents\workspace_igor\eck_v3\ECK\functions\lib\docx-export\hybrid-docx-builder.js.map changed, reloading triggers {"metadata":{"emulator":{"name":"functions"},"message":"File C:\\Users\\adm\\Documents\\workspace_igor\\eck_v3\\ECK\\functions\\lib\\docx-export\\hybrid-docx-builder.js.map changed, reloading triggers"}}
[debug] [2026-09-17T16:39:00.394Z] File C:\Users\adm\Documents\workspace_igor\eck_v3\ECK\functions\lib\docx-export\hybrid-docx-builder.js changed, reloading triggers {"metadata":{"emulator":{"name":"functions"},"message":"File C:\\Users\\adm\\Documents\\workspace_igor\\eck_v3\\ECK\\functions\\lib\\docx-export\\hybrid-docx-builder.js changed, reloading triggers"}}
[debug] [2026-09-17T16:39:00.409Z] File C:\Users\adm\Documents\workspace_igor\eck_v3\ECK\functions\lib\docx-export\docx-validator.js.map changed, reloading triggers {"metadata":{"emulator":{"name":"functions"},"message":"File C:\\Users\\adm\\Documents\\workspace_igor\\eck_v3\\ECK\\functions\\lib\\docx-export\\docx-validator.js.map changed, reloading triggers"}}
[debug] [2026-09-17T16:39:00.418Z] File C:\Users\adm\Documents\workspace_igor\eck_v3\ECK\functions\lib\docx-export\docx-validator.js changed, reloading triggers {"metadata":{"emulator":{"name":"functions"},"message":"File C:\\Users\\adm\\Documents\\workspace_igor\\eck_v3\\ECK\\functions\\lib\\docx-export\\docx-validator.js changed, reloading triggers"}}
[debug] [2026-09-17T16:39:00.429Z] File C:\Users\adm\Documents\workspace_igor\eck_v3\ECK\functions\lib\docx-export\pipeline.js.map changed, reloading triggers {"metadata":{"emulator":{"name":"functions"},"message":"File C:\\Users\\adm\\Documents\\workspace_igor\\eck_v3\\ECK\\functions\\lib\\docx-export\\pipeline.js.map changed, reloading triggers"}}
[debug] [2026-09-17T16:39:00.443Z] File C:\Users\adm\Documents\workspace_igor\eck_v3\ECK\functions\lib\docx-export\pipeline.js changed, reloading triggers {"metadata":{"emulator":{"name":"functions"},"message":"File C:\\Users\\adm\\Documents\\workspace_igor\\eck_v3\\ECK\\functions\\lib\\docx-export\\pipeline.js changed, reloading triggers"}}
[debug] [2026-09-17T16:39:00.454Z] File C:\Users\adm\Documents\workspace_igor\eck_v3\ECK\functions\lib\docx-export\storage.js.map changed, reloading triggers {"metadata":{"emulator":{"name":"functions"},"message":"File C:\\Users\\adm\\Documents\\workspace_igor\\eck_v3\\ECK\\functions\\lib\\docx-export\\storage.js.map changed, reloading triggers"}}
[debug] [2026-09-17T16:39:00.454Z] File C:\Users\adm\Documents\workspace_igor\eck_v3\ECK\functions\lib\docx-export\storage.js changed, reloading triggers {"metadata":{"emulator":{"name":"functions"},"message":"File C:\\Users\\adm\\Documents\\workspace_igor\\eck_v3\\ECK\\functions\\lib\\docx-export\\storage.js changed, reloading triggers"}}
[debug] [2026-09-17T16:39:00.528Z] File C:\Users\adm\Documents\workspace_igor\eck_v3\ECK\functions\lib\docx-export\handlers.js.map changed, reloading triggers {"metadata":{"emulator":{"name":"functions"},"message":"File C:\\Users\\adm\\Documents\\workspace_igor\\eck_v3\\ECK\\functions\\lib\\docx-export\\handlers.js.map changed, reloading triggers"}}
[debug] [2026-09-17T16:39:00.528Z] File C:\Users\adm\Documents\workspace_igor\eck_v3\ECK\functions\lib\docx-export\handlers.js changed, reloading triggers {"metadata":{"emulator":{"name":"functions"},"message":"File C:\\Users\\adm\\Documents\\workspace_igor\\eck_v3\\ECK\\functions\\lib\\docx-export\\handlers.js changed, reloading triggers"}}
[debug] [2026-09-17T16:39:00.545Z] File C:\Users\adm\Documents\workspace_igor\eck_v3\ECK\functions\lib\shared\email-template-html.js.map changed, reloading triggers {"metadata":{"emulator":{"name":"functions"},"message":"File C:\\Users\\adm\\Documents\\workspace_igor\\eck_v3\\ECK\\functions\\lib\\shared\\email-template-html.js.map changed, reloading triggers"}}
[debug] [2026-09-17T16:39:00.564Z] File C:\Users\adm\Documents\workspace_igor\eck_v3\ECK\functions\lib\shared\email-template-html.js changed, reloading triggers {"metadata":{"emulator":{"name":"functions"},"message":"File C:\\Users\\adm\\Documents\\workspace_igor\\eck_v3\\ECK\\functions\\lib\\shared\\email-template-html.js changed, reloading triggers"}}
[debug] [2026-09-17T16:39:00.616Z] File C:\Users\adm\Documents\workspace_igor\eck_v3\ECK\functions\lib\report-release-notify.js.map changed, reloading triggers {"metadata":{"emulator":{"name":"functions"},"message":"File C:\\Users\\adm\\Documents\\workspace_igor\\eck_v3\\ECK\\functions\\lib\\report-release-notify.js.map changed, reloading triggers"}}
[debug] [2026-09-17T16:39:00.620Z] File C:\Users\adm\Documents\workspace_igor\eck_v3\ECK\functions\lib\report-release-notify.js changed, reloading triggers {"metadata":{"emulator":{"name":"functions"},"message":"File C:\\Users\\adm\\Documents\\workspace_igor\\eck_v3\\ECK\\functions\\lib\\report-release-notify.js changed, reloading triggers"}}
[debug] [2026-09-17T16:39:01.120Z] File C:\Users\adm\Documents\workspace_igor\eck_v3\ECK\functions\lib\index.js.map changed, reloading triggers {"metadata":{"emulator":{"name":"functions"},"message":"File C:\\Users\\adm\\Documents\\workspace_igor\\eck_v3\\ECK\\functions\\lib\\index.js.map changed, reloading triggers"}}
[debug] [2026-09-17T16:39:01.123Z] File C:\Users\adm\Documents\workspace_igor\eck_v3\ECK\functions\lib\index.js changed, reloading triggers {"metadata":{"emulator":{"name":"functions"},"message":"File C:\\Users\\adm\\Documents\\workspace_igor\\eck_v3\\ECK\\functions\\lib\\index.js changed, reloading triggers"}}
[debug] [2026-09-17T16:39:01.145Z] File C:\Users\adm\Documents\workspace_igor\eck_v3\ECK\functions\lib\docx-export\element-capture.js.map changed, reloading triggers {"metadata":{"emulator":{"name":"functions"},"message":"File C:\\Users\\adm\\Documents\\workspace_igor\\eck_v3\\ECK\\functions\\lib\\docx-export\\element-capture.js.map changed, reloading triggers"}}
[debug] [2026-09-17T16:39:01.147Z] File C:\Users\adm\Documents\workspace_igor\eck_v3\ECK\functions\lib\docx-export\element-capture.js changed, reloading triggers {"metadata":{"emulator":{"name":"functions"},"message":"File C:\\Users\\adm\\Documents\\workspace_igor\\eck_v3\\ECK\\functions\\lib\\docx-export\\element-capture.js changed, reloading triggers"}}
[debug] [2026-09-17T16:39:01.207Z] File C:\Users\adm\Documents\workspace_igor\eck_v3\ECK\functions\lib\docx-export\html-content-extractor.js.map changed, reloading triggers {"metadata":{"emulator":{"name":"functions"},"message":"File C:\\Users\\adm\\Documents\\workspace_igor\\eck_v3\\ECK\\functions\\lib\\docx-export\\html-content-extractor.js.map changed, reloading triggers"}}
[debug] [2026-09-17T16:39:01.218Z] File C:\Users\adm\Documents\workspace_igor\eck_v3\ECK\functions\lib\docx-export\html-content-extractor.js changed, reloading triggers {"metadata":{"emulator":{"name":"functions"},"message":"File C:\\Users\\adm\\Documents\\workspace_igor\\eck_v3\\ECK\\functions\\lib\\docx-export\\html-content-extractor.js changed, reloading triggers"}}
[debug] [2026-09-17T16:39:01.231Z] File C:\Users\adm\Documents\workspace_igor\eck_v3\ECK\functions\lib\docx-export\pdf-analyzer.js.map changed, reloading triggers {"metadata":{"emulator":{"name":"functions"},"message":"File C:\\Users\\adm\\Documents\\workspace_igor\\eck_v3\\ECK\\functions\\lib\\docx-export\\pdf-analyzer.js.map changed, reloading triggers"}}
[debug] [2026-09-17T16:39:01.231Z] File C:\Users\adm\Documents\workspace_igor\eck_v3\ECK\functions\lib\docx-export\pdf-analyzer.js changed, reloading triggers {"metadata":{"emulator":{"name":"functions"},"message":"File C:\\Users\\adm\\Documents\\workspace_igor\\eck_v3\\ECK\\functions\\lib\\docx-export\\pdf-analyzer.js changed, reloading triggers"}}
[debug] [2026-09-17T16:39:02.233Z] Validating nodejs source
[warn] !  functions: package.json indicates an outdated version of firebase-functions. Please upgrade using npm install --save firebase-functions@latest in your functions directory. 
[warn] !  functions: Please note that there will be breaking changes when you upgrade. 
[debug] [2026-09-17T16:39:05.783Z] > [functions] package.json contents: {
  "name": "functions",
  "scripts": {
    "build": "tsc && node scripts/generate-functions-yaml.js",
    "build:watch": "tsc --watch",
    "serve": "npm run build && firebase emulators:start --only functions",
    "serve:full": "npm run build && firebase emulators:start --only functions,firestore",
    "shell": "npm run build && firebase functions:shell",
    "start": "npm run shell",
    "deploy": "firebase deploy --only functions",
    "logs": "firebase functions:log"
  },
  "engines": {
    "node": "20"
  },
  "main": "lib/index.js",
  "dependencies": {
    "@google-cloud/storage": "^7.15.1",
    "@napi-rs/canvas": "^0.1.67",
    "@sparticuz/chromium": "^147.0.0",
    "cors": "^2.8.5",
    "docx": "^9.5.1",
    "firebase-admin": "^13.1.0",
    "firebase-functions": "^6.3.1",
    "image-size": "^1.2.0",
    "node-html-parser": "^9.0.1",
    "nodemailer": "^6.9.7",
    "pdfjs-dist": "^4.10.38",
    "pdfmake": "^0.3.3",
    "puppeteer-core": "^24.42.0"
  },
  "devDependencies": {
    "@types/express": "^5.0.3",
    "@types/node": "^22.13.1",
    "@types/nodemailer": "^6.4.19",
    "firebase-functions-test": "^3.1.0",
    "typescript": "^5.7.3"
  },
  "private": true
}
[debug] [2026-09-17T16:39:05.784Z] Building nodejs source
[debug] [2026-09-17T16:39:05.784Z] Failed to find version of module node: reached end of search path C:\Users\adm\Documents\workspace_igor\eck_v3\ECK\functions\node_modules
[info] +  functions: Using node@20 from host. 
[info] i  functions: Loaded environment variables from .env. 
[debug] [2026-09-17T16:39:05.791Z] File C:\Users\adm\Documents\workspace_igor\eck_v3\ECK\functions\functions.yaml changed, reloading triggers {"metadata":{"emulator":{"name":"functions"},"message":"File C:\\Users\\adm\\Documents\\workspace_igor\\eck_v3\\ECK\\functions\\functions.yaml changed, reloading triggers"}}
[debug] [2026-09-17T16:39:05.791Z] Found functions.yaml. Got spec: {
  "endpoints": {
    "createReportDocxExport": {
      "availableMemoryMb": 512,
      "timeoutSeconds": 60,
      "minInstances": null,
      "maxInstances": null,
      "ingressSettings": null,
      "concurrency": null,
      "serviceAccountEmail": null,
      "vpc": null,
      "platform": "gcfv2",
      "region": [
        "us-central1"
      ],
      "labels": {},
      "httpsTrigger": {},
      "entryPoint": "createReportDocxExport"
    },
    "downloadReportDocxExport": {
      "availableMemoryMb": 512,
      "timeoutSeconds": 120,
      "minInstances": null,
      "maxInstances": null,
      "ingressSettings": null,
      "concurrency": null,
      "serviceAccountEmail": null,
      "vpc": null,
      "platform": "gcfv2",
      "region": [
        "us-central1"
      ],
      "labels": {},
      "httpsTrigger": {},
      "entryPoint": "downloadReportDocxExport"
    },
    "getReportDocxExportStatus": {
      "availableMemoryMb": 256,
      "timeoutSeconds": 30,
      "minInstances": null,
      "maxInstances": null,
      "ingressSettings": null,
      "concurrency": null,
      "serviceAccountEmail": null,
      "vpc": null,
      "platform": "gcfv2",
      "region": [
        "us-central1"
      ],
      "labels": {},
      "httpsTrigger": {},
      "entryPoint": "getReportDocxExportStatus"
    },
    "processReportDocxExportHttp": {
      "availableMemoryMb": 4096,
      "timeoutSeconds": 540,
      "minInstances": null,
      "maxInstances": null,
      "ingressSettings": null,
      "concurrency": null,
      "serviceAccountEmail": null,
      "vpc": null,
      "platform": "gcfv2",
      "region": [
        "us-central1"
      ],
      "labels": {},
      "httpsTrigger": {},
      "entryPoint": "processReportDocxExportHttp"
    },
    "processReportDocxExportJob": {
      "availableMemoryMb": 4096,
      "timeoutSeconds": 540,
      "minInstances": null,
      "maxInstances": null,
      "ingressSettings": null,
      "concurrency": null,
      "serviceAccountEmail": null,
      "vpc": null,
      "platform": "gcfv2",
      "region": [
        "us-central1"
      ],
      "labels": {},
      "eventTrigger": {
        "eventType": "google.cloud.firestore.document.v1.created",
        "eventFilters": {
          "database": "(default)",
          "namespace": "(default)"
        },
        "eventFilterPathPatterns": {
          "document": "docxExportJobs/{jobId}"
        },
        "retry": false
      },
      "entryPoint": "processReportDocxExportJob"
    },
    "notifyReportReleased": {
      "availableMemoryMb": null,
      "timeoutSeconds": null,
      "minInstances": null,
      "maxInstances": null,
      "ingressSettings": null,
      "concurrency": null,
      "serviceAccountEmail": null,
      "vpc": null,
      "platform": "gcfv2",
      "region": [
        "us-central1"
      ],
      "labels": {},
      "httpsTrigger": {},
      "entryPoint": "notifyReportReleased"
    },
    "sendBrandedPasswordResetEmail": {
      "availableMemoryMb": null,
      "timeoutSeconds": null,
      "minInstances": null,
      "maxInstances": null,
      "ingressSettings": null,
      "concurrency": null,
      "serviceAccountEmail": null,
      "vpc": null,
      "platform": "gcfv2",
      "region": [
        "us-central1"
      ],
      "labels": {},
      "callableTrigger": {},
      "entryPoint": "sendBrandedPasswordResetEmail"
    },
    "generateReportPdf": {
      "availableMemoryMb": 4096,
      "timeoutSeconds": 540,
      "minInstances": null,
      "maxInstances": null,
      "ingressSettings": null,
      "concurrency": null,
      "serviceAccountEmail": null,
      "vpc": null,
      "platform": "gcfv2",
      "region": [
        "us-central1"
      ],
      "labels": {},
      "httpsTrigger": {},
      "entryPoint": "generateReportPdf"
    },
    "sendEmail": {
      "availableMemoryMb": null,
      "timeoutSeconds": null,
      "minInstances": null,
      "maxInstances": null,
      "ingressSettings": null,
      "concurrency": null,
      "serviceAccountEmail": null,
      "vpc": null,
      "platform": "gcfv2",
      "region": [
        "us-central1"
      ],
      "labels": {},
      "httpsTrigger": {},
      "entryPoint": "sendEmail"
    },
    "sendPendingAssessmentReminders": {
      "availableMemoryMb": 1024,
      "timeoutSeconds": 540,
      "minInstances": null,
      "maxInstances": null,
      "ingressSettings": null,
      "concurrency": null,
      "serviceAccountEmail": null,
      "vpc": null,
      "platform": "gcfv2",
      "region": [
        "us-central1"
      ],
      "labels": {},
      "scheduleTrigger": {
        "schedule": "every 15 minutes",
        "retryConfig": {},
        "timeZone": "Etc/UTC"
      },
      "entryPoint": "sendPendingAssessmentReminders"
    },
    "triggerPendingAssessmentReminders": {
      "availableMemoryMb": 1024,
      "timeoutSeconds": 540,
      "minInstances": null,
      "maxInstances": null,
      "ingressSettings": null,
      "concurrency": null,
      "serviceAccountEmail": null,
      "vpc": null,
      "platform": "gcfv2",
      "region": [
        "us-central1"
      ],
      "labels": {},
      "httpsTrigger": {},
      "entryPoint": "triggerPendingAssessmentReminders"
    },
    "onAssessmentCompleted": {
      "availableMemoryMb": null,
      "timeoutSeconds": null,
      "minInstances": null,
      "maxInstances": null,
      "ingressSettings": null,
      "concurrency": null,
      "serviceAccountEmail": null,
      "vpc": null,
      "platform": "gcfv2",
      "region": [
        "us-central1"
      ],
      "labels": {},
      "eventTrigger": {
        "eventType": "google.cloud.firestore.document.v1.updated",
        "eventFilters": {
          "database": "(default)",
          "namespace": "(default)"
        },
        "eventFilterPathPatterns": {
          "document": "assessmentLinks/{linkId}"
        },
        "retry": false
      },
      "entryPoint": "onAssessmentCompleted"
    },
    "setUserPasswordByMaster": {
      "availableMemoryMb": null,
      "timeoutSeconds": null,
      "minInstances": null,
      "maxInstances": null,
      "ingressSettings": null,
      "concurrency": null,
      "serviceAccountEmail": null,
      "vpc": null,
      "platform": "gcfv2",
      "region": [
        "us-central1"
      ],
      "labels": {},
      "callableTrigger": {},
      "entryPoint": "setUserPasswordByMaster"
    },
    "safeDelete": {
      "availableMemoryMb": null,
      "timeoutSeconds": null,
      "minInstances": null,
      "maxInstances": null,
      "ingressSettings": null,
      "concurrency": null,
      "serviceAccountEmail": null,
      "vpc": null,
      "platform": "gcfv2",
      "region": [
        "us-central1"
      ],
      "labels": {},
      "callableTrigger": {},
      "entryPoint": "safeDelete"
    },
    "onProjectDeleted": {
      "availableMemoryMb": null,
      "timeoutSeconds": null,
      "minInstances": null,
      "maxInstances": null,
      "ingressSettings": null,
      "concurrency": null,
      "serviceAccountEmail": null,
      "vpc": null,
      "platform": "gcfv2",
      "region": [
        "us-central1"
      ],
      "labels": {},
      "eventTrigger": {
        "eventType": "google.cloud.firestore.document.v1.deleted",
        "eventFilters": {
          "database": "(default)",
          "namespace": "(default)"
        },
        "eventFilterPathPatterns": {
          "document": "projects/{projectId}"
        },
        "retry": false
      },
      "entryPoint": "onProjectDeleted"
    },
    "onClientDeleted": {
      "availableMemoryMb": null,
      "timeoutSeconds": null,
      "minInstances": null,
      "maxInstances": null,
      "ingressSettings": null,
      "concurrency": null,
      "serviceAccountEmail": null,
      "vpc": null,
      "platform": "gcfv2",
      "region": [
        "us-central1"
      ],
      "labels": {},
      "eventTrigger": {
        "eventType": "google.cloud.firestore.document.v1.deleted",
        "eventFilters": {
          "database": "(default)",
          "namespace": "(default)"
        },
        "eventFilterPathPatterns": {
          "document": "clients/{clientId}"
        },
        "retry": false
      },
      "entryPoint": "onClientDeleted"
    },
    "onParticipantDeleted": {
      "availableMemoryMb": null,
      "timeoutSeconds": null,
      "minInstances": null,
      "maxInstances": null,
      "ingressSettings": null,
      "concurrency": null,
      "serviceAccountEmail": null,
      "vpc": null,
      "platform": "gcfv2",
      "region": [
        "us-central1"
      ],
      "labels": {},
      "eventTrigger": {
        "eventType": "google.cloud.firestore.document.v1.deleted",
        "eventFilters": {
          "database": "(default)",
          "namespace": "(default)"
        },
        "eventFilterPathPatterns": {
          "document": "participants/{participantId}"
        },
        "retry": false
      },
      "entryPoint": "onParticipantDeleted"
    }
  },
  "specVersion": "v1alpha1",
  "requiredAPIs": [
    {
      "api": "cloudscheduler.googleapis.com",
      "reason": "Needed for scheduled functions."
    }
  ],
  "extensions": {},
  "params": [
    {
      "name": "EMAIL_USER",
      "type": "string",
      "default": ""
    },
    {
      "name": "EMAIL_PASS",
      "type": "string",
      "default": ""
    }
  ]
}

[info] +  functions: Loaded functions definitions from source: createReportDocxExport, downloadReportDocxExport, getReportDocxExportStatus, processReportDocxExportHttp, processReportDocxExportJob, notifyReportReleased, sendBrandedPasswordResetEmail, generateReportPdf, sendEmail, sendPendingAssessmentReminders, triggerPendingAssessmentReminders, onAssessmentCompleted, setUserPasswordByMaster, safeDelete, onProjectDeleted, onClientDeleted, onParticipantDeleted. {"metadata":{"emulator":{"name":"functions"},"message":"Loaded functions definitions from source: createReportDocxExport, downloadReportDocxExport, getReportDocxExportStatus, processReportDocxExportHttp, processReportDocxExportJob, notifyReportReleased, sendBrandedPasswordResetEmail, generateReportPdf, sendEmail, sendPendingAssessmentReminders, triggerPendingAssessmentReminders, onAssessmentCompleted, setUserPasswordByMaster, safeDelete, onProjectDeleted, onClientDeleted, onParticipantDeleted."}}
[debug] [2026-09-17T16:39:06.798Z] Validating nodejs source
[warn] !  functions: package.json indicates an outdated version of firebase-functions. Please upgrade using npm install --save firebase-functions@latest in your functions directory. 
[warn] !  functions: Please note that there will be breaking changes when you upgrade. 
[debug] [2026-09-17T16:39:09.454Z] > [functions] package.json contents: {
  "name": "functions",
  "scripts": {
    "build": "tsc && node scripts/generate-functions-yaml.js",
    "build:watch": "tsc --watch",
    "serve": "npm run build && firebase emulators:start --only functions",
    "serve:full": "npm run build && firebase emulators:start --only functions,firestore",
    "shell": "npm run build && firebase functions:shell",
    "start": "npm run shell",
    "deploy": "firebase deploy --only functions",
    "logs": "firebase functions:log"
  },
  "engines": {
    "node": "20"
  },
  "main": "lib/index.js",
  "dependencies": {
    "@google-cloud/storage": "^7.15.1",
    "@napi-rs/canvas": "^0.1.67",
    "@sparticuz/chromium": "^147.0.0",
    "cors": "^2.8.5",
    "docx": "^9.5.1",
    "firebase-admin": "^13.1.0",
    "firebase-functions": "^6.3.1",
    "image-size": "^1.2.0",
    "node-html-parser": "^9.0.1",
    "nodemailer": "^6.9.7",
    "pdfjs-dist": "^4.10.38",
    "pdfmake": "^0.3.3",
    "puppeteer-core": "^24.42.0"
  },
  "devDependencies": {
    "@types/express": "^5.0.3",
    "@types/node": "^22.13.1",
    "@types/nodemailer": "^6.4.19",
    "firebase-functions-test": "^3.1.0",
    "typescript": "^5.7.3"
  },
  "private": true
}
[debug] [2026-09-17T16:39:09.454Z] Building nodejs source
[debug] [2026-09-17T16:39:09.454Z] Failed to find version of module node: reached end of search path C:\Users\adm\Documents\workspace_igor\eck_v3\ECK\functions\node_modules
[info] +  functions: Using node@20 from host. 
[info] i  functions: Loaded environment variables from .env. 
[debug] [2026-09-17T16:39:09.456Z] Found functions.yaml. Got spec: {
  "endpoints": {
    "createReportDocxExport": {
      "availableMemoryMb": 512,
      "timeoutSeconds": 60,
      "minInstances": null,
      "maxInstances": null,
      "ingressSettings": null,
      "concurrency": null,
      "serviceAccountEmail": null,
      "vpc": null,
      "platform": "gcfv2",
      "region": [
        "us-central1"
      ],
      "labels": {},
      "httpsTrigger": {},
      "entryPoint": "createReportDocxExport"
    },
    "downloadReportDocxExport": {
      "availableMemoryMb": 512,
      "timeoutSeconds": 120,
      "minInstances": null,
      "maxInstances": null,
      "ingressSettings": null,
      "concurrency": null,
      "serviceAccountEmail": null,
      "vpc": null,
      "platform": "gcfv2",
      "region": [
        "us-central1"
      ],
      "labels": {},
      "httpsTrigger": {},
      "entryPoint": "downloadReportDocxExport"
    },
    "getReportDocxExportStatus": {
      "availableMemoryMb": 256,
      "timeoutSeconds": 30,
      "minInstances": null,
      "maxInstances": null,
      "ingressSettings": null,
      "concurrency": null,
      "serviceAccountEmail": null,
      "vpc": null,
      "platform": "gcfv2",
      "region": [
        "us-central1"
      ],
      "labels": {},
      "httpsTrigger": {},
      "entryPoint": "getReportDocxExportStatus"
    },
    "processReportDocxExportHttp": {
      "availableMemoryMb": 4096,
      "timeoutSeconds": 540,
      "minInstances": null,
      "maxInstances": null,
      "ingressSettings": null,
      "concurrency": null,
      "serviceAccountEmail": null,
      "vpc": null,
      "platform": "gcfv2",
      "region": [
        "us-central1"
      ],
      "labels": {},
      "httpsTrigger": {},
      "entryPoint": "processReportDocxExportHttp"
    },
    "processReportDocxExportJob": {
      "availableMemoryMb": 4096,
      "timeoutSeconds": 540,
      "minInstances": null,
      "maxInstances": null,
      "ingressSettings": null,
      "concurrency": null,
      "serviceAccountEmail": null,
      "vpc": null,
      "platform": "gcfv2",
      "region": [
        "us-central1"
      ],
      "labels": {},
      "eventTrigger": {
        "eventType": "google.cloud.firestore.document.v1.created",
        "eventFilters": {
          "database": "(default)",
          "namespace": "(default)"
        },
        "eventFilterPathPatterns": {
          "document": "docxExportJobs/{jobId}"
        },
        "retry": false
      },
      "entryPoint": "processReportDocxExportJob"
    },
    "notifyReportReleased": {
      "availableMemoryMb": null,
      "timeoutSeconds": null,
      "minInstances": null,
      "maxInstances": null,
      "ingressSettings": null,
      "concurrency": null,
      "serviceAccountEmail": null,
      "vpc": null,
      "platform": "gcfv2",
      "region": [
        "us-central1"
      ],
      "labels": {},
      "httpsTrigger": {},
      "entryPoint": "notifyReportReleased"
    },
    "sendBrandedPasswordResetEmail": {
      "availableMemoryMb": null,
      "timeoutSeconds": null,
      "minInstances": null,
      "maxInstances": null,
      "ingressSettings": null,
      "concurrency": null,
      "serviceAccountEmail": null,
      "vpc": null,
      "platform": "gcfv2",
      "region": [
        "us-central1"
      ],
      "labels": {},
      "callableTrigger": {},
      "entryPoint": "sendBrandedPasswordResetEmail"
    },
    "generateReportPdf": {
      "availableMemoryMb": 4096,
      "timeoutSeconds": 540,
      "minInstances": null,
      "maxInstances": null,
      "ingressSettings": null,
      "concurrency": null,
      "serviceAccountEmail": null,
      "vpc": null,
      "platform": "gcfv2",
      "region": [
        "us-central1"
      ],
      "labels": {},
      "httpsTrigger": {},
      "entryPoint": "generateReportPdf"
    },
    "sendEmail": {
      "availableMemoryMb": null,
      "timeoutSeconds": null,
      "minInstances": null,
      "maxInstances": null,
      "ingressSettings": null,
      "concurrency": null,
      "serviceAccountEmail": null,
      "vpc": null,
      "platform": "gcfv2",
      "region": [
        "us-central1"
      ],
      "labels": {},
      "httpsTrigger": {},
      "entryPoint": "sendEmail"
    },
    "sendPendingAssessmentReminders": {
      "availableMemoryMb": 1024,
      "timeoutSeconds": 540,
      "minInstances": null,
      "maxInstances": null,
      "ingressSettings": null,
      "concurrency": null,
      "serviceAccountEmail": null,
      "vpc": null,
      "platform": "gcfv2",
      "region": [
        "us-central1"
      ],
      "labels": {},
      "scheduleTrigger": {
        "schedule": "every 15 minutes",
        "retryConfig": {},
        "timeZone": "Etc/UTC"
      },
      "entryPoint": "sendPendingAssessmentReminders"
    },
    "triggerPendingAssessmentReminders": {
      "availableMemoryMb": 1024,
      "timeoutSeconds": 540,
      "minInstances": null,
      "maxInstances": null,
      "ingressSettings": null,
      "concurrency": null,
      "serviceAccountEmail": null,
      "vpc": null,
      "platform": "gcfv2",
      "region": [
        "us-central1"
      ],
      "labels": {},
      "httpsTrigger": {},
      "entryPoint": "triggerPendingAssessmentReminders"
    },
    "onAssessmentCompleted": {
      "availableMemoryMb": null,
      "timeoutSeconds": null,
      "minInstances": null,
      "maxInstances": null,
      "ingressSettings": null,
      "concurrency": null,
      "serviceAccountEmail": null,
      "vpc": null,
      "platform": "gcfv2",
      "region": [
        "us-central1"
      ],
      "labels": {},
      "eventTrigger": {
        "eventType": "google.cloud.firestore.document.v1.updated",
        "eventFilters": {
          "database": "(default)",
          "namespace": "(default)"
        },
        "eventFilterPathPatterns": {
          "document": "assessmentLinks/{linkId}"
        },
        "retry": false
      },
      "entryPoint": "onAssessmentCompleted"
    },
    "setUserPasswordByMaster": {
      "availableMemoryMb": null,
      "timeoutSeconds": null,
      "minInstances": null,
      "maxInstances": null,
      "ingressSettings": null,
      "concurrency": null,
      "serviceAccountEmail": null,
      "vpc": null,
      "platform": "gcfv2",
      "region": [
        "us-central1"
      ],
      "labels": {},
      "callableTrigger": {},
      "entryPoint": "setUserPasswordByMaster"
    },
    "safeDelete": {
      "availableMemoryMb": null,
      "timeoutSeconds": null,
      "minInstances": null,
      "maxInstances": null,
      "ingressSettings": null,
      "concurrency": null,
      "serviceAccountEmail": null,
      "vpc": null,
      "platform": "gcfv2",
      "region": [
        "us-central1"
      ],
      "labels": {},
      "callableTrigger": {},
      "entryPoint": "safeDelete"
    },
    "onProjectDeleted": {
      "availableMemoryMb": null,
      "timeoutSeconds": null,
      "minInstances": null,
      "maxInstances": null,
      "ingressSettings": null,
      "concurrency": null,
      "serviceAccountEmail": null,
      "vpc": null,
      "platform": "gcfv2",
      "region": [
        "us-central1"
      ],
      "labels": {},
      "eventTrigger": {
        "eventType": "google.cloud.firestore.document.v1.deleted",
        "eventFilters": {
          "database": "(default)",
          "namespace": "(default)"
        },
        "eventFilterPathPatterns": {
          "document": "projects/{projectId}"
        },
        "retry": false
      },
      "entryPoint": "onProjectDeleted"
    },
    "onClientDeleted": {
      "availableMemoryMb": null,
      "timeoutSeconds": null,
      "minInstances": null,
      "maxInstances": null,
      "ingressSettings": null,
      "concurrency": null,
      "serviceAccountEmail": null,
      "vpc": null,
      "platform": "gcfv2",
      "region": [
        "us-central1"
      ],
      "labels": {},
      "eventTrigger": {
        "eventType": "google.cloud.firestore.document.v1.deleted",
        "eventFilters": {
          "database": "(default)",
          "namespace": "(default)"
        },
        "eventFilterPathPatterns": {
          "document": "clients/{clientId}"
        },
        "retry": false
      },
      "entryPoint": "onClientDeleted"
    },
    "onParticipantDeleted": {
      "availableMemoryMb": null,
      "timeoutSeconds": null,
      "minInstances": null,
      "maxInstances": null,
      "ingressSettings": null,
      "concurrency": null,
      "serviceAccountEmail": null,
      "vpc": null,
      "platform": "gcfv2",
      "region": [
        "us-central1"
      ],
      "labels": {},
      "eventTrigger": {
        "eventType": "google.cloud.firestore.document.v1.deleted",
        "eventFilters": {
          "database": "(default)",
          "namespace": "(default)"
        },
        "eventFilterPathPatterns": {
          "document": "participants/{participantId}"
        },
        "retry": false
      },
      "entryPoint": "onParticipantDeleted"
    }
  },
  "specVersion": "v1alpha1",
  "requiredAPIs": [
    {
      "api": "cloudscheduler.googleapis.com",
      "reason": "Needed for scheduled functions."
    }
  ],
  "extensions": {},
  "params": [
    {
      "name": "EMAIL_USER",
      "type": "string",
      "default": ""
    },
    {
      "name": "EMAIL_PASS",
      "type": "string",
      "default": ""
    }
  ]
}

[info] +  functions: Loaded functions definitions from source: createReportDocxExport, downloadReportDocxExport, getReportDocxExportStatus, processReportDocxExportHttp, processReportDocxExportJob, notifyReportReleased, sendBrandedPasswordResetEmail, generateReportPdf, sendEmail, sendPendingAssessmentReminders, triggerPendingAssessmentReminders, onAssessmentCompleted, setUserPasswordByMaster, safeDelete, onProjectDeleted, onClientDeleted, onParticipantDeleted. {"metadata":{"emulator":{"name":"functions"},"message":"Loaded functions definitions from source: createReportDocxExport, downloadReportDocxExport, getReportDocxExportStatus, processReportDocxExportHttp, processReportDocxExportJob, notifyReportReleased, sendBrandedPasswordResetEmail, generateReportPdf, sendEmail, sendPendingAssessmentReminders, triggerPendingAssessmentReminders, onAssessmentCompleted, setUserPasswordByMaster, safeDelete, onProjectDeleted, onClientDeleted, onParticipantDeleted."}}
[debug] [2026-09-17T16:39:54.111Z] Functions emulator received unknown request at path /
[debug] [2026-09-17T16:40:03.021Z] [work-queue] {"queuedWork":["/pwa-workana/us-central1/sendBrandedPasswordResetEmail-2026-09-17T16:40:03.021Z"],"queueLength":1,"runningWork":[],"workRunningCount":0}
[debug] [2026-09-17T16:40:03.021Z] [work-queue] {"queuedWork":[],"queueLength":0,"runningWork":["/pwa-workana/us-central1/sendBrandedPasswordResetEmail-2026-09-17T16:40:03.021Z"],"workRunningCount":1}
[debug] [2026-09-17T16:40:03.021Z] Accepted request POST /pwa-workana/us-central1/sendBrandedPasswordResetEmail --> us-central1-sendBrandedPasswordResetEmail
[debug] [2026-09-17T16:40:03.023Z] [functions] Runtime ready! Sending request! {"metadata":{"emulator":{"name":"functions"},"message":"[functions] Runtime ready! Sending request!"}}
[debug] [2026-09-17T16:40:03.023Z] [functions] Got req.url=/pwa-workana/us-central1/sendBrandedPasswordResetEmail, mapping to path=/ {"metadata":{"emulator":{"name":"functions"},"message":"[functions] Got req.url=/pwa-workana/us-central1/sendBrandedPasswordResetEmail, mapping to path=/"}}
[debug] [2026-09-17T16:40:03.024Z] [worker-pool] Cleaned up workers for us-central1-sendBrandedPasswordResetEmail: 1 --> 0 {"metadata":{"emulator":{"name":"functions"},"message":"[worker-pool] Cleaned up workers for us-central1-sendBrandedPasswordResetEmail: 1 --> 0"}}
[info] i  functions: Loaded environment variables from .env. 
[debug] [2026-09-17T16:40:03.033Z] [worker-pool] addWorker(us-central1-sendBrandedPasswordResetEmail) {"metadata":{"emulator":{"name":"functions"},"message":"[worker-pool] addWorker(us-central1-sendBrandedPasswordResetEmail)"}}
[debug] [2026-09-17T16:40:03.033Z] [worker-pool] Adding worker with key us-central1-sendBrandedPasswordResetEmail, total=1 {"metadata":{"emulator":{"name":"functions"},"message":"[worker-pool] Adding worker with key us-central1-sendBrandedPasswordResetEmail, total=1"}}
[debug] [2026-09-17T16:40:04.387Z] [runtime-status] [11860] Resolved module firebase-admin {"declared":true,"installed":true,"version":"13.1.0","resolution":"C:\\Users\\adm\\Documents\\workspace_igor\\eck_v3\\ECK\\functions\\node_modules\\firebase-admin\\lib\\index.js"} {"metadata":{"emulator":{"name":"functions"},"function":{"name":"us-central1-sendBrandedPasswordResetEmail"},"extension":{},"message":"[runtime-status] [11860] Resolved module firebase-admin {\"declared\":true,\"installed\":true,\"version\":\"13.1.0\",\"resolution\":\"C:\\\\Users\\\\adm\\\\Documents\\\\workspace_igor\\\\eck_v3\\\\ECK\\\\functions\\\\node_modules\\\\firebase-admin\\\\lib\\\\index.js\"}"}}
[debug] [2026-09-17T16:40:04.389Z] [runtime-status] [11860] Resolved module firebase-functions {"declared":true,"installed":true,"version":"6.3.1","resolution":"C:\\Users\\adm\\Documents\\workspace_igor\\eck_v3\\ECK\\functions\\node_modules\\firebase-functions\\lib\\v2\\index.js"} {"metadata":{"emulator":{"name":"functions"},"function":{"name":"us-central1-sendBrandedPasswordResetEmail"},"extension":{},"message":"[runtime-status] [11860] Resolved module firebase-functions {\"declared\":true,\"installed\":true,\"version\":\"6.3.1\",\"resolution\":\"C:\\\\Users\\\\adm\\\\Documents\\\\workspace_igor\\\\eck_v3\\\\ECK\\\\functions\\\\node_modules\\\\firebase-functions\\\\lib\\\\v2\\\\index.js\"}"}}
[debug] [2026-09-17T16:40:04.389Z] [runtime-status] [11860] Found local functions config: C:\Users\adm\Documents\workspace_igor\eck_v3\ECK\functions/.runtimeconfig.json {"metadata":{"emulator":{"name":"functions"},"function":{"name":"us-central1-sendBrandedPasswordResetEmail"},"extension":{},"message":"[runtime-status] [11860] Found local functions config: C:\\Users\\adm\\Documents\\workspace_igor\\eck_v3\\ECK\\functions/.runtimeconfig.json"}}
[debug] [2026-09-17T16:40:04.389Z] [runtime-status] [11860] Outgoing network have been stubbed. [{"name":"http","status":"mocked"},{"name":"http","status":"mocked"},{"name":"https","status":"mocked"},{"name":"https","status":"mocked"},{"name":"net","status":"mocked"}] {"metadata":{"emulator":{"name":"functions"},"function":{"name":"us-central1-sendBrandedPasswordResetEmail"},"extension":{},"message":"[runtime-status] [11860] Outgoing network have been stubbed. [{\"name\":\"http\",\"status\":\"mocked\"},{\"name\":\"http\",\"status\":\"mocked\"},{\"name\":\"https\",\"status\":\"mocked\"},{\"name\":\"https\",\"status\":\"mocked\"},{\"name\":\"net\",\"status\":\"mocked\"}]"}}
[debug] [2026-09-17T16:40:04.390Z] [runtime-status] [11860] Resolved module firebase-functions {"declared":true,"installed":true,"version":"6.3.1","resolution":"C:\\Users\\adm\\Documents\\workspace_igor\\eck_v3\\ECK\\functions\\node_modules\\firebase-functions\\lib\\v2\\index.js"} {"metadata":{"emulator":{"name":"functions"},"function":{"name":"us-central1-sendBrandedPasswordResetEmail"},"extension":{},"message":"[runtime-status] [11860] Resolved module firebase-functions {\"declared\":true,\"installed\":true,\"version\":\"6.3.1\",\"resolution\":\"C:\\\\Users\\\\adm\\\\Documents\\\\workspace_igor\\\\eck_v3\\\\ECK\\\\functions\\\\node_modules\\\\firebase-functions\\\\lib\\\\v2\\\\index.js\"}"}}
[debug] [2026-09-17T16:40:05.493Z] [runtime-status] [11860] Checked functions.config() {"config":{"email":{"pass":"nkik bvji wshf xzpg","user":"igorhlucenaa@gmail.com"}}} {"metadata":{"emulator":{"name":"functions"},"function":{"name":"us-central1-sendBrandedPasswordResetEmail"},"extension":{},"message":"[runtime-status] [11860] Checked functions.config() {\"config\":{\"email\":{\"pass\":\"nkik bvji wshf xzpg\",\"user\":\"igorhlucenaa@gmail.com\"}}}"}}
[debug] [2026-09-17T16:40:05.493Z] [runtime-status] [11860] firebase-functions has been stubbed. {"functionsResolution":{"declared":true,"installed":true,"version":"6.3.1","resolution":"C:\\Users\\adm\\Documents\\workspace_igor\\eck_v3\\ECK\\functions\\node_modules\\firebase-functions\\lib\\v2\\index.js"}} {"metadata":{"emulator":{"name":"functions"},"function":{"name":"us-central1-sendBrandedPasswordResetEmail"},"extension":{},"message":"[runtime-status] [11860] firebase-functions has been stubbed. {\"functionsResolution\":{\"declared\":true,\"installed\":true,\"version\":\"6.3.1\",\"resolution\":\"C:\\\\Users\\\\adm\\\\Documents\\\\workspace_igor\\\\eck_v3\\\\ECK\\\\functions\\\\node_modules\\\\firebase-functions\\\\lib\\\\v2\\\\index.js\"}}"}}
[debug] [2026-09-17T16:40:05.494Z] [runtime-status] [11860] Resolved module firebase-functions {"declared":true,"installed":true,"version":"6.3.1","resolution":"C:\\Users\\adm\\Documents\\workspace_igor\\eck_v3\\ECK\\functions\\node_modules\\firebase-functions\\lib\\v2\\index.js"} {"metadata":{"emulator":{"name":"functions"},"function":{"name":"us-central1-sendBrandedPasswordResetEmail"},"extension":{},"message":"[runtime-status] [11860] Resolved module firebase-functions {\"declared\":true,\"installed\":true,\"version\":\"6.3.1\",\"resolution\":\"C:\\\\Users\\\\adm\\\\Documents\\\\workspace_igor\\\\eck_v3\\\\ECK\\\\functions\\\\node_modules\\\\firebase-functions\\\\lib\\\\v2\\\\index.js\"}"}}
[debug] [2026-09-17T16:40:05.613Z] [runtime-status] [11860] Resolved module firebase-admin {"declared":true,"installed":true,"version":"13.1.0","resolution":"C:\\Users\\adm\\Documents\\workspace_igor\\eck_v3\\ECK\\functions\\node_modules\\firebase-admin\\lib\\index.js"} {"metadata":{"emulator":{"name":"functions"},"function":{"name":"us-central1-sendBrandedPasswordResetEmail"},"extension":{},"message":"[runtime-status] [11860] Resolved module firebase-admin {\"declared\":true,\"installed\":true,\"version\":\"13.1.0\",\"resolution\":\"C:\\\\Users\\\\adm\\\\Documents\\\\workspace_igor\\\\eck_v3\\\\ECK\\\\functions\\\\node_modules\\\\firebase-admin\\\\lib\\\\index.js\"}"}}
[debug] [2026-09-17T16:40:05.615Z] [runtime-status] [11860] Resolved module firebase-functions {"declared":true,"installed":true,"version":"6.3.1","resolution":"C:\\Users\\adm\\Documents\\workspace_igor\\eck_v3\\ECK\\functions\\node_modules\\firebase-functions\\lib\\v2\\index.js"} {"metadata":{"emulator":{"name":"functions"},"function":{"name":"us-central1-sendBrandedPasswordResetEmail"},"extension":{},"message":"[runtime-status] [11860] Resolved module firebase-functions {\"declared\":true,\"installed\":true,\"version\":\"6.3.1\",\"resolution\":\"C:\\\\Users\\\\adm\\\\Documents\\\\workspace_igor\\\\eck_v3\\\\ECK\\\\functions\\\\node_modules\\\\firebase-functions\\\\lib\\\\v2\\\\index.js\"}"}}
[debug] [2026-09-17T16:40:05.615Z] [runtime-status] [11860] firebase-admin has been stubbed. {"adminResolution":{"declared":true,"installed":true,"version":"13.1.0","resolution":"C:\\Users\\adm\\Documents\\workspace_igor\\eck_v3\\ECK\\functions\\node_modules\\firebase-admin\\lib\\index.js"}} {"metadata":{"emulator":{"name":"functions"},"function":{"name":"us-central1-sendBrandedPasswordResetEmail"},"extension":{},"message":"[runtime-status] [11860] firebase-admin has been stubbed. {\"adminResolution\":{\"declared\":true,\"installed\":true,\"version\":\"13.1.0\",\"resolution\":\"C:\\\\Users\\\\adm\\\\Documents\\\\workspace_igor\\\\eck_v3\\\\ECK\\\\functions\\\\node_modules\\\\firebase-admin\\\\lib\\\\index.js\"}}"}}
[debug] [2026-09-17T16:40:05.926Z] [runtime-status] [11860] Functions runtime initialized. {"cwd":"C:\\Users\\adm\\Documents\\workspace_igor\\eck_v3\\ECK\\functions","node_version":"20.19.0"} {"metadata":{"emulator":{"name":"functions"},"function":{"name":"us-central1-sendBrandedPasswordResetEmail"},"extension":{},"message":"[runtime-status] [11860] Functions runtime initialized. {\"cwd\":\"C:\\\\Users\\\\adm\\\\Documents\\\\workspace_igor\\\\eck_v3\\\\ECK\\\\functions\",\"node_version\":\"20.19.0\"}"}}
[debug] [2026-09-17T16:40:05.926Z] [runtime-status] [11860] Listening to port: \\?\pipe\fire_emu_c32c19c94aa528ca {"metadata":{"emulator":{"name":"functions"},"function":{"name":"us-central1-sendBrandedPasswordResetEmail"},"extension":{},"message":"[runtime-status] [11860] Listening to port: \\\\?\\pipe\\fire_emu_c32c19c94aa528ca"}}
[debug] [2026-09-17T16:40:06.037Z] [worker-us-central1-sendBrandedPasswordResetEmail-243c4d22-3c13-45ff-83f2-ec3f67b74de8]: IDLE {"metadata":{"emulator":{"name":"functions"},"function":{"name":"us-central1-sendBrandedPasswordResetEmail"},"extension":{},"message":"[worker-us-central1-sendBrandedPasswordResetEmail-243c4d22-3c13-45ff-83f2-ec3f67b74de8]: IDLE"}}
[debug] [2026-09-17T16:40:06.037Z] [worker-pool] submitRequest(triggerId=us-central1-sendBrandedPasswordResetEmail) {"metadata":{"emulator":{"name":"functions"},"message":"[worker-pool] submitRequest(triggerId=us-central1-sendBrandedPasswordResetEmail)"}}
[info] i  functions: Beginning execution of "us-central1-sendBrandedPasswordResetEmail" {"metadata":{"emulator":{"name":"functions"},"function":{"name":"us-central1-sendBrandedPasswordResetEmail"},"extension":{},"message":"Beginning execution of \"us-central1-sendBrandedPasswordResetEmail\""}}
[debug] [2026-09-17T16:40:06.037Z] [worker-us-central1-sendBrandedPasswordResetEmail-243c4d22-3c13-45ff-83f2-ec3f67b74de8]: BUSY {"metadata":{"emulator":{"name":"functions"},"function":{"name":"us-central1-sendBrandedPasswordResetEmail"},"extension":{},"message":"[worker-us-central1-sendBrandedPasswordResetEmail-243c4d22-3c13-45ff-83f2-ec3f67b74de8]: BUSY"}}
[debug] [2026-09-17T16:40:06.058Z] Finishing up request with event=pause {"metadata":{"emulator":{"name":"functions"},"function":{"name":"us-central1-sendBrandedPasswordResetEmail"},"extension":{},"message":"Finishing up request with event=pause"}}
[info] i  functions: Finished "us-central1-sendBrandedPasswordResetEmail" in 20.9369ms {"metadata":{"emulator":{"name":"functions"},"function":{"name":"us-central1-sendBrandedPasswordResetEmail"},"extension":{},"message":"Finished \"us-central1-sendBrandedPasswordResetEmail\" in 20.9369ms"}}
[debug] [2026-09-17T16:40:06.058Z] [worker-us-central1-sendBrandedPasswordResetEmail-243c4d22-3c13-45ff-83f2-ec3f67b74de8]: IDLE {"metadata":{"emulator":{"name":"functions"},"function":{"name":"us-central1-sendBrandedPasswordResetEmail"},"extension":{},"message":"[worker-us-central1-sendBrandedPasswordResetEmail-243c4d22-3c13-45ff-83f2-ec3f67b74de8]: IDLE"}}
[debug] [2026-09-17T16:40:06.058Z] Finishing up request with event=finish {"metadata":{"emulator":{"name":"functions"},"function":{"name":"us-central1-sendBrandedPasswordResetEmail"},"extension":{},"message":"Finishing up request with event=finish"}}
[debug] [2026-09-17T16:40:06.058Z] Finishing up request with event=close {"metadata":{"emulator":{"name":"functions"},"function":{"name":"us-central1-sendBrandedPasswordResetEmail"},"extension":{},"message":"Finishing up request with event=close"}}
[debug] [2026-09-17T16:40:06.058Z] [work-queue] {"queuedWork":[],"queueLength":0,"runningWork":[],"workRunningCount":0}
[info] >  SyntaxError: Expected property name or '}' in JSON at position 1 {"user":"SyntaxError: Expected property name or '}' in JSON at position 1","metadata":{"emulator":{"name":"functions"},"function":{"name":"us-central1-sendBrandedPasswordResetEmail"},"extension":{},"message":">  SyntaxError: Expected property name or '}' in JSON at position 1"}}
[info] >      at JSON.parse (<anonymous>) {"user":"    at JSON.parse (<anonymous>)","metadata":{"emulator":{"name":"functions"},"function":{"name":"us-central1-sendBrandedPasswordResetEmail"},"extension":{},"message":">      at JSON.parse (<anonymous>)"}}
[info] >      at parse (C:\Users\adm\AppData\Local\nvm\v20.19.0\node_modules\firebase-tools\node_modules\body-parser\lib\types\json.js:92:19) {"user":"    at parse (C:\\Users\\adm\\AppData\\Local\\nvm\\v20.19.0\\node_modules\\firebase-tools\\node_modules\\body-parser\\lib\\types\\json.js:92:19)","metadata":{"emulator":{"name":"functions"},"function":{"name":"us-central1-sendBrandedPasswordResetEmail"},"extension":{},"message":">      at parse (C:\\Users\\adm\\AppData\\Local\\nvm\\v20.19.0\\node_modules\\firebase-tools\\node_modules\\body-parser\\lib\\types\\json.js:92:19)"}}
[info] >      at C:\Users\adm\AppData\Local\nvm\v20.19.0\node_modules\firebase-tools\node_modules\body-parser\lib\read.js:128:18 {"user":"    at C:\\Users\\adm\\AppData\\Local\\nvm\\v20.19.0\\node_modules\\firebase-tools\\node_modules\\body-parser\\lib\\read.js:128:18","metadata":{"emulator":{"name":"functions"},"function":{"name":"us-central1-sendBrandedPasswordResetEmail"},"extension":{},"message":">      at C:\\Users\\adm\\AppData\\Local\\nvm\\v20.19.0\\node_modules\\firebase-tools\\node_modules\\body-parser\\lib\\read.js:128:18"}}
[info] >      at AsyncResource.runInAsyncScope (node:async_hooks:206:9) {"user":"    at AsyncResource.runInAsyncScope (node:async_hooks:206:9)","metadata":{"emulator":{"name":"functions"},"function":{"name":"us-central1-sendBrandedPasswordResetEmail"},"extension":{},"message":">      at AsyncResource.runInAsyncScope (node:async_hooks:206:9)"}}
[info] >      at invokeCallback (C:\Users\adm\AppData\Local\nvm\v20.19.0\node_modules\firebase-tools\node_modules\raw-body\index.js:238:16) {"user":"    at invokeCallback (C:\\Users\\adm\\AppData\\Local\\nvm\\v20.19.0\\node_modules\\firebase-tools\\node_modules\\raw-body\\index.js:238:16)","metadata":{"emulator":{"name":"functions"},"function":{"name":"us-central1-sendBrandedPasswordResetEmail"},"extension":{},"message":">      at invokeCallback (C:\\Users\\adm\\AppData\\Local\\nvm\\v20.19.0\\node_modules\\firebase-tools\\node_modules\\raw-body\\index.js:238:16)"}}
[info] >      at done (C:\Users\adm\AppData\Local\nvm\v20.19.0\node_modules\firebase-tools\node_modules\raw-body\index.js:227:7) {"user":"    at done (C:\\Users\\adm\\AppData\\Local\\nvm\\v20.19.0\\node_modules\\firebase-tools\\node_modules\\raw-body\\index.js:227:7)","metadata":{"emulator":{"name":"functions"},"function":{"name":"us-central1-sendBrandedPasswordResetEmail"},"extension":{},"message":">      at done (C:\\Users\\adm\\AppData\\Local\\nvm\\v20.19.0\\node_modules\\firebase-tools\\node_modules\\raw-body\\index.js:227:7)"}}
[info] >      at IncomingMessage.onEnd (C:\Users\adm\AppData\Local\nvm\v20.19.0\node_modules\firebase-tools\node_modules\raw-body\index.js:287:7) {"user":"    at IncomingMessage.onEnd (C:\\Users\\adm\\AppData\\Local\\nvm\\v20.19.0\\node_modules\\firebase-tools\\node_modules\\raw-body\\index.js:287:7)","metadata":{"emulator":{"name":"functions"},"function":{"name":"us-central1-sendBrandedPasswordResetEmail"},"extension":{},"message":">      at IncomingMessage.onEnd (C:\\Users\\adm\\AppData\\Local\\nvm\\v20.19.0\\node_modules\\firebase-tools\\node_modules\\raw-body\\index.js:287:7)"}}
[info] >      at IncomingMessage.emit (node:events:524:28) {"user":"    at IncomingMessage.emit (node:events:524:28)","metadata":{"emulator":{"name":"functions"},"function":{"name":"us-central1-sendBrandedPasswordResetEmail"},"extension":{},"message":">      at IncomingMessage.emit (node:events:524:28)"}}
[info] >      at endReadableNT (node:internal/streams/readable:1698:12) {"user":"    at endReadableNT (node:internal/streams/readable:1698:12)","metadata":{"emulator":{"name":"functions"},"function":{"name":"us-central1-sendBrandedPasswordResetEmail"},"extension":{},"message":">      at endReadableNT (node:internal/streams/readable:1698:12)"}}
[info] >      at process.processTicksAndRejections (node:internal/process/task_queues:82:21) {"user":"    at process.processTicksAndRejections (node:internal/process/task_queues:82:21)","metadata":{"emulator":{"name":"functions"},"function":{"name":"us-central1-sendBrandedPasswordResetEmail"},"extension":{},"message":">      at process.processTicksAndRejections (node:internal/process/task_queues:82:21)"}}
[debug] [2026-09-17T16:40:09.315Z] [work-queue] {"queuedWork":["/pwa-workana/us-central1/sendBrandedPasswordResetEmail-2026-09-17T16:40:09.315Z"],"queueLength":1,"runningWork":[],"workRunningCount":0}
[debug] [2026-09-17T16:40:09.315Z] [work-queue] {"queuedWork":[],"queueLength":0,"runningWork":["/pwa-workana/us-central1/sendBrandedPasswordResetEmail-2026-09-17T16:40:09.315Z"],"workRunningCount":1}
[debug] [2026-09-17T16:40:09.315Z] Accepted request POST /pwa-workana/us-central1/sendBrandedPasswordResetEmail --> us-central1-sendBrandedPasswordResetEmail
[debug] [2026-09-17T16:40:09.318Z] [functions] Runtime ready! Sending request! {"metadata":{"emulator":{"name":"functions"},"message":"[functions] Runtime ready! Sending request!"}}
[debug] [2026-09-17T16:40:09.318Z] [functions] Got req.url=/pwa-workana/us-central1/sendBrandedPasswordResetEmail, mapping to path=/ {"metadata":{"emulator":{"name":"functions"},"message":"[functions] Got req.url=/pwa-workana/us-central1/sendBrandedPasswordResetEmail, mapping to path=/"}}
[debug] [2026-09-17T16:40:09.318Z] [worker-pool] submitRequest(triggerId=us-central1-sendBrandedPasswordResetEmail) {"metadata":{"emulator":{"name":"functions"},"message":"[worker-pool] submitRequest(triggerId=us-central1-sendBrandedPasswordResetEmail)"}}
[info] i  functions: Beginning execution of "us-central1-sendBrandedPasswordResetEmail" {"metadata":{"emulator":{"name":"functions"},"function":{"name":"us-central1-sendBrandedPasswordResetEmail"},"extension":{},"message":"Beginning execution of \"us-central1-sendBrandedPasswordResetEmail\""}}
[debug] [2026-09-17T16:40:09.319Z] [worker-us-central1-sendBrandedPasswordResetEmail-243c4d22-3c13-45ff-83f2-ec3f67b74de8]: BUSY {"metadata":{"emulator":{"name":"functions"},"function":{"name":"us-central1-sendBrandedPasswordResetEmail"},"extension":{},"message":"[worker-us-central1-sendBrandedPasswordResetEmail-243c4d22-3c13-45ff-83f2-ec3f67b74de8]: BUSY"}}
[info] >  {"verifications":{"app":"MISSING","auth":"MISSING"},"logging.googleapis.com/labels":{"firebase-log-type":"callable-request-verification"},"severity":"DEBUG","message":"Callable request verification passed"} {"user":{"verifications":{"app":"MISSING","auth":"MISSING"},"logging.googleapis.com/labels":{"firebase-log-type":"callable-request-verification"},"severity":"DEBUG","message":"Callable request verification passed"},"metadata":{"emulator":{"name":"functions"},"function":{"name":"us-central1-sendBrandedPasswordResetEmail"},"extension":{},"message":">  {\"verifications\":{\"app\":\"MISSING\",\"auth\":\"MISSING\"},\"logging.googleapis.com/labels\":{\"firebase-log-type\":\"callable-request-verification\"},\"severity\":\"DEBUG\",\"message\":\"Callable request verification passed\"}"}}
[debug] [2026-09-17T16:40:09.324Z] [runtime-status] [11860] initializeApp(DEFAULT) {"projectId":"pwa-workana","storageBucket":"pwa-workana.firebasestorage.app"} {"metadata":{"emulator":{"name":"functions"},"function":{"name":"us-central1-sendBrandedPasswordResetEmail"},"extension":{},"message":"[runtime-status] [11860] initializeApp(DEFAULT) {\"projectId\":\"pwa-workana\",\"storageBucket\":\"pwa-workana.firebasestorage.app\"}"}}
[warn] !  Google API requested!
   - URL: "https://oauth2.googleapis.com/token"
   - Be careful, this may be a production service. {"metadata":{"emulator":{"name":"functions"},"function":{"name":"us-central1-sendBrandedPasswordResetEmail"},"extension":{},"message":"Google API requested!\n   - URL: \"https://oauth2.googleapis.com/token\"\n   - Be careful, this may be a production service."}}
[debug] [2026-09-17T16:40:17.285Z] Finishing up request with event=pause {"metadata":{"emulator":{"name":"functions"},"function":{"name":"us-central1-sendBrandedPasswordResetEmail"},"extension":{},"message":"Finishing up request with event=pause"}}
[info] i  functions: Finished "us-central1-sendBrandedPasswordResetEmail" in 7967.027ms {"metadata":{"emulator":{"name":"functions"},"function":{"name":"us-central1-sendBrandedPasswordResetEmail"},"extension":{},"message":"Finished \"us-central1-sendBrandedPasswordResetEmail\" in 7967.027ms"}}
[debug] [2026-09-17T16:40:17.286Z] [worker-us-central1-sendBrandedPasswordResetEmail-243c4d22-3c13-45ff-83f2-ec3f67b74de8]: IDLE {"metadata":{"emulator":{"name":"functions"},"function":{"name":"us-central1-sendBrandedPasswordResetEmail"},"extension":{},"message":"[worker-us-central1-sendBrandedPasswordResetEmail-243c4d22-3c13-45ff-83f2-ec3f67b74de8]: IDLE"}}
[debug] [2026-09-17T16:40:17.286Z] Finishing up request with event=finish {"metadata":{"emulator":{"name":"functions"},"function":{"name":"us-central1-sendBrandedPasswordResetEmail"},"extension":{},"message":"Finishing up request with event=finish"}}
[debug] [2026-09-17T16:40:17.286Z] Finishing up request with event=close {"metadata":{"emulator":{"name":"functions"},"function":{"name":"us-central1-sendBrandedPasswordResetEmail"},"extension":{},"message":"Finishing up request with event=close"}}
[debug] [2026-09-17T16:40:17.286Z] [work-queue] {"queuedWork":[],"queueLength":0,"runningWork":[],"workRunningCount":0}
[debug] [2026-09-17T16:44:59.859Z] [work-queue] {"queuedWork":["/pwa-workana/us-central1/sendBrandedPasswordResetEmail-2026-09-17T16:44:59.859Z"],"queueLength":1,"runningWork":[],"workRunningCount":0}
[debug] [2026-09-17T16:44:59.859Z] [work-queue] {"queuedWork":[],"queueLength":0,"runningWork":["/pwa-workana/us-central1/sendBrandedPasswordResetEmail-2026-09-17T16:44:59.859Z"],"workRunningCount":1}
[debug] [2026-09-17T16:44:59.859Z] Accepted request OPTIONS /pwa-workana/us-central1/sendBrandedPasswordResetEmail --> us-central1-sendBrandedPasswordResetEmail
[debug] [2026-09-17T16:44:59.861Z] [functions] Runtime ready! Sending request! {"metadata":{"emulator":{"name":"functions"},"message":"[functions] Runtime ready! Sending request!"}}
[debug] [2026-09-17T16:44:59.861Z] [functions] Got req.url=/pwa-workana/us-central1/sendBrandedPasswordResetEmail, mapping to path=/ {"metadata":{"emulator":{"name":"functions"},"message":"[functions] Got req.url=/pwa-workana/us-central1/sendBrandedPasswordResetEmail, mapping to path=/"}}
[debug] [2026-09-17T16:44:59.861Z] [worker-pool] submitRequest(triggerId=us-central1-sendBrandedPasswordResetEmail) {"metadata":{"emulator":{"name":"functions"},"message":"[worker-pool] submitRequest(triggerId=us-central1-sendBrandedPasswordResetEmail)"}}
[info] i  functions: Beginning execution of "us-central1-sendBrandedPasswordResetEmail" {"metadata":{"emulator":{"name":"functions"},"function":{"name":"us-central1-sendBrandedPasswordResetEmail"},"extension":{},"message":"Beginning execution of \"us-central1-sendBrandedPasswordResetEmail\""}}
[debug] [2026-09-17T16:44:59.862Z] [worker-us-central1-sendBrandedPasswordResetEmail-243c4d22-3c13-45ff-83f2-ec3f67b74de8]: BUSY {"metadata":{"emulator":{"name":"functions"},"function":{"name":"us-central1-sendBrandedPasswordResetEmail"},"extension":{},"message":"[worker-us-central1-sendBrandedPasswordResetEmail-243c4d22-3c13-45ff-83f2-ec3f67b74de8]: BUSY"}}
[debug] [2026-09-17T16:44:59.864Z] Finishing up request with event=pause {"metadata":{"emulator":{"name":"functions"},"function":{"name":"us-central1-sendBrandedPasswordResetEmail"},"extension":{},"message":"Finishing up request with event=pause"}}
[info] i  functions: Finished "us-central1-sendBrandedPasswordResetEmail" in 2.1871ms {"metadata":{"emulator":{"name":"functions"},"function":{"name":"us-central1-sendBrandedPasswordResetEmail"},"extension":{},"message":"Finished \"us-central1-sendBrandedPasswordResetEmail\" in 2.1871ms"}}
[debug] [2026-09-17T16:44:59.864Z] [worker-us-central1-sendBrandedPasswordResetEmail-243c4d22-3c13-45ff-83f2-ec3f67b74de8]: IDLE {"metadata":{"emulator":{"name":"functions"},"function":{"name":"us-central1-sendBrandedPasswordResetEmail"},"extension":{},"message":"[worker-us-central1-sendBrandedPasswordResetEmail-243c4d22-3c13-45ff-83f2-ec3f67b74de8]: IDLE"}}
[debug] [2026-09-17T16:44:59.864Z] Finishing up request with event=finish {"metadata":{"emulator":{"name":"functions"},"function":{"name":"us-central1-sendBrandedPasswordResetEmail"},"extension":{},"message":"Finishing up request with event=finish"}}
[debug] [2026-09-17T16:44:59.864Z] Finishing up request with event=close {"metadata":{"emulator":{"name":"functions"},"function":{"name":"us-central1-sendBrandedPasswordResetEmail"},"extension":{},"message":"Finishing up request with event=close"}}
[debug] [2026-09-17T16:44:59.864Z] [work-queue] {"queuedWork":[],"queueLength":0,"runningWork":[],"workRunningCount":0}
[debug] [2026-09-17T16:44:59.865Z] [work-queue] {"queuedWork":["/pwa-workana/us-central1/sendBrandedPasswordResetEmail-2026-09-17T16:44:59.865Z"],"queueLength":1,"runningWork":[],"workRunningCount":0}
[debug] [2026-09-17T16:44:59.865Z] [work-queue] {"queuedWork":[],"queueLength":0,"runningWork":["/pwa-workana/us-central1/sendBrandedPasswordResetEmail-2026-09-17T16:44:59.865Z"],"workRunningCount":1}
[debug] [2026-09-17T16:44:59.865Z] Accepted request POST /pwa-workana/us-central1/sendBrandedPasswordResetEmail --> us-central1-sendBrandedPasswordResetEmail
[debug] [2026-09-17T16:44:59.867Z] [functions] Runtime ready! Sending request! {"metadata":{"emulator":{"name":"functions"},"message":"[functions] Runtime ready! Sending request!"}}
[debug] [2026-09-17T16:44:59.867Z] [functions] Got req.url=/pwa-workana/us-central1/sendBrandedPasswordResetEmail, mapping to path=/ {"metadata":{"emulator":{"name":"functions"},"message":"[functions] Got req.url=/pwa-workana/us-central1/sendBrandedPasswordResetEmail, mapping to path=/"}}
[debug] [2026-09-17T16:44:59.867Z] [worker-pool] submitRequest(triggerId=us-central1-sendBrandedPasswordResetEmail) {"metadata":{"emulator":{"name":"functions"},"message":"[worker-pool] submitRequest(triggerId=us-central1-sendBrandedPasswordResetEmail)"}}
[info] i  functions: Beginning execution of "us-central1-sendBrandedPasswordResetEmail" {"metadata":{"emulator":{"name":"functions"},"function":{"name":"us-central1-sendBrandedPasswordResetEmail"},"extension":{},"message":"Beginning execution of \"us-central1-sendBrandedPasswordResetEmail\""}}
[debug] [2026-09-17T16:44:59.867Z] [worker-us-central1-sendBrandedPasswordResetEmail-243c4d22-3c13-45ff-83f2-ec3f67b74de8]: BUSY {"metadata":{"emulator":{"name":"functions"},"function":{"name":"us-central1-sendBrandedPasswordResetEmail"},"extension":{},"message":"[worker-us-central1-sendBrandedPasswordResetEmail-243c4d22-3c13-45ff-83f2-ec3f67b74de8]: BUSY"}}
[info] >  {"verifications":{"app":"MISSING","auth":"VALID"},"logging.googleapis.com/labels":{"firebase-log-type":"callable-request-verification"},"severity":"DEBUG","message":"Callable request verification passed"} {"user":{"verifications":{"app":"MISSING","auth":"VALID"},"logging.googleapis.com/labels":{"firebase-log-type":"callable-request-verification"},"severity":"DEBUG","message":"Callable request verification passed"},"metadata":{"emulator":{"name":"functions"},"function":{"name":"us-central1-sendBrandedPasswordResetEmail"},"extension":{},"message":">  {\"verifications\":{\"app\":\"MISSING\",\"auth\":\"VALID\"},\"logging.googleapis.com/labels\":{\"firebase-log-type\":\"callable-request-verification\"},\"severity\":\"DEBUG\",\"message\":\"Callable request verification passed\"}"}}
[info] >  sendBrandedPasswordResetEmail: FirebaseAuthError: Domain not whitelisted by project {"user":"sendBrandedPasswordResetEmail: FirebaseAuthError: Domain not whitelisted by project","metadata":{"emulator":{"name":"functions"},"function":{"name":"us-central1-sendBrandedPasswordResetEmail"},"extension":{},"message":">  sendBrandedPasswordResetEmail: FirebaseAuthError: Domain not whitelisted by project"}}
[info] >      at FirebaseAuthError.fromServerError (C:\Users\adm\Documents\workspace_igor\eck_v3\ECK\functions\node_modules\firebase-admin\lib\utils\error.js:148:16) {"user":"    at FirebaseAuthError.fromServerError (C:\\Users\\adm\\Documents\\workspace_igor\\eck_v3\\ECK\\functions\\node_modules\\firebase-admin\\lib\\utils\\error.js:148:16)","metadata":{"emulator":{"name":"functions"},"function":{"name":"us-central1-sendBrandedPasswordResetEmail"},"extension":{},"message":">      at FirebaseAuthError.fromServerError (C:\\Users\\adm\\Documents\\workspace_igor\\eck_v3\\ECK\\functions\\node_modules\\firebase-admin\\lib\\utils\\error.js:148:16)"}}
[info] >      at C:\Users\adm\Documents\workspace_igor\eck_v3\ECK\functions\node_modules\firebase-admin\lib\auth\auth-api-request.js:1629:49 {"user":"    at C:\\Users\\adm\\Documents\\workspace_igor\\eck_v3\\ECK\\functions\\node_modules\\firebase-admin\\lib\\auth\\auth-api-request.js:1629:49","metadata":{"emulator":{"name":"functions"},"function":{"name":"us-central1-sendBrandedPasswordResetEmail"},"extension":{},"message":">      at C:\\Users\\adm\\Documents\\workspace_igor\\eck_v3\\ECK\\functions\\node_modules\\firebase-admin\\lib\\auth\\auth-api-request.js:1629:49"}}
[info] >      at process.processTicksAndRejections (node:internal/process/task_queues:95:5) {"user":"    at process.processTicksAndRejections (node:internal/process/task_queues:95:5)","metadata":{"emulator":{"name":"functions"},"function":{"name":"us-central1-sendBrandedPasswordResetEmail"},"extension":{},"message":">      at process.processTicksAndRejections (node:internal/process/task_queues:95:5)"}}
[info] >      at async sendBrandedPasswordResetToEmail (C:\Users\adm\Documents\workspace_igor\eck_v3\ECK\functions\lib\branded-password-reset-email.js:120:23) {"user":"    at async sendBrandedPasswordResetToEmail (C:\\Users\\adm\\Documents\\workspace_igor\\eck_v3\\ECK\\functions\\lib\\branded-password-reset-email.js:120:23)","metadata":{"emulator":{"name":"functions"},"function":{"name":"us-central1-sendBrandedPasswordResetEmail"},"extension":{},"message":">      at async sendBrandedPasswordResetToEmail (C:\\Users\\adm\\Documents\\workspace_igor\\eck_v3\\ECK\\functions\\lib\\branded-password-reset-email.js:120:23)"}}
[info] >      at async C:\Users\adm\Documents\workspace_igor\eck_v3\ECK\functions\lib\branded-password-reset-email.js:148:9 {"user":"    at async C:\\Users\\adm\\Documents\\workspace_igor\\eck_v3\\ECK\\functions\\lib\\branded-password-reset-email.js:148:9","metadata":{"emulator":{"name":"functions"},"function":{"name":"us-central1-sendBrandedPasswordResetEmail"},"extension":{},"message":">      at async C:\\Users\\adm\\Documents\\workspace_igor\\eck_v3\\ECK\\functions\\lib\\branded-password-reset-email.js:148:9"}}
[info] >      at async C:\Users\adm\Documents\workspace_igor\eck_v3\ECK\functions\node_modules\firebase-functions\lib\common\providers\https.js:544:26 {"user":"    at async C:\\Users\\adm\\Documents\\workspace_igor\\eck_v3\\ECK\\functions\\node_modules\\firebase-functions\\lib\\common\\providers\\https.js:544:26","metadata":{"emulator":{"name":"functions"},"function":{"name":"us-central1-sendBrandedPasswordResetEmail"},"extension":{},"message":">      at async C:\\Users\\adm\\Documents\\workspace_igor\\eck_v3\\ECK\\functions\\node_modules\\firebase-functions\\lib\\common\\providers\\https.js:544:26"}}
[info] >      at async runFunction (C:\Users\adm\AppData\Local\nvm\v20.19.0\node_modules\firebase-tools\lib\emulator\functionsEmulatorRuntime.js:506:9) {"user":"    at async runFunction (C:\\Users\\adm\\AppData\\Local\\nvm\\v20.19.0\\node_modules\\firebase-tools\\lib\\emulator\\functionsEmulatorRuntime.js:506:9)","metadata":{"emulator":{"name":"functions"},"function":{"name":"us-central1-sendBrandedPasswordResetEmail"},"extension":{},"message":">      at async runFunction (C:\\Users\\adm\\AppData\\Local\\nvm\\v20.19.0\\node_modules\\firebase-tools\\lib\\emulator\\functionsEmulatorRuntime.js:506:9)"}}
[info] >      at async runHTTPS (C:\Users\adm\AppData\Local\nvm\v20.19.0\node_modules\firebase-tools\lib\emulator\functionsEmulatorRuntime.js:531:5) {"user":"    at async runHTTPS (C:\\Users\\adm\\AppData\\Local\\nvm\\v20.19.0\\node_modules\\firebase-tools\\lib\\emulator\\functionsEmulatorRuntime.js:531:5)","metadata":{"emulator":{"name":"functions"},"function":{"name":"us-central1-sendBrandedPasswordResetEmail"},"extension":{},"message":">      at async runHTTPS (C:\\Users\\adm\\AppData\\Local\\nvm\\v20.19.0\\node_modules\\firebase-tools\\lib\\emulator\\functionsEmulatorRuntime.js:531:5)"}}
[info] >      at async C:\Users\adm\AppData\Local\nvm\v20.19.0\node_modules\firebase-tools\lib\emulator\functionsEmulatorRuntime.js:694:21 { {"user":"    at async C:\\Users\\adm\\AppData\\Local\\nvm\\v20.19.0\\node_modules\\firebase-tools\\lib\\emulator\\functionsEmulatorRuntime.js:694:21 {","metadata":{"emulator":{"name":"functions"},"function":{"name":"us-central1-sendBrandedPasswordResetEmail"},"extension":{},"message":">      at async C:\\Users\\adm\\AppData\\Local\\nvm\\v20.19.0\\node_modules\\firebase-tools\\lib\\emulator\\functionsEmulatorRuntime.js:694:21 {"}}
[info] >    errorInfo: { {"user":"  errorInfo: {","metadata":{"emulator":{"name":"functions"},"function":{"name":"us-central1-sendBrandedPasswordResetEmail"},"extension":{},"message":">    errorInfo: {"}}
[info] >      code: 'auth/unauthorized-continue-uri', {"user":"    code: 'auth/unauthorized-continue-uri',","metadata":{"emulator":{"name":"functions"},"function":{"name":"us-central1-sendBrandedPasswordResetEmail"},"extension":{},"message":">      code: 'auth/unauthorized-continue-uri',"}}
[info] >      message: 'Domain not whitelisted by project' {"user":"    message: 'Domain not whitelisted by project'","metadata":{"emulator":{"name":"functions"},"function":{"name":"us-central1-sendBrandedPasswordResetEmail"},"extension":{},"message":">      message: 'Domain not whitelisted by project'"}}
[info] >    }, {"user":"  },","metadata":{"emulator":{"name":"functions"},"function":{"name":"us-central1-sendBrandedPasswordResetEmail"},"extension":{},"message":">    },"}}
[info] >    codePrefix: 'auth' {"user":"  codePrefix: 'auth'","metadata":{"emulator":{"name":"functions"},"function":{"name":"us-central1-sendBrandedPasswordResetEmail"},"extension":{},"message":">    codePrefix: 'auth'"}}
[info] >  } {"user":"}","metadata":{"emulator":{"name":"functions"},"function":{"name":"us-central1-sendBrandedPasswordResetEmail"},"extension":{},"message":">  }"}}
[debug] [2026-09-17T16:45:01.282Z] Finishing up request with event=pause {"metadata":{"emulator":{"name":"functions"},"function":{"name":"us-central1-sendBrandedPasswordResetEmail"},"extension":{},"message":"Finishing up request with event=pause"}}
[info] i  functions: Finished "us-central1-sendBrandedPasswordResetEmail" in 1415.209ms {"metadata":{"emulator":{"name":"functions"},"function":{"name":"us-central1-sendBrandedPasswordResetEmail"},"extension":{},"message":"Finished \"us-central1-sendBrandedPasswordResetEmail\" in 1415.209ms"}}
[debug] [2026-09-17T16:45:01.282Z] [worker-us-central1-sendBrandedPasswordResetEmail-243c4d22-3c13-45ff-83f2-ec3f67b74de8]: IDLE {"metadata":{"emulator":{"name":"functions"},"function":{"name":"us-central1-sendBrandedPasswordResetEmail"},"extension":{},"message":"[worker-us-central1-sendBrandedPasswordResetEmail-243c4d22-3c13-45ff-83f2-ec3f67b74de8]: IDLE"}}
[debug] [2026-09-17T16:45:01.282Z] Finishing up request with event=finish {"metadata":{"emulator":{"name":"functions"},"function":{"name":"us-central1-sendBrandedPasswordResetEmail"},"extension":{},"message":"Finishing up request with event=finish"}}
[debug] [2026-09-17T16:45:01.282Z] Finishing up request with event=close {"metadata":{"emulator":{"name":"functions"},"function":{"name":"us-central1-sendBrandedPasswordResetEmail"},"extension":{},"message":"Finishing up request with event=close"}}
[debug] [2026-09-17T16:45:01.282Z] [work-queue] {"queuedWork":[],"queueLength":0,"runningWork":[],"workRunningCount":0}
[debug] [2026-09-17T16:46:26.138Z] Functions emulator received unknown request at path /
[debug] [2026-09-17T16:46:31.745Z] [work-queue] {"queuedWork":["/pwa-workana/us-central1/sendBrandedPasswordResetEmail-2026-09-17T16:46:31.745Z"],"queueLength":1,"runningWork":[],"workRunningCount":0}
[debug] [2026-09-17T16:46:31.745Z] [work-queue] {"queuedWork":[],"queueLength":0,"runningWork":["/pwa-workana/us-central1/sendBrandedPasswordResetEmail-2026-09-17T16:46:31.745Z"],"workRunningCount":1}
[debug] [2026-09-17T16:46:31.745Z] Accepted request POST /pwa-workana/us-central1/sendBrandedPasswordResetEmail --> us-central1-sendBrandedPasswordResetEmail
[debug] [2026-09-17T16:46:31.748Z] [functions] Runtime ready! Sending request! {"metadata":{"emulator":{"name":"functions"},"message":"[functions] Runtime ready! Sending request!"}}
[debug] [2026-09-17T16:46:31.749Z] [functions] Got req.url=/pwa-workana/us-central1/sendBrandedPasswordResetEmail, mapping to path=/ {"metadata":{"emulator":{"name":"functions"},"message":"[functions] Got req.url=/pwa-workana/us-central1/sendBrandedPasswordResetEmail, mapping to path=/"}}
[debug] [2026-09-17T16:46:31.749Z] [worker-pool] submitRequest(triggerId=us-central1-sendBrandedPasswordResetEmail) {"metadata":{"emulator":{"name":"functions"},"message":"[worker-pool] submitRequest(triggerId=us-central1-sendBrandedPasswordResetEmail)"}}
[info] i  functions: Beginning execution of "us-central1-sendBrandedPasswordResetEmail" {"metadata":{"emulator":{"name":"functions"},"function":{"name":"us-central1-sendBrandedPasswordResetEmail"},"extension":{},"message":"Beginning execution of \"us-central1-sendBrandedPasswordResetEmail\""}}
[debug] [2026-09-17T16:46:31.749Z] [worker-us-central1-sendBrandedPasswordResetEmail-243c4d22-3c13-45ff-83f2-ec3f67b74de8]: BUSY {"metadata":{"emulator":{"name":"functions"},"function":{"name":"us-central1-sendBrandedPasswordResetEmail"},"extension":{},"message":"[worker-us-central1-sendBrandedPasswordResetEmail-243c4d22-3c13-45ff-83f2-ec3f67b74de8]: BUSY"}}
[info] >  {"verifications":{"app":"MISSING","auth":"MISSING"},"logging.googleapis.com/labels":{"firebase-log-type":"callable-request-verification"},"severity":"DEBUG","message":"Callable request verification passed"} {"user":{"verifications":{"app":"MISSING","auth":"MISSING"},"logging.googleapis.com/labels":{"firebase-log-type":"callable-request-verification"},"severity":"DEBUG","message":"Callable request verification passed"},"metadata":{"emulator":{"name":"functions"},"function":{"name":"us-central1-sendBrandedPasswordResetEmail"},"extension":{},"message":">  {\"verifications\":{\"app\":\"MISSING\",\"auth\":\"MISSING\"},\"logging.googleapis.com/labels\":{\"firebase-log-type\":\"callable-request-verification\"},\"severity\":\"DEBUG\",\"message\":\"Callable request verification passed\"}"}}
[debug] [2026-09-17T16:46:37.242Z] Finishing up request with event=pause {"metadata":{"emulator":{"name":"functions"},"function":{"name":"us-central1-sendBrandedPasswordResetEmail"},"extension":{},"message":"Finishing up request with event=pause"}}
[info] i  functions: Finished "us-central1-sendBrandedPasswordResetEmail" in 5492.6611ms {"metadata":{"emulator":{"name":"functions"},"function":{"name":"us-central1-sendBrandedPasswordResetEmail"},"extension":{},"message":"Finished \"us-central1-sendBrandedPasswordResetEmail\" in 5492.6611ms"}}
[debug] [2026-09-17T16:46:37.242Z] [worker-us-central1-sendBrandedPasswordResetEmail-243c4d22-3c13-45ff-83f2-ec3f67b74de8]: IDLE {"metadata":{"emulator":{"name":"functions"},"function":{"name":"us-central1-sendBrandedPasswordResetEmail"},"extension":{},"message":"[worker-us-central1-sendBrandedPasswordResetEmail-243c4d22-3c13-45ff-83f2-ec3f67b74de8]: IDLE"}}
[debug] [2026-09-17T16:46:37.242Z] Finishing up request with event=finish {"metadata":{"emulator":{"name":"functions"},"function":{"name":"us-central1-sendBrandedPasswordResetEmail"},"extension":{},"message":"Finishing up request with event=finish"}}
[debug] [2026-09-17T16:46:37.242Z] Finishing up request with event=close {"metadata":{"emulator":{"name":"functions"},"function":{"name":"us-central1-sendBrandedPasswordResetEmail"},"extension":{},"message":"Finishing up request with event=close"}}
[debug] [2026-09-17T16:46:37.242Z] [work-queue] {"queuedWork":[],"queueLength":0,"runningWork":[],"workRunningCount":0}
[debug] [2026-09-17T16:49:32.607Z] [work-queue] {"queuedWork":["/pwa-workana/us-central1/sendBrandedPasswordResetEmail-2026-09-17T16:49:32.607Z"],"queueLength":1,"runningWork":[],"workRunningCount":0}
[debug] [2026-09-17T16:49:32.607Z] [work-queue] {"queuedWork":[],"queueLength":0,"runningWork":["/pwa-workana/us-central1/sendBrandedPasswordResetEmail-2026-09-17T16:49:32.607Z"],"workRunningCount":1}
[debug] [2026-09-17T16:49:32.607Z] Accepted request OPTIONS /pwa-workana/us-central1/sendBrandedPasswordResetEmail --> us-central1-sendBrandedPasswordResetEmail
[debug] [2026-09-17T16:49:32.612Z] [functions] Runtime ready! Sending request! {"metadata":{"emulator":{"name":"functions"},"message":"[functions] Runtime ready! Sending request!"}}
[debug] [2026-09-17T16:49:32.612Z] [functions] Got req.url=/pwa-workana/us-central1/sendBrandedPasswordResetEmail, mapping to path=/ {"metadata":{"emulator":{"name":"functions"},"message":"[functions] Got req.url=/pwa-workana/us-central1/sendBrandedPasswordResetEmail, mapping to path=/"}}
[debug] [2026-09-17T16:49:32.613Z] [worker-pool] submitRequest(triggerId=us-central1-sendBrandedPasswordResetEmail) {"metadata":{"emulator":{"name":"functions"},"message":"[worker-pool] submitRequest(triggerId=us-central1-sendBrandedPasswordResetEmail)"}}
[info] i  functions: Beginning execution of "us-central1-sendBrandedPasswordResetEmail" {"metadata":{"emulator":{"name":"functions"},"function":{"name":"us-central1-sendBrandedPasswordResetEmail"},"extension":{},"message":"Beginning execution of \"us-central1-sendBrandedPasswordResetEmail\""}}
[debug] [2026-09-17T16:49:32.613Z] [worker-us-central1-sendBrandedPasswordResetEmail-243c4d22-3c13-45ff-83f2-ec3f67b74de8]: BUSY {"metadata":{"emulator":{"name":"functions"},"function":{"name":"us-central1-sendBrandedPasswordResetEmail"},"extension":{},"message":"[worker-us-central1-sendBrandedPasswordResetEmail-243c4d22-3c13-45ff-83f2-ec3f67b74de8]: BUSY"}}
[debug] [2026-09-17T16:49:32.616Z] Finishing up request with event=pause {"metadata":{"emulator":{"name":"functions"},"function":{"name":"us-central1-sendBrandedPasswordResetEmail"},"extension":{},"message":"Finishing up request with event=pause"}}
[info] i  functions: Finished "us-central1-sendBrandedPasswordResetEmail" in 3.2524ms {"metadata":{"emulator":{"name":"functions"},"function":{"name":"us-central1-sendBrandedPasswordResetEmail"},"extension":{},"message":"Finished \"us-central1-sendBrandedPasswordResetEmail\" in 3.2524ms"}}
[debug] [2026-09-17T16:49:32.616Z] [worker-us-central1-sendBrandedPasswordResetEmail-243c4d22-3c13-45ff-83f2-ec3f67b74de8]: IDLE {"metadata":{"emulator":{"name":"functions"},"function":{"name":"us-central1-sendBrandedPasswordResetEmail"},"extension":{},"message":"[worker-us-central1-sendBrandedPasswordResetEmail-243c4d22-3c13-45ff-83f2-ec3f67b74de8]: IDLE"}}
[debug] [2026-09-17T16:49:32.617Z] Finishing up request with event=finish {"metadata":{"emulator":{"name":"functions"},"function":{"name":"us-central1-sendBrandedPasswordResetEmail"},"extension":{},"message":"Finishing up request with event=finish"}}
[debug] [2026-09-17T16:49:32.617Z] Finishing up request with event=close {"metadata":{"emulator":{"name":"functions"},"function":{"name":"us-central1-sendBrandedPasswordResetEmail"},"extension":{},"message":"Finishing up request with event=close"}}
[debug] [2026-09-17T16:49:32.617Z] [work-queue] {"queuedWork":[],"queueLength":0,"runningWork":[],"workRunningCount":0}
[debug] [2026-09-17T16:49:32.618Z] [work-queue] {"queuedWork":["/pwa-workana/us-central1/sendBrandedPasswordResetEmail-2026-09-17T16:49:32.618Z"],"queueLength":1,"runningWork":[],"workRunningCount":0}
[debug] [2026-09-17T16:49:32.618Z] [work-queue] {"queuedWork":[],"queueLength":0,"runningWork":["/pwa-workana/us-central1/sendBrandedPasswordResetEmail-2026-09-17T16:49:32.618Z"],"workRunningCount":1}
[debug] [2026-09-17T16:49:32.618Z] Accepted request POST /pwa-workana/us-central1/sendBrandedPasswordResetEmail --> us-central1-sendBrandedPasswordResetEmail
[debug] [2026-09-17T16:49:32.622Z] [functions] Runtime ready! Sending request! {"metadata":{"emulator":{"name":"functions"},"message":"[functions] Runtime ready! Sending request!"}}
[debug] [2026-09-17T16:49:32.624Z] [functions] Got req.url=/pwa-workana/us-central1/sendBrandedPasswordResetEmail, mapping to path=/ {"metadata":{"emulator":{"name":"functions"},"message":"[functions] Got req.url=/pwa-workana/us-central1/sendBrandedPasswordResetEmail, mapping to path=/"}}
[debug] [2026-09-17T16:49:32.624Z] [worker-pool] submitRequest(triggerId=us-central1-sendBrandedPasswordResetEmail) {"metadata":{"emulator":{"name":"functions"},"message":"[worker-pool] submitRequest(triggerId=us-central1-sendBrandedPasswordResetEmail)"}}
[info] i  functions: Beginning execution of "us-central1-sendBrandedPasswordResetEmail" {"metadata":{"emulator":{"name":"functions"},"function":{"name":"us-central1-sendBrandedPasswordResetEmail"},"extension":{},"message":"Beginning execution of \"us-central1-sendBrandedPasswordResetEmail\""}}
[debug] [2026-09-17T16:49:32.624Z] [worker-us-central1-sendBrandedPasswordResetEmail-243c4d22-3c13-45ff-83f2-ec3f67b74de8]: BUSY {"metadata":{"emulator":{"name":"functions"},"function":{"name":"us-central1-sendBrandedPasswordResetEmail"},"extension":{},"message":"[worker-us-central1-sendBrandedPasswordResetEmail-243c4d22-3c13-45ff-83f2-ec3f67b74de8]: BUSY"}}
[info] >  {"verifications":{"app":"MISSING","auth":"VALID"},"logging.googleapis.com/labels":{"firebase-log-type":"callable-request-verification"},"severity":"DEBUG","message":"Callable request verification passed"} {"user":{"verifications":{"app":"MISSING","auth":"VALID"},"logging.googleapis.com/labels":{"firebase-log-type":"callable-request-verification"},"severity":"DEBUG","message":"Callable request verification passed"},"metadata":{"emulator":{"name":"functions"},"function":{"name":"us-central1-sendBrandedPasswordResetEmail"},"extension":{},"message":">  {\"verifications\":{\"app\":\"MISSING\",\"auth\":\"VALID\"},\"logging.googleapis.com/labels\":{\"firebase-log-type\":\"callable-request-verification\"},\"severity\":\"DEBUG\",\"message\":\"Callable request verification passed\"}"}}
[info] >  sendBrandedPasswordResetEmail: FirebaseAuthError: Domain not whitelisted by project {"user":"sendBrandedPasswordResetEmail: FirebaseAuthError: Domain not whitelisted by project","metadata":{"emulator":{"name":"functions"},"function":{"name":"us-central1-sendBrandedPasswordResetEmail"},"extension":{},"message":">  sendBrandedPasswordResetEmail: FirebaseAuthError: Domain not whitelisted by project"}}
[info] >      at FirebaseAuthError.fromServerError (C:\Users\adm\Documents\workspace_igor\eck_v3\ECK\functions\node_modules\firebase-admin\lib\utils\error.js:148:16) {"user":"    at FirebaseAuthError.fromServerError (C:\\Users\\adm\\Documents\\workspace_igor\\eck_v3\\ECK\\functions\\node_modules\\firebase-admin\\lib\\utils\\error.js:148:16)","metadata":{"emulator":{"name":"functions"},"function":{"name":"us-central1-sendBrandedPasswordResetEmail"},"extension":{},"message":">      at FirebaseAuthError.fromServerError (C:\\Users\\adm\\Documents\\workspace_igor\\eck_v3\\ECK\\functions\\node_modules\\firebase-admin\\lib\\utils\\error.js:148:16)"}}
[info] >      at C:\Users\adm\Documents\workspace_igor\eck_v3\ECK\functions\node_modules\firebase-admin\lib\auth\auth-api-request.js:1629:49 {"user":"    at C:\\Users\\adm\\Documents\\workspace_igor\\eck_v3\\ECK\\functions\\node_modules\\firebase-admin\\lib\\auth\\auth-api-request.js:1629:49","metadata":{"emulator":{"name":"functions"},"function":{"name":"us-central1-sendBrandedPasswordResetEmail"},"extension":{},"message":">      at C:\\Users\\adm\\Documents\\workspace_igor\\eck_v3\\ECK\\functions\\node_modules\\firebase-admin\\lib\\auth\\auth-api-request.js:1629:49"}}
[info] >      at process.processTicksAndRejections (node:internal/process/task_queues:95:5) {"user":"    at process.processTicksAndRejections (node:internal/process/task_queues:95:5)","metadata":{"emulator":{"name":"functions"},"function":{"name":"us-central1-sendBrandedPasswordResetEmail"},"extension":{},"message":">      at process.processTicksAndRejections (node:internal/process/task_queues:95:5)"}}
[info] >      at async sendBrandedPasswordResetToEmail (C:\Users\adm\Documents\workspace_igor\eck_v3\ECK\functions\lib\branded-password-reset-email.js:120:23) {"user":"    at async sendBrandedPasswordResetToEmail (C:\\Users\\adm\\Documents\\workspace_igor\\eck_v3\\ECK\\functions\\lib\\branded-password-reset-email.js:120:23)","metadata":{"emulator":{"name":"functions"},"function":{"name":"us-central1-sendBrandedPasswordResetEmail"},"extension":{},"message":">      at async sendBrandedPasswordResetToEmail (C:\\Users\\adm\\Documents\\workspace_igor\\eck_v3\\ECK\\functions\\lib\\branded-password-reset-email.js:120:23)"}}
[info] >      at async C:\Users\adm\Documents\workspace_igor\eck_v3\ECK\functions\lib\branded-password-reset-email.js:148:9 {"user":"    at async C:\\Users\\adm\\Documents\\workspace_igor\\eck_v3\\ECK\\functions\\lib\\branded-password-reset-email.js:148:9","metadata":{"emulator":{"name":"functions"},"function":{"name":"us-central1-sendBrandedPasswordResetEmail"},"extension":{},"message":">      at async C:\\Users\\adm\\Documents\\workspace_igor\\eck_v3\\ECK\\functions\\lib\\branded-password-reset-email.js:148:9"}}
[info] >      at async C:\Users\adm\Documents\workspace_igor\eck_v3\ECK\functions\node_modules\firebase-functions\lib\common\providers\https.js:544:26 {"user":"    at async C:\\Users\\adm\\Documents\\workspace_igor\\eck_v3\\ECK\\functions\\node_modules\\firebase-functions\\lib\\common\\providers\\https.js:544:26","metadata":{"emulator":{"name":"functions"},"function":{"name":"us-central1-sendBrandedPasswordResetEmail"},"extension":{},"message":">      at async C:\\Users\\adm\\Documents\\workspace_igor\\eck_v3\\ECK\\functions\\node_modules\\firebase-functions\\lib\\common\\providers\\https.js:544:26"}}
[info] >      at async runFunction (C:\Users\adm\AppData\Local\nvm\v20.19.0\node_modules\firebase-tools\lib\emulator\functionsEmulatorRuntime.js:506:9) {"user":"    at async runFunction (C:\\Users\\adm\\AppData\\Local\\nvm\\v20.19.0\\node_modules\\firebase-tools\\lib\\emulator\\functionsEmulatorRuntime.js:506:9)","metadata":{"emulator":{"name":"functions"},"function":{"name":"us-central1-sendBrandedPasswordResetEmail"},"extension":{},"message":">      at async runFunction (C:\\Users\\adm\\AppData\\Local\\nvm\\v20.19.0\\node_modules\\firebase-tools\\lib\\emulator\\functionsEmulatorRuntime.js:506:9)"}}
[info] >      at async runHTTPS (C:\Users\adm\AppData\Local\nvm\v20.19.0\node_modules\firebase-tools\lib\emulator\functionsEmulatorRuntime.js:531:5) {"user":"    at async runHTTPS (C:\\Users\\adm\\AppData\\Local\\nvm\\v20.19.0\\node_modules\\firebase-tools\\lib\\emulator\\functionsEmulatorRuntime.js:531:5)","metadata":{"emulator":{"name":"functions"},"function":{"name":"us-central1-sendBrandedPasswordResetEmail"},"extension":{},"message":">      at async runHTTPS (C:\\Users\\adm\\AppData\\Local\\nvm\\v20.19.0\\node_modules\\firebase-tools\\lib\\emulator\\functionsEmulatorRuntime.js:531:5)"}}
[info] >      at async C:\Users\adm\AppData\Local\nvm\v20.19.0\node_modules\firebase-tools\lib\emulator\functionsEmulatorRuntime.js:694:21 { {"user":"    at async C:\\Users\\adm\\AppData\\Local\\nvm\\v20.19.0\\node_modules\\firebase-tools\\lib\\emulator\\functionsEmulatorRuntime.js:694:21 {","metadata":{"emulator":{"name":"functions"},"function":{"name":"us-central1-sendBrandedPasswordResetEmail"},"extension":{},"message":">      at async C:\\Users\\adm\\AppData\\Local\\nvm\\v20.19.0\\node_modules\\firebase-tools\\lib\\emulator\\functionsEmulatorRuntime.js:694:21 {"}}
[info] >    errorInfo: { {"user":"  errorInfo: {","metadata":{"emulator":{"name":"functions"},"function":{"name":"us-central1-sendBrandedPasswordResetEmail"},"extension":{},"message":">    errorInfo: {"}}
[info] >      code: 'auth/unauthorized-continue-uri', {"user":"    code: 'auth/unauthorized-continue-uri',","metadata":{"emulator":{"name":"functions"},"function":{"name":"us-central1-sendBrandedPasswordResetEmail"},"extension":{},"message":">      code: 'auth/unauthorized-continue-uri',"}}
[info] >      message: 'Domain not whitelisted by project' {"user":"    message: 'Domain not whitelisted by project'","metadata":{"emulator":{"name":"functions"},"function":{"name":"us-central1-sendBrandedPasswordResetEmail"},"extension":{},"message":">      message: 'Domain not whitelisted by project'"}}
[info] >    }, {"user":"  },","metadata":{"emulator":{"name":"functions"},"function":{"name":"us-central1-sendBrandedPasswordResetEmail"},"extension":{},"message":">    },"}}
[info] >    codePrefix: 'auth' {"user":"  codePrefix: 'auth'","metadata":{"emulator":{"name":"functions"},"function":{"name":"us-central1-sendBrandedPasswordResetEmail"},"extension":{},"message":">    codePrefix: 'auth'"}}
[info] >  } {"user":"}","metadata":{"emulator":{"name":"functions"},"function":{"name":"us-central1-sendBrandedPasswordResetEmail"},"extension":{},"message":">  }"}}
[debug] [2026-09-17T16:49:34.155Z] Finishing up request with event=pause {"metadata":{"emulator":{"name":"functions"},"function":{"name":"us-central1-sendBrandedPasswordResetEmail"},"extension":{},"message":"Finishing up request with event=pause"}}
[info] i  functions: Finished "us-central1-sendBrandedPasswordResetEmail" in 1530.8411999999998ms {"metadata":{"emulator":{"name":"functions"},"function":{"name":"us-central1-sendBrandedPasswordResetEmail"},"extension":{},"message":"Finished \"us-central1-sendBrandedPasswordResetEmail\" in 1530.8411999999998ms"}}
[debug] [2026-09-17T16:49:34.156Z] [worker-us-central1-sendBrandedPasswordResetEmail-243c4d22-3c13-45ff-83f2-ec3f67b74de8]: IDLE {"metadata":{"emulator":{"name":"functions"},"function":{"name":"us-central1-sendBrandedPasswordResetEmail"},"extension":{},"message":"[worker-us-central1-sendBrandedPasswordResetEmail-243c4d22-3c13-45ff-83f2-ec3f67b74de8]: IDLE"}}
[debug] [2026-09-17T16:49:34.156Z] Finishing up request with event=finish {"metadata":{"emulator":{"name":"functions"},"function":{"name":"us-central1-sendBrandedPasswordResetEmail"},"extension":{},"message":"Finishing up request with event=finish"}}
[debug] [2026-09-17T16:49:34.156Z] Finishing up request with event=close {"metadata":{"emulator":{"name":"functions"},"function":{"name":"us-central1-sendBrandedPasswordResetEmail"},"extension":{},"message":"Finishing up request with event=close"}}
[debug] [2026-09-17T16:49:34.156Z] [work-queue] {"queuedWork":[],"queueLength":0,"runningWork":[],"workRunningCount":0}
[debug] [2026-09-17T16:52:16.896Z] [work-queue] {"queuedWork":["/pwa-workana/us-central1/sendBrandedPasswordResetEmail-2026-09-17T16:52:16.896Z"],"queueLength":1,"runningWork":[],"workRunningCount":0}
[debug] [2026-09-17T16:52:16.896Z] [work-queue] {"queuedWork":[],"queueLength":0,"runningWork":["/pwa-workana/us-central1/sendBrandedPasswordResetEmail-2026-09-17T16:52:16.896Z"],"workRunningCount":1}
[debug] [2026-09-17T16:52:16.896Z] Accepted request OPTIONS /pwa-workana/us-central1/sendBrandedPasswordResetEmail --> us-central1-sendBrandedPasswordResetEmail
[debug] [2026-09-17T16:52:16.898Z] [functions] Runtime ready! Sending request! {"metadata":{"emulator":{"name":"functions"},"message":"[functions] Runtime ready! Sending request!"}}
[debug] [2026-09-17T16:52:16.898Z] [functions] Got req.url=/pwa-workana/us-central1/sendBrandedPasswordResetEmail, mapping to path=/ {"metadata":{"emulator":{"name":"functions"},"message":"[functions] Got req.url=/pwa-workana/us-central1/sendBrandedPasswordResetEmail, mapping to path=/"}}
[debug] [2026-09-17T16:52:16.898Z] [worker-pool] submitRequest(triggerId=us-central1-sendBrandedPasswordResetEmail) {"metadata":{"emulator":{"name":"functions"},"message":"[worker-pool] submitRequest(triggerId=us-central1-sendBrandedPasswordResetEmail)"}}
[info] i  functions: Beginning execution of "us-central1-sendBrandedPasswordResetEmail" {"metadata":{"emulator":{"name":"functions"},"function":{"name":"us-central1-sendBrandedPasswordResetEmail"},"extension":{},"message":"Beginning execution of \"us-central1-sendBrandedPasswordResetEmail\""}}
[debug] [2026-09-17T16:52:16.899Z] [worker-us-central1-sendBrandedPasswordResetEmail-243c4d22-3c13-45ff-83f2-ec3f67b74de8]: BUSY {"metadata":{"emulator":{"name":"functions"},"function":{"name":"us-central1-sendBrandedPasswordResetEmail"},"extension":{},"message":"[worker-us-central1-sendBrandedPasswordResetEmail-243c4d22-3c13-45ff-83f2-ec3f67b74de8]: BUSY"}}
[debug] [2026-09-17T16:52:16.901Z] Finishing up request with event=pause {"metadata":{"emulator":{"name":"functions"},"function":{"name":"us-central1-sendBrandedPasswordResetEmail"},"extension":{},"message":"Finishing up request with event=pause"}}
[info] i  functions: Finished "us-central1-sendBrandedPasswordResetEmail" in 2.1599ms {"metadata":{"emulator":{"name":"functions"},"function":{"name":"us-central1-sendBrandedPasswordResetEmail"},"extension":{},"message":"Finished \"us-central1-sendBrandedPasswordResetEmail\" in 2.1599ms"}}
[debug] [2026-09-17T16:52:16.901Z] [worker-us-central1-sendBrandedPasswordResetEmail-243c4d22-3c13-45ff-83f2-ec3f67b74de8]: IDLE {"metadata":{"emulator":{"name":"functions"},"function":{"name":"us-central1-sendBrandedPasswordResetEmail"},"extension":{},"message":"[worker-us-central1-sendBrandedPasswordResetEmail-243c4d22-3c13-45ff-83f2-ec3f67b74de8]: IDLE"}}
[debug] [2026-09-17T16:52:16.901Z] Finishing up request with event=finish {"metadata":{"emulator":{"name":"functions"},"function":{"name":"us-central1-sendBrandedPasswordResetEmail"},"extension":{},"message":"Finishing up request with event=finish"}}
[debug] [2026-09-17T16:52:16.901Z] Finishing up request with event=close {"metadata":{"emulator":{"name":"functions"},"function":{"name":"us-central1-sendBrandedPasswordResetEmail"},"extension":{},"message":"Finishing up request with event=close"}}
[debug] [2026-09-17T16:52:16.901Z] [work-queue] {"queuedWork":[],"queueLength":0,"runningWork":[],"workRunningCount":0}
[debug] [2026-09-17T16:52:16.902Z] [work-queue] {"queuedWork":["/pwa-workana/us-central1/sendBrandedPasswordResetEmail-2026-09-17T16:52:16.902Z"],"queueLength":1,"runningWork":[],"workRunningCount":0}
[debug] [2026-09-17T16:52:16.902Z] [work-queue] {"queuedWork":[],"queueLength":0,"runningWork":["/pwa-workana/us-central1/sendBrandedPasswordResetEmail-2026-09-17T16:52:16.902Z"],"workRunningCount":1}
[debug] [2026-09-17T16:52:16.903Z] Accepted request POST /pwa-workana/us-central1/sendBrandedPasswordResetEmail --> us-central1-sendBrandedPasswordResetEmail
[debug] [2026-09-17T16:52:16.904Z] [functions] Runtime ready! Sending request! {"metadata":{"emulator":{"name":"functions"},"message":"[functions] Runtime ready! Sending request!"}}
[debug] [2026-09-17T16:52:16.905Z] [functions] Got req.url=/pwa-workana/us-central1/sendBrandedPasswordResetEmail, mapping to path=/ {"metadata":{"emulator":{"name":"functions"},"message":"[functions] Got req.url=/pwa-workana/us-central1/sendBrandedPasswordResetEmail, mapping to path=/"}}
[debug] [2026-09-17T16:52:16.905Z] [worker-pool] submitRequest(triggerId=us-central1-sendBrandedPasswordResetEmail) {"metadata":{"emulator":{"name":"functions"},"message":"[worker-pool] submitRequest(triggerId=us-central1-sendBrandedPasswordResetEmail)"}}
[info] i  functions: Beginning execution of "us-central1-sendBrandedPasswordResetEmail" {"metadata":{"emulator":{"name":"functions"},"function":{"name":"us-central1-sendBrandedPasswordResetEmail"},"extension":{},"message":"Beginning execution of \"us-central1-sendBrandedPasswordResetEmail\""}}
[debug] [2026-09-17T16:52:16.905Z] [worker-us-central1-sendBrandedPasswordResetEmail-243c4d22-3c13-45ff-83f2-ec3f67b74de8]: BUSY {"metadata":{"emulator":{"name":"functions"},"function":{"name":"us-central1-sendBrandedPasswordResetEmail"},"extension":{},"message":"[worker-us-central1-sendBrandedPasswordResetEmail-243c4d22-3c13-45ff-83f2-ec3f67b74de8]: BUSY"}}
[info] >  {"verifications":{"app":"MISSING","auth":"VALID"},"logging.googleapis.com/labels":{"firebase-log-type":"callable-request-verification"},"severity":"DEBUG","message":"Callable request verification passed"} {"user":{"verifications":{"app":"MISSING","auth":"VALID"},"logging.googleapis.com/labels":{"firebase-log-type":"callable-request-verification"},"severity":"DEBUG","message":"Callable request verification passed"},"metadata":{"emulator":{"name":"functions"},"function":{"name":"us-central1-sendBrandedPasswordResetEmail"},"extension":{},"message":">  {\"verifications\":{\"app\":\"MISSING\",\"auth\":\"VALID\"},\"logging.googleapis.com/labels\":{\"firebase-log-type\":\"callable-request-verification\"},\"severity\":\"DEBUG\",\"message\":\"Callable request verification passed\"}"}}
[info] >  sendBrandedPasswordResetEmail: FirebaseAuthError: Domain not whitelisted by project {"user":"sendBrandedPasswordResetEmail: FirebaseAuthError: Domain not whitelisted by project","metadata":{"emulator":{"name":"functions"},"function":{"name":"us-central1-sendBrandedPasswordResetEmail"},"extension":{},"message":">  sendBrandedPasswordResetEmail: FirebaseAuthError: Domain not whitelisted by project"}}
[info] >      at FirebaseAuthError.fromServerError (C:\Users\adm\Documents\workspace_igor\eck_v3\ECK\functions\node_modules\firebase-admin\lib\utils\error.js:148:16) {"user":"    at FirebaseAuthError.fromServerError (C:\\Users\\adm\\Documents\\workspace_igor\\eck_v3\\ECK\\functions\\node_modules\\firebase-admin\\lib\\utils\\error.js:148:16)","metadata":{"emulator":{"name":"functions"},"function":{"name":"us-central1-sendBrandedPasswordResetEmail"},"extension":{},"message":">      at FirebaseAuthError.fromServerError (C:\\Users\\adm\\Documents\\workspace_igor\\eck_v3\\ECK\\functions\\node_modules\\firebase-admin\\lib\\utils\\error.js:148:16)"}}
[info] >      at C:\Users\adm\Documents\workspace_igor\eck_v3\ECK\functions\node_modules\firebase-admin\lib\auth\auth-api-request.js:1629:49 {"user":"    at C:\\Users\\adm\\Documents\\workspace_igor\\eck_v3\\ECK\\functions\\node_modules\\firebase-admin\\lib\\auth\\auth-api-request.js:1629:49","metadata":{"emulator":{"name":"functions"},"function":{"name":"us-central1-sendBrandedPasswordResetEmail"},"extension":{},"message":">      at C:\\Users\\adm\\Documents\\workspace_igor\\eck_v3\\ECK\\functions\\node_modules\\firebase-admin\\lib\\auth\\auth-api-request.js:1629:49"}}
[info] >      at process.processTicksAndRejections (node:internal/process/task_queues:95:5) {"user":"    at process.processTicksAndRejections (node:internal/process/task_queues:95:5)","metadata":{"emulator":{"name":"functions"},"function":{"name":"us-central1-sendBrandedPasswordResetEmail"},"extension":{},"message":">      at process.processTicksAndRejections (node:internal/process/task_queues:95:5)"}}
[info] >      at async sendBrandedPasswordResetToEmail (C:\Users\adm\Documents\workspace_igor\eck_v3\ECK\functions\lib\branded-password-reset-email.js:120:23) {"user":"    at async sendBrandedPasswordResetToEmail (C:\\Users\\adm\\Documents\\workspace_igor\\eck_v3\\ECK\\functions\\lib\\branded-password-reset-email.js:120:23)","metadata":{"emulator":{"name":"functions"},"function":{"name":"us-central1-sendBrandedPasswordResetEmail"},"extension":{},"message":">      at async sendBrandedPasswordResetToEmail (C:\\Users\\adm\\Documents\\workspace_igor\\eck_v3\\ECK\\functions\\lib\\branded-password-reset-email.js:120:23)"}}
[info] >      at async C:\Users\adm\Documents\workspace_igor\eck_v3\ECK\functions\lib\branded-password-reset-email.js:148:9 {"user":"    at async C:\\Users\\adm\\Documents\\workspace_igor\\eck_v3\\ECK\\functions\\lib\\branded-password-reset-email.js:148:9","metadata":{"emulator":{"name":"functions"},"function":{"name":"us-central1-sendBrandedPasswordResetEmail"},"extension":{},"message":">      at async C:\\Users\\adm\\Documents\\workspace_igor\\eck_v3\\ECK\\functions\\lib\\branded-password-reset-email.js:148:9"}}
[info] >      at async C:\Users\adm\Documents\workspace_igor\eck_v3\ECK\functions\node_modules\firebase-functions\lib\common\providers\https.js:544:26 {"user":"    at async C:\\Users\\adm\\Documents\\workspace_igor\\eck_v3\\ECK\\functions\\node_modules\\firebase-functions\\lib\\common\\providers\\https.js:544:26","metadata":{"emulator":{"name":"functions"},"function":{"name":"us-central1-sendBrandedPasswordResetEmail"},"extension":{},"message":">      at async C:\\Users\\adm\\Documents\\workspace_igor\\eck_v3\\ECK\\functions\\node_modules\\firebase-functions\\lib\\common\\providers\\https.js:544:26"}}
[info] >      at async runFunction (C:\Users\adm\AppData\Local\nvm\v20.19.0\node_modules\firebase-tools\lib\emulator\functionsEmulatorRuntime.js:506:9) {"user":"    at async runFunction (C:\\Users\\adm\\AppData\\Local\\nvm\\v20.19.0\\node_modules\\firebase-tools\\lib\\emulator\\functionsEmulatorRuntime.js:506:9)","metadata":{"emulator":{"name":"functions"},"function":{"name":"us-central1-sendBrandedPasswordResetEmail"},"extension":{},"message":">      at async runFunction (C:\\Users\\adm\\AppData\\Local\\nvm\\v20.19.0\\node_modules\\firebase-tools\\lib\\emulator\\functionsEmulatorRuntime.js:506:9)"}}
[info] >      at async runHTTPS (C:\Users\adm\AppData\Local\nvm\v20.19.0\node_modules\firebase-tools\lib\emulator\functionsEmulatorRuntime.js:531:5) {"user":"    at async runHTTPS (C:\\Users\\adm\\AppData\\Local\\nvm\\v20.19.0\\node_modules\\firebase-tools\\lib\\emulator\\functionsEmulatorRuntime.js:531:5)","metadata":{"emulator":{"name":"functions"},"function":{"name":"us-central1-sendBrandedPasswordResetEmail"},"extension":{},"message":">      at async runHTTPS (C:\\Users\\adm\\AppData\\Local\\nvm\\v20.19.0\\node_modules\\firebase-tools\\lib\\emulator\\functionsEmulatorRuntime.js:531:5)"}}
[info] >      at async C:\Users\adm\AppData\Local\nvm\v20.19.0\node_modules\firebase-tools\lib\emulator\functionsEmulatorRuntime.js:694:21 { {"user":"    at async C:\\Users\\adm\\AppData\\Local\\nvm\\v20.19.0\\node_modules\\firebase-tools\\lib\\emulator\\functionsEmulatorRuntime.js:694:21 {","metadata":{"emulator":{"name":"functions"},"function":{"name":"us-central1-sendBrandedPasswordResetEmail"},"extension":{},"message":">      at async C:\\Users\\adm\\AppData\\Local\\nvm\\v20.19.0\\node_modules\\firebase-tools\\lib\\emulator\\functionsEmulatorRuntime.js:694:21 {"}}
[info] >    errorInfo: { {"user":"  errorInfo: {","metadata":{"emulator":{"name":"functions"},"function":{"name":"us-central1-sendBrandedPasswordResetEmail"},"extension":{},"message":">    errorInfo: {"}}
[info] >      code: 'auth/unauthorized-continue-uri', {"user":"    code: 'auth/unauthorized-continue-uri',","metadata":{"emulator":{"name":"functions"},"function":{"name":"us-central1-sendBrandedPasswordResetEmail"},"extension":{},"message":">      code: 'auth/unauthorized-continue-uri',"}}
[info] >      message: 'Domain not whitelisted by project' {"user":"    message: 'Domain not whitelisted by project'","metadata":{"emulator":{"name":"functions"},"function":{"name":"us-central1-sendBrandedPasswordResetEmail"},"extension":{},"message":">      message: 'Domain not whitelisted by project'"}}
[info] >    }, {"user":"  },","metadata":{"emulator":{"name":"functions"},"function":{"name":"us-central1-sendBrandedPasswordResetEmail"},"extension":{},"message":">    },"}}
[info] >    codePrefix: 'auth' {"user":"  codePrefix: 'auth'","metadata":{"emulator":{"name":"functions"},"function":{"name":"us-central1-sendBrandedPasswordResetEmail"},"extension":{},"message":">    codePrefix: 'auth'"}}
[info] >  } {"user":"}","metadata":{"emulator":{"name":"functions"},"function":{"name":"us-central1-sendBrandedPasswordResetEmail"},"extension":{},"message":">  }"}}
[debug] [2026-09-17T16:52:18.157Z] Finishing up request with event=pause {"metadata":{"emulator":{"name":"functions"},"function":{"name":"us-central1-sendBrandedPasswordResetEmail"},"extension":{},"message":"Finishing up request with event=pause"}}
[info] i  functions: Finished "us-central1-sendBrandedPasswordResetEmail" in 1251.9736ms {"metadata":{"emulator":{"name":"functions"},"function":{"name":"us-central1-sendBrandedPasswordResetEmail"},"extension":{},"message":"Finished \"us-central1-sendBrandedPasswordResetEmail\" in 1251.9736ms"}}
[debug] [2026-09-17T16:52:18.157Z] [worker-us-central1-sendBrandedPasswordResetEmail-243c4d22-3c13-45ff-83f2-ec3f67b74de8]: IDLE {"metadata":{"emulator":{"name":"functions"},"function":{"name":"us-central1-sendBrandedPasswordResetEmail"},"extension":{},"message":"[worker-us-central1-sendBrandedPasswordResetEmail-243c4d22-3c13-45ff-83f2-ec3f67b74de8]: IDLE"}}
[debug] [2026-09-17T16:52:18.157Z] Finishing up request with event=finish {"metadata":{"emulator":{"name":"functions"},"function":{"name":"us-central1-sendBrandedPasswordResetEmail"},"extension":{},"message":"Finishing up request with event=finish"}}
[debug] [2026-09-17T16:52:18.157Z] Finishing up request with event=close {"metadata":{"emulator":{"name":"functions"},"function":{"name":"us-central1-sendBrandedPasswordResetEmail"},"extension":{},"message":"Finishing up request with event=close"}}
[debug] [2026-09-17T16:52:18.157Z] [work-queue] {"queuedWork":[],"queueLength":0,"runningWork":[],"workRunningCount":0}
[debug] [2026-09-17T16:52:24.251Z] Functions emulator received unknown request at path /
[debug] [2026-09-17T17:05:34.954Z] [work-queue] {"queuedWork":["/pwa-workana/us-central1/sendBrandedPasswordResetEmail-2026-09-17T17:05:34.954Z"],"queueLength":1,"runningWork":[],"workRunningCount":0}
[debug] [2026-09-17T17:05:34.954Z] [work-queue] {"queuedWork":[],"queueLength":0,"runningWork":["/pwa-workana/us-central1/sendBrandedPasswordResetEmail-2026-09-17T17:05:34.954Z"],"workRunningCount":1}
[debug] [2026-09-17T17:05:34.954Z] Accepted request OPTIONS /pwa-workana/us-central1/sendBrandedPasswordResetEmail --> us-central1-sendBrandedPasswordResetEmail
[debug] [2026-09-17T17:05:34.956Z] [functions] Runtime ready! Sending request! {"metadata":{"emulator":{"name":"functions"},"message":"[functions] Runtime ready! Sending request!"}}
[debug] [2026-09-17T17:05:34.956Z] [functions] Got req.url=/pwa-workana/us-central1/sendBrandedPasswordResetEmail, mapping to path=/ {"metadata":{"emulator":{"name":"functions"},"message":"[functions] Got req.url=/pwa-workana/us-central1/sendBrandedPasswordResetEmail, mapping to path=/"}}
[debug] [2026-09-17T17:05:34.956Z] [worker-pool] submitRequest(triggerId=us-central1-sendBrandedPasswordResetEmail) {"metadata":{"emulator":{"name":"functions"},"message":"[worker-pool] submitRequest(triggerId=us-central1-sendBrandedPasswordResetEmail)"}}
[info] i  functions: Beginning execution of "us-central1-sendBrandedPasswordResetEmail" {"metadata":{"emulator":{"name":"functions"},"function":{"name":"us-central1-sendBrandedPasswordResetEmail"},"extension":{},"message":"Beginning execution of \"us-central1-sendBrandedPasswordResetEmail\""}}
[debug] [2026-09-17T17:05:34.957Z] [worker-us-central1-sendBrandedPasswordResetEmail-243c4d22-3c13-45ff-83f2-ec3f67b74de8]: BUSY {"metadata":{"emulator":{"name":"functions"},"function":{"name":"us-central1-sendBrandedPasswordResetEmail"},"extension":{},"message":"[worker-us-central1-sendBrandedPasswordResetEmail-243c4d22-3c13-45ff-83f2-ec3f67b74de8]: BUSY"}}
[debug] [2026-09-17T17:05:34.959Z] Finishing up request with event=pause {"metadata":{"emulator":{"name":"functions"},"function":{"name":"us-central1-sendBrandedPasswordResetEmail"},"extension":{},"message":"Finishing up request with event=pause"}}
[info] i  functions: Finished "us-central1-sendBrandedPasswordResetEmail" in 2.358ms {"metadata":{"emulator":{"name":"functions"},"function":{"name":"us-central1-sendBrandedPasswordResetEmail"},"extension":{},"message":"Finished \"us-central1-sendBrandedPasswordResetEmail\" in 2.358ms"}}
[debug] [2026-09-17T17:05:34.959Z] [worker-us-central1-sendBrandedPasswordResetEmail-243c4d22-3c13-45ff-83f2-ec3f67b74de8]: IDLE {"metadata":{"emulator":{"name":"functions"},"function":{"name":"us-central1-sendBrandedPasswordResetEmail"},"extension":{},"message":"[worker-us-central1-sendBrandedPasswordResetEmail-243c4d22-3c13-45ff-83f2-ec3f67b74de8]: IDLE"}}
[debug] [2026-09-17T17:05:34.959Z] Finishing up request with event=finish {"metadata":{"emulator":{"name":"functions"},"function":{"name":"us-central1-sendBrandedPasswordResetEmail"},"extension":{},"message":"Finishing up request with event=finish"}}
[debug] [2026-09-17T17:05:34.959Z] Finishing up request with event=close {"metadata":{"emulator":{"name":"functions"},"function":{"name":"us-central1-sendBrandedPasswordResetEmail"},"extension":{},"message":"Finishing up request with event=close"}}
[debug] [2026-09-17T17:05:34.959Z] [work-queue] {"queuedWork":[],"queueLength":0,"runningWork":[],"workRunningCount":0}
[debug] [2026-09-17T17:05:34.961Z] [work-queue] {"queuedWork":["/pwa-workana/us-central1/sendBrandedPasswordResetEmail-2026-09-17T17:05:34.961Z"],"queueLength":1,"runningWork":[],"workRunningCount":0}
[debug] [2026-09-17T17:05:34.961Z] [work-queue] {"queuedWork":[],"queueLength":0,"runningWork":["/pwa-workana/us-central1/sendBrandedPasswordResetEmail-2026-09-17T17:05:34.961Z"],"workRunningCount":1}
[debug] [2026-09-17T17:05:34.961Z] Accepted request POST /pwa-workana/us-central1/sendBrandedPasswordResetEmail --> us-central1-sendBrandedPasswordResetEmail
[debug] [2026-09-17T17:05:34.963Z] [functions] Runtime ready! Sending request! {"metadata":{"emulator":{"name":"functions"},"message":"[functions] Runtime ready! Sending request!"}}
[debug] [2026-09-17T17:05:34.963Z] [functions] Got req.url=/pwa-workana/us-central1/sendBrandedPasswordResetEmail, mapping to path=/ {"metadata":{"emulator":{"name":"functions"},"message":"[functions] Got req.url=/pwa-workana/us-central1/sendBrandedPasswordResetEmail, mapping to path=/"}}
[debug] [2026-09-17T17:05:34.964Z] [worker-pool] submitRequest(triggerId=us-central1-sendBrandedPasswordResetEmail) {"metadata":{"emulator":{"name":"functions"},"message":"[worker-pool] submitRequest(triggerId=us-central1-sendBrandedPasswordResetEmail)"}}
[info] i  functions: Beginning execution of "us-central1-sendBrandedPasswordResetEmail" {"metadata":{"emulator":{"name":"functions"},"function":{"name":"us-central1-sendBrandedPasswordResetEmail"},"extension":{},"message":"Beginning execution of \"us-central1-sendBrandedPasswordResetEmail\""}}
[debug] [2026-09-17T17:05:34.964Z] [worker-us-central1-sendBrandedPasswordResetEmail-243c4d22-3c13-45ff-83f2-ec3f67b74de8]: BUSY {"metadata":{"emulator":{"name":"functions"},"function":{"name":"us-central1-sendBrandedPasswordResetEmail"},"extension":{},"message":"[worker-us-central1-sendBrandedPasswordResetEmail-243c4d22-3c13-45ff-83f2-ec3f67b74de8]: BUSY"}}
[info] >  {"verifications":{"app":"MISSING","auth":"VALID"},"logging.googleapis.com/labels":{"firebase-log-type":"callable-request-verification"},"severity":"DEBUG","message":"Callable request verification passed"} {"user":{"verifications":{"app":"MISSING","auth":"VALID"},"logging.googleapis.com/labels":{"firebase-log-type":"callable-request-verification"},"severity":"DEBUG","message":"Callable request verification passed"},"metadata":{"emulator":{"name":"functions"},"function":{"name":"us-central1-sendBrandedPasswordResetEmail"},"extension":{},"message":">  {\"verifications\":{\"app\":\"MISSING\",\"auth\":\"VALID\"},\"logging.googleapis.com/labels\":{\"firebase-log-type\":\"callable-request-verification\"},\"severity\":\"DEBUG\",\"message\":\"Callable request verification passed\"}"}}
[info] >  sendBrandedPasswordResetEmail: FirebaseAuthError: Domain not whitelisted by project {"user":"sendBrandedPasswordResetEmail: FirebaseAuthError: Domain not whitelisted by project","metadata":{"emulator":{"name":"functions"},"function":{"name":"us-central1-sendBrandedPasswordResetEmail"},"extension":{},"message":">  sendBrandedPasswordResetEmail: FirebaseAuthError: Domain not whitelisted by project"}}
[info] >      at FirebaseAuthError.fromServerError (C:\Users\adm\Documents\workspace_igor\eck_v3\ECK\functions\node_modules\firebase-admin\lib\utils\error.js:148:16) {"user":"    at FirebaseAuthError.fromServerError (C:\\Users\\adm\\Documents\\workspace_igor\\eck_v3\\ECK\\functions\\node_modules\\firebase-admin\\lib\\utils\\error.js:148:16)","metadata":{"emulator":{"name":"functions"},"function":{"name":"us-central1-sendBrandedPasswordResetEmail"},"extension":{},"message":">      at FirebaseAuthError.fromServerError (C:\\Users\\adm\\Documents\\workspace_igor\\eck_v3\\ECK\\functions\\node_modules\\firebase-admin\\lib\\utils\\error.js:148:16)"}}
[info] >      at C:\Users\adm\Documents\workspace_igor\eck_v3\ECK\functions\node_modules\firebase-admin\lib\auth\auth-api-request.js:1629:49 {"user":"    at C:\\Users\\adm\\Documents\\workspace_igor\\eck_v3\\ECK\\functions\\node_modules\\firebase-admin\\lib\\auth\\auth-api-request.js:1629:49","metadata":{"emulator":{"name":"functions"},"function":{"name":"us-central1-sendBrandedPasswordResetEmail"},"extension":{},"message":">      at C:\\Users\\adm\\Documents\\workspace_igor\\eck_v3\\ECK\\functions\\node_modules\\firebase-admin\\lib\\auth\\auth-api-request.js:1629:49"}}
[info] >      at process.processTicksAndRejections (node:internal/process/task_queues:95:5) {"user":"    at process.processTicksAndRejections (node:internal/process/task_queues:95:5)","metadata":{"emulator":{"name":"functions"},"function":{"name":"us-central1-sendBrandedPasswordResetEmail"},"extension":{},"message":">      at process.processTicksAndRejections (node:internal/process/task_queues:95:5)"}}
[info] >      at async sendBrandedPasswordResetToEmail (C:\Users\adm\Documents\workspace_igor\eck_v3\ECK\functions\lib\branded-password-reset-email.js:120:23) {"user":"    at async sendBrandedPasswordResetToEmail (C:\\Users\\adm\\Documents\\workspace_igor\\eck_v3\\ECK\\functions\\lib\\branded-password-reset-email.js:120:23)","metadata":{"emulator":{"name":"functions"},"function":{"name":"us-central1-sendBrandedPasswordResetEmail"},"extension":{},"message":">      at async sendBrandedPasswordResetToEmail (C:\\Users\\adm\\Documents\\workspace_igor\\eck_v3\\ECK\\functions\\lib\\branded-password-reset-email.js:120:23)"}}
[info] >      at async C:\Users\adm\Documents\workspace_igor\eck_v3\ECK\functions\lib\branded-password-reset-email.js:148:9 {"user":"    at async C:\\Users\\adm\\Documents\\workspace_igor\\eck_v3\\ECK\\functions\\lib\\branded-password-reset-email.js:148:9","metadata":{"emulator":{"name":"functions"},"function":{"name":"us-central1-sendBrandedPasswordResetEmail"},"extension":{},"message":">      at async C:\\Users\\adm\\Documents\\workspace_igor\\eck_v3\\ECK\\functions\\lib\\branded-password-reset-email.js:148:9"}}
[info] >      at async C:\Users\adm\Documents\workspace_igor\eck_v3\ECK\functions\node_modules\firebase-functions\lib\common\providers\https.js:544:26 {"user":"    at async C:\\Users\\adm\\Documents\\workspace_igor\\eck_v3\\ECK\\functions\\node_modules\\firebase-functions\\lib\\common\\providers\\https.js:544:26","metadata":{"emulator":{"name":"functions"},"function":{"name":"us-central1-sendBrandedPasswordResetEmail"},"extension":{},"message":">      at async C:\\Users\\adm\\Documents\\workspace_igor\\eck_v3\\ECK\\functions\\node_modules\\firebase-functions\\lib\\common\\providers\\https.js:544:26"}}
[info] >      at async runFunction (C:\Users\adm\AppData\Local\nvm\v20.19.0\node_modules\firebase-tools\lib\emulator\functionsEmulatorRuntime.js:506:9) {"user":"    at async runFunction (C:\\Users\\adm\\AppData\\Local\\nvm\\v20.19.0\\node_modules\\firebase-tools\\lib\\emulator\\functionsEmulatorRuntime.js:506:9)","metadata":{"emulator":{"name":"functions"},"function":{"name":"us-central1-sendBrandedPasswordResetEmail"},"extension":{},"message":">      at async runFunction (C:\\Users\\adm\\AppData\\Local\\nvm\\v20.19.0\\node_modules\\firebase-tools\\lib\\emulator\\functionsEmulatorRuntime.js:506:9)"}}
[info] >      at async runHTTPS (C:\Users\adm\AppData\Local\nvm\v20.19.0\node_modules\firebase-tools\lib\emulator\functionsEmulatorRuntime.js:531:5) {"user":"    at async runHTTPS (C:\\Users\\adm\\AppData\\Local\\nvm\\v20.19.0\\node_modules\\firebase-tools\\lib\\emulator\\functionsEmulatorRuntime.js:531:5)","metadata":{"emulator":{"name":"functions"},"function":{"name":"us-central1-sendBrandedPasswordResetEmail"},"extension":{},"message":">      at async runHTTPS (C:\\Users\\adm\\AppData\\Local\\nvm\\v20.19.0\\node_modules\\firebase-tools\\lib\\emulator\\functionsEmulatorRuntime.js:531:5)"}}
[info] >      at async C:\Users\adm\AppData\Local\nvm\v20.19.0\node_modules\firebase-tools\lib\emulator\functionsEmulatorRuntime.js:694:21 { {"user":"    at async C:\\Users\\adm\\AppData\\Local\\nvm\\v20.19.0\\node_modules\\firebase-tools\\lib\\emulator\\functionsEmulatorRuntime.js:694:21 {","metadata":{"emulator":{"name":"functions"},"function":{"name":"us-central1-sendBrandedPasswordResetEmail"},"extension":{},"message":">      at async C:\\Users\\adm\\AppData\\Local\\nvm\\v20.19.0\\node_modules\\firebase-tools\\lib\\emulator\\functionsEmulatorRuntime.js:694:21 {"}}
[info] >    errorInfo: { {"user":"  errorInfo: {","metadata":{"emulator":{"name":"functions"},"function":{"name":"us-central1-sendBrandedPasswordResetEmail"},"extension":{},"message":">    errorInfo: {"}}
[info] >      code: 'auth/unauthorized-continue-uri', {"user":"    code: 'auth/unauthorized-continue-uri',","metadata":{"emulator":{"name":"functions"},"function":{"name":"us-central1-sendBrandedPasswordResetEmail"},"extension":{},"message":">      code: 'auth/unauthorized-continue-uri',"}}
[info] >      message: 'Domain not whitelisted by project' {"user":"    message: 'Domain not whitelisted by project'","metadata":{"emulator":{"name":"functions"},"function":{"name":"us-central1-sendBrandedPasswordResetEmail"},"extension":{},"message":">      message: 'Domain not whitelisted by project'"}}
[info] >    }, {"user":"  },","metadata":{"emulator":{"name":"functions"},"function":{"name":"us-central1-sendBrandedPasswordResetEmail"},"extension":{},"message":">    },"}}
[info] >    codePrefix: 'auth' {"user":"  codePrefix: 'auth'","metadata":{"emulator":{"name":"functions"},"function":{"name":"us-central1-sendBrandedPasswordResetEmail"},"extension":{},"message":">    codePrefix: 'auth'"}}
[info] >  } {"user":"}","metadata":{"emulator":{"name":"functions"},"function":{"name":"us-central1-sendBrandedPasswordResetEmail"},"extension":{},"message":">  }"}}
[debug] [2026-09-17T17:05:36.417Z] Finishing up request with event=pause {"metadata":{"emulator":{"name":"functions"},"function":{"name":"us-central1-sendBrandedPasswordResetEmail"},"extension":{},"message":"Finishing up request with event=pause"}}
[info] i  functions: Finished "us-central1-sendBrandedPasswordResetEmail" in 1453.3890000000001ms {"metadata":{"emulator":{"name":"functions"},"function":{"name":"us-central1-sendBrandedPasswordResetEmail"},"extension":{},"message":"Finished \"us-central1-sendBrandedPasswordResetEmail\" in 1453.3890000000001ms"}}
[debug] [2026-09-17T17:05:36.417Z] [worker-us-central1-sendBrandedPasswordResetEmail-243c4d22-3c13-45ff-83f2-ec3f67b74de8]: IDLE {"metadata":{"emulator":{"name":"functions"},"function":{"name":"us-central1-sendBrandedPasswordResetEmail"},"extension":{},"message":"[worker-us-central1-sendBrandedPasswordResetEmail-243c4d22-3c13-45ff-83f2-ec3f67b74de8]: IDLE"}}
[debug] [2026-09-17T17:05:36.417Z] Finishing up request with event=finish {"metadata":{"emulator":{"name":"functions"},"function":{"name":"us-central1-sendBrandedPasswordResetEmail"},"extension":{},"message":"Finishing up request with event=finish"}}
[debug] [2026-09-17T17:05:36.417Z] Finishing up request with event=close {"metadata":{"emulator":{"name":"functions"},"function":{"name":"us-central1-sendBrandedPasswordResetEmail"},"extension":{},"message":"Finishing up request with event=close"}}
[debug] [2026-09-17T17:05:36.417Z] [work-queue] {"queuedWork":[],"queueLength":0,"runningWork":[],"workRunningCount":0}
[debug] [2026-09-17T17:24:31.520Z] File C:\Users\adm\Documents\workspace_igor\eck_v3\ECK\functions\src\branded-password-reset-email.ts changed, reloading triggers {"metadata":{"emulator":{"name":"functions"},"message":"File C:\\Users\\adm\\Documents\\workspace_igor\\eck_v3\\ECK\\functions\\src\\branded-password-reset-email.ts changed, reloading triggers"}}
[debug] [2026-09-17T17:24:32.394Z] File C:\Users\adm\Documents\workspace_igor\eck_v3\ECK\functions\src\branded-password-reset-email.ts changed, reloading triggers {"metadata":{"emulator":{"name":"functions"},"message":"File C:\\Users\\adm\\Documents\\workspace_igor\\eck_v3\\ECK\\functions\\src\\branded-password-reset-email.ts changed, reloading triggers"}}
[debug] [2026-09-17T17:24:33.423Z] Validating nodejs source
[warn] !  functions: package.json indicates an outdated version of firebase-functions. Please upgrade using npm install --save firebase-functions@latest in your functions directory. 
[warn] !  functions: Please note that there will be breaking changes when you upgrade. 
[debug] [2026-09-17T17:24:37.027Z] > [functions] package.json contents: {
  "name": "functions",
  "scripts": {
    "build": "tsc && node scripts/generate-functions-yaml.js",
    "build:watch": "tsc --watch",
    "serve": "npm run build && firebase emulators:start --only functions",
    "serve:full": "npm run build && firebase emulators:start --only functions,firestore",
    "shell": "npm run build && firebase functions:shell",
    "start": "npm run shell",
    "deploy": "firebase deploy --only functions",
    "logs": "firebase functions:log"
  },
  "engines": {
    "node": "20"
  },
  "main": "lib/index.js",
  "dependencies": {
    "@google-cloud/storage": "^7.15.1",
    "@napi-rs/canvas": "^0.1.67",
    "@sparticuz/chromium": "^147.0.0",
    "cors": "^2.8.5",
    "docx": "^9.5.1",
    "firebase-admin": "^13.1.0",
    "firebase-functions": "^6.3.1",
    "image-size": "^1.2.0",
    "node-html-parser": "^9.0.1",
    "nodemailer": "^6.9.7",
    "pdfjs-dist": "^4.10.38",
    "pdfmake": "^0.3.3",
    "puppeteer-core": "^24.42.0"
  },
  "devDependencies": {
    "@types/express": "^5.0.3",
    "@types/node": "^22.13.1",
    "@types/nodemailer": "^6.4.19",
    "firebase-functions-test": "^3.1.0",
    "typescript": "^5.7.3"
  },
  "private": true
}
[debug] [2026-09-17T17:24:37.027Z] Building nodejs source
[debug] [2026-09-17T17:24:37.027Z] Failed to find version of module node: reached end of search path C:\Users\adm\Documents\workspace_igor\eck_v3\ECK\functions\node_modules
[info] +  functions: Using node@20 from host. 
[info] i  functions: Loaded environment variables from .env. 
[debug] [2026-09-17T17:24:37.030Z] Found functions.yaml. Got spec: {
  "endpoints": {
    "createReportDocxExport": {
      "availableMemoryMb": 512,
      "timeoutSeconds": 60,
      "minInstances": null,
      "maxInstances": null,
      "ingressSettings": null,
      "concurrency": null,
      "serviceAccountEmail": null,
      "vpc": null,
      "platform": "gcfv2",
      "region": [
        "us-central1"
      ],
      "labels": {},
      "httpsTrigger": {},
      "entryPoint": "createReportDocxExport"
    },
    "downloadReportDocxExport": {
      "availableMemoryMb": 512,
      "timeoutSeconds": 120,
      "minInstances": null,
      "maxInstances": null,
      "ingressSettings": null,
      "concurrency": null,
      "serviceAccountEmail": null,
      "vpc": null,
      "platform": "gcfv2",
      "region": [
        "us-central1"
      ],
      "labels": {},
      "httpsTrigger": {},
      "entryPoint": "downloadReportDocxExport"
    },
    "getReportDocxExportStatus": {
      "availableMemoryMb": 256,
      "timeoutSeconds": 30,
      "minInstances": null,
      "maxInstances": null,
      "ingressSettings": null,
      "concurrency": null,
      "serviceAccountEmail": null,
      "vpc": null,
      "platform": "gcfv2",
      "region": [
        "us-central1"
      ],
      "labels": {},
      "httpsTrigger": {},
      "entryPoint": "getReportDocxExportStatus"
    },
    "processReportDocxExportHttp": {
      "availableMemoryMb": 4096,
      "timeoutSeconds": 540,
      "minInstances": null,
      "maxInstances": null,
      "ingressSettings": null,
      "concurrency": null,
      "serviceAccountEmail": null,
      "vpc": null,
      "platform": "gcfv2",
      "region": [
        "us-central1"
      ],
      "labels": {},
      "httpsTrigger": {},
      "entryPoint": "processReportDocxExportHttp"
    },
    "processReportDocxExportJob": {
      "availableMemoryMb": 4096,
      "timeoutSeconds": 540,
      "minInstances": null,
      "maxInstances": null,
      "ingressSettings": null,
      "concurrency": null,
      "serviceAccountEmail": null,
      "vpc": null,
      "platform": "gcfv2",
      "region": [
        "us-central1"
      ],
      "labels": {},
      "eventTrigger": {
        "eventType": "google.cloud.firestore.document.v1.created",
        "eventFilters": {
          "database": "(default)",
          "namespace": "(default)"
        },
        "eventFilterPathPatterns": {
          "document": "docxExportJobs/{jobId}"
        },
        "retry": false
      },
      "entryPoint": "processReportDocxExportJob"
    },
    "notifyReportReleased": {
      "availableMemoryMb": null,
      "timeoutSeconds": null,
      "minInstances": null,
      "maxInstances": null,
      "ingressSettings": null,
      "concurrency": null,
      "serviceAccountEmail": null,
      "vpc": null,
      "platform": "gcfv2",
      "region": [
        "us-central1"
      ],
      "labels": {},
      "httpsTrigger": {},
      "entryPoint": "notifyReportReleased"
    },
    "sendBrandedPasswordResetEmail": {
      "availableMemoryMb": null,
      "timeoutSeconds": null,
      "minInstances": null,
      "maxInstances": null,
      "ingressSettings": null,
      "concurrency": null,
      "serviceAccountEmail": null,
      "vpc": null,
      "platform": "gcfv2",
      "region": [
        "us-central1"
      ],
      "labels": {},
      "callableTrigger": {},
      "entryPoint": "sendBrandedPasswordResetEmail"
    },
    "generateReportPdf": {
      "availableMemoryMb": 4096,
      "timeoutSeconds": 540,
      "minInstances": null,
      "maxInstances": null,
      "ingressSettings": null,
      "concurrency": null,
      "serviceAccountEmail": null,
      "vpc": null,
      "platform": "gcfv2",
      "region": [
        "us-central1"
      ],
      "labels": {},
      "httpsTrigger": {},
      "entryPoint": "generateReportPdf"
    },
    "sendEmail": {
      "availableMemoryMb": null,
      "timeoutSeconds": null,
      "minInstances": null,
      "maxInstances": null,
      "ingressSettings": null,
      "concurrency": null,
      "serviceAccountEmail": null,
      "vpc": null,
      "platform": "gcfv2",
      "region": [
        "us-central1"
      ],
      "labels": {},
      "httpsTrigger": {},
      "entryPoint": "sendEmail"
    },
    "sendPendingAssessmentReminders": {
      "availableMemoryMb": 1024,
      "timeoutSeconds": 540,
      "minInstances": null,
      "maxInstances": null,
      "ingressSettings": null,
      "concurrency": null,
      "serviceAccountEmail": null,
      "vpc": null,
      "platform": "gcfv2",
      "region": [
        "us-central1"
      ],
      "labels": {},
      "scheduleTrigger": {
        "schedule": "every 15 minutes",
        "retryConfig": {},
        "timeZone": "Etc/UTC"
      },
      "entryPoint": "sendPendingAssessmentReminders"
    },
    "triggerPendingAssessmentReminders": {
      "availableMemoryMb": 1024,
      "timeoutSeconds": 540,
      "minInstances": null,
      "maxInstances": null,
      "ingressSettings": null,
      "concurrency": null,
      "serviceAccountEmail": null,
      "vpc": null,
      "platform": "gcfv2",
      "region": [
        "us-central1"
      ],
      "labels": {},
      "httpsTrigger": {},
      "entryPoint": "triggerPendingAssessmentReminders"
    },
    "onAssessmentCompleted": {
      "availableMemoryMb": null,
      "timeoutSeconds": null,
      "minInstances": null,
      "maxInstances": null,
      "ingressSettings": null,
      "concurrency": null,
      "serviceAccountEmail": null,
      "vpc": null,
      "platform": "gcfv2",
      "region": [
        "us-central1"
      ],
      "labels": {},
      "eventTrigger": {
        "eventType": "google.cloud.firestore.document.v1.updated",
        "eventFilters": {
          "database": "(default)",
          "namespace": "(default)"
        },
        "eventFilterPathPatterns": {
          "document": "assessmentLinks/{linkId}"
        },
        "retry": false
      },
      "entryPoint": "onAssessmentCompleted"
    },
    "setUserPasswordByMaster": {
      "availableMemoryMb": null,
      "timeoutSeconds": null,
      "minInstances": null,
      "maxInstances": null,
      "ingressSettings": null,
      "concurrency": null,
      "serviceAccountEmail": null,
      "vpc": null,
      "platform": "gcfv2",
      "region": [
        "us-central1"
      ],
      "labels": {},
      "callableTrigger": {},
      "entryPoint": "setUserPasswordByMaster"
    },
    "safeDelete": {
      "availableMemoryMb": null,
      "timeoutSeconds": null,
      "minInstances": null,
      "maxInstances": null,
      "ingressSettings": null,
      "concurrency": null,
      "serviceAccountEmail": null,
      "vpc": null,
      "platform": "gcfv2",
      "region": [
        "us-central1"
      ],
      "labels": {},
      "callableTrigger": {},
      "entryPoint": "safeDelete"
    },
    "onProjectDeleted": {
      "availableMemoryMb": null,
      "timeoutSeconds": null,
      "minInstances": null,
      "maxInstances": null,
      "ingressSettings": null,
      "concurrency": null,
      "serviceAccountEmail": null,
      "vpc": null,
      "platform": "gcfv2",
      "region": [
        "us-central1"
      ],
      "labels": {},
      "eventTrigger": {
        "eventType": "google.cloud.firestore.document.v1.deleted",
        "eventFilters": {
          "database": "(default)",
          "namespace": "(default)"
        },
        "eventFilterPathPatterns": {
          "document": "projects/{projectId}"
        },
        "retry": false
      },
      "entryPoint": "onProjectDeleted"
    },
    "onClientDeleted": {
      "availableMemoryMb": null,
      "timeoutSeconds": null,
      "minInstances": null,
      "maxInstances": null,
      "ingressSettings": null,
      "concurrency": null,
      "serviceAccountEmail": null,
      "vpc": null,
      "platform": "gcfv2",
      "region": [
        "us-central1"
      ],
      "labels": {},
      "eventTrigger": {
        "eventType": "google.cloud.firestore.document.v1.deleted",
        "eventFilters": {
          "database": "(default)",
          "namespace": "(default)"
        },
        "eventFilterPathPatterns": {
          "document": "clients/{clientId}"
        },
        "retry": false
      },
      "entryPoint": "onClientDeleted"
    },
    "onParticipantDeleted": {
      "availableMemoryMb": null,
      "timeoutSeconds": null,
      "minInstances": null,
      "maxInstances": null,
      "ingressSettings": null,
      "concurrency": null,
      "serviceAccountEmail": null,
      "vpc": null,
      "platform": "gcfv2",
      "region": [
        "us-central1"
      ],
      "labels": {},
      "eventTrigger": {
        "eventType": "google.cloud.firestore.document.v1.deleted",
        "eventFilters": {
          "database": "(default)",
          "namespace": "(default)"
        },
        "eventFilterPathPatterns": {
          "document": "participants/{participantId}"
        },
        "retry": false
      },
      "entryPoint": "onParticipantDeleted"
    }
  },
  "specVersion": "v1alpha1",
  "requiredAPIs": [
    {
      "api": "cloudscheduler.googleapis.com",
      "reason": "Needed for scheduled functions."
    }
  ],
  "extensions": {},
  "params": [
    {
      "name": "EMAIL_USER",
      "type": "string",
      "default": ""
    },
    {
      "name": "EMAIL_PASS",
      "type": "string",
      "default": ""
    }
  ]
}

[info] +  functions: Loaded functions definitions from source: createReportDocxExport, downloadReportDocxExport, getReportDocxExportStatus, processReportDocxExportHttp, processReportDocxExportJob, notifyReportReleased, sendBrandedPasswordResetEmail, generateReportPdf, sendEmail, sendPendingAssessmentReminders, triggerPendingAssessmentReminders, onAssessmentCompleted, setUserPasswordByMaster, safeDelete, onProjectDeleted, onClientDeleted, onParticipantDeleted. {"metadata":{"emulator":{"name":"functions"},"message":"Loaded functions definitions from source: createReportDocxExport, downloadReportDocxExport, getReportDocxExportStatus, processReportDocxExportHttp, processReportDocxExportJob, notifyReportReleased, sendBrandedPasswordResetEmail, generateReportPdf, sendEmail, sendPendingAssessmentReminders, triggerPendingAssessmentReminders, onAssessmentCompleted, setUserPasswordByMaster, safeDelete, onProjectDeleted, onClientDeleted, onParticipantDeleted."}}
[debug] [2026-09-17T17:24:37.045Z] [worker-pool] Shutting down IDLE worker (us-central1-sendBrandedPasswordResetEmail) {"metadata":{"emulator":{"name":"functions"},"message":"[worker-pool] Shutting down IDLE worker (us-central1-sendBrandedPasswordResetEmail)"}}
[debug] [2026-09-17T17:24:37.045Z] [worker-us-central1-sendBrandedPasswordResetEmail-243c4d22-3c13-45ff-83f2-ec3f67b74de8]: FINISHING {"metadata":{"emulator":{"name":"functions"},"function":{"name":"us-central1-sendBrandedPasswordResetEmail"},"extension":{},"message":"[worker-us-central1-sendBrandedPasswordResetEmail-243c4d22-3c13-45ff-83f2-ec3f67b74de8]: FINISHING"}}
[debug] [2026-09-17T17:24:37.055Z] [worker-us-central1-sendBrandedPasswordResetEmail-243c4d22-3c13-45ff-83f2-ec3f67b74de8]: exited {"metadata":{"emulator":{"name":"functions"},"function":{"name":"us-central1-sendBrandedPasswordResetEmail"},"extension":{},"message":"[worker-us-central1-sendBrandedPasswordResetEmail-243c4d22-3c13-45ff-83f2-ec3f67b74de8]: exited"}}
[debug] [2026-09-17T17:24:37.055Z] [worker-us-central1-sendBrandedPasswordResetEmail-243c4d22-3c13-45ff-83f2-ec3f67b74de8]: FINISHED {"metadata":{"emulator":{"name":"functions"},"function":{"name":"us-central1-sendBrandedPasswordResetEmail"},"extension":{},"message":"[worker-us-central1-sendBrandedPasswordResetEmail-243c4d22-3c13-45ff-83f2-ec3f67b74de8]: FINISHED"}}
[debug] [2026-09-17T17:25:53.036Z] File C:\Users\adm\Documents\workspace_igor\eck_v3\ECK\functions\lib\shared\firebase-admin.js.map changed, reloading triggers {"metadata":{"emulator":{"name":"functions"},"message":"File C:\\Users\\adm\\Documents\\workspace_igor\\eck_v3\\ECK\\functions\\lib\\shared\\firebase-admin.js.map changed, reloading triggers"}}
[debug] [2026-09-17T17:25:53.043Z] File C:\Users\adm\Documents\workspace_igor\eck_v3\ECK\functions\lib\shared\firebase-admin.js changed, reloading triggers {"metadata":{"emulator":{"name":"functions"},"message":"File C:\\Users\\adm\\Documents\\workspace_igor\\eck_v3\\ECK\\functions\\lib\\shared\\firebase-admin.js changed, reloading triggers"}}
[debug] [2026-09-17T17:25:53.068Z] File C:\Users\adm\Documents\workspace_igor\eck_v3\ECK\functions\lib\branded-password-reset-email.js.map changed, reloading triggers {"metadata":{"emulator":{"name":"functions"},"message":"File C:\\Users\\adm\\Documents\\workspace_igor\\eck_v3\\ECK\\functions\\lib\\branded-password-reset-email.js.map changed, reloading triggers"}}
[debug] [2026-09-17T17:25:53.069Z] File C:\Users\adm\Documents\workspace_igor\eck_v3\ECK\functions\lib\branded-password-reset-email.js changed, reloading triggers {"metadata":{"emulator":{"name":"functions"},"message":"File C:\\Users\\adm\\Documents\\workspace_igor\\eck_v3\\ECK\\functions\\lib\\branded-password-reset-email.js changed, reloading triggers"}}
[debug] [2026-09-17T17:25:53.087Z] File C:\Users\adm\Documents\workspace_igor\eck_v3\ECK\functions\lib\shared\puppeteer-browser.js.map changed, reloading triggers {"metadata":{"emulator":{"name":"functions"},"message":"File C:\\Users\\adm\\Documents\\workspace_igor\\eck_v3\\ECK\\functions\\lib\\shared\\puppeteer-browser.js.map changed, reloading triggers"}}
[debug] [2026-09-17T17:25:53.097Z] File C:\Users\adm\Documents\workspace_igor\eck_v3\ECK\functions\lib\shared\puppeteer-browser.js changed, reloading triggers {"metadata":{"emulator":{"name":"functions"},"message":"File C:\\Users\\adm\\Documents\\workspace_igor\\eck_v3\\ECK\\functions\\lib\\shared\\puppeteer-browser.js changed, reloading triggers"}}
[debug] [2026-09-17T17:25:53.137Z] File C:\Users\adm\Documents\workspace_igor\eck_v3\ECK\functions\lib\shared\pdf-html-renderer.js.map changed, reloading triggers {"metadata":{"emulator":{"name":"functions"},"message":"File C:\\Users\\adm\\Documents\\workspace_igor\\eck_v3\\ECK\\functions\\lib\\shared\\pdf-html-renderer.js.map changed, reloading triggers"}}
[debug] [2026-09-17T17:25:53.138Z] File C:\Users\adm\Documents\workspace_igor\eck_v3\ECK\functions\lib\shared\pdf-html-renderer.js changed, reloading triggers {"metadata":{"emulator":{"name":"functions"},"message":"File C:\\Users\\adm\\Documents\\workspace_igor\\eck_v3\\ECK\\functions\\lib\\shared\\pdf-html-renderer.js changed, reloading triggers"}}
[debug] [2026-09-17T17:25:53.143Z] File C:\Users\adm\Documents\workspace_igor\eck_v3\ECK\functions\lib\docx-export\types.js.map changed, reloading triggers {"metadata":{"emulator":{"name":"functions"},"message":"File C:\\Users\\adm\\Documents\\workspace_igor\\eck_v3\\ECK\\functions\\lib\\docx-export\\types.js.map changed, reloading triggers"}}
[debug] [2026-09-17T17:25:53.160Z] File C:\Users\adm\Documents\workspace_igor\eck_v3\ECK\functions\lib\docx-export\types.js changed, reloading triggers {"metadata":{"emulator":{"name":"functions"},"message":"File C:\\Users\\adm\\Documents\\workspace_igor\\eck_v3\\ECK\\functions\\lib\\docx-export\\types.js changed, reloading triggers"}}
[debug] [2026-09-17T17:25:53.172Z] File C:\Users\adm\Documents\workspace_igor\eck_v3\ECK\functions\lib\docx-export\dimensions.js.map changed, reloading triggers {"metadata":{"emulator":{"name":"functions"},"message":"File C:\\Users\\adm\\Documents\\workspace_igor\\eck_v3\\ECK\\functions\\lib\\docx-export\\dimensions.js.map changed, reloading triggers"}}
[debug] [2026-09-17T17:25:53.173Z] File C:\Users\adm\Documents\workspace_igor\eck_v3\ECK\functions\lib\docx-export\dimensions.js changed, reloading triggers {"metadata":{"emulator":{"name":"functions"},"message":"File C:\\Users\\adm\\Documents\\workspace_igor\\eck_v3\\ECK\\functions\\lib\\docx-export\\dimensions.js changed, reloading triggers"}}
[debug] [2026-09-17T17:25:53.181Z] File C:\Users\adm\Documents\workspace_igor\eck_v3\ECK\functions\lib\docx-export\errors.js.map changed, reloading triggers {"metadata":{"emulator":{"name":"functions"},"message":"File C:\\Users\\adm\\Documents\\workspace_igor\\eck_v3\\ECK\\functions\\lib\\docx-export\\errors.js.map changed, reloading triggers"}}
[debug] [2026-09-17T17:25:53.191Z] File C:\Users\adm\Documents\workspace_igor\eck_v3\ECK\functions\lib\docx-export\errors.js changed, reloading triggers {"metadata":{"emulator":{"name":"functions"},"message":"File C:\\Users\\adm\\Documents\\workspace_igor\\eck_v3\\ECK\\functions\\lib\\docx-export\\errors.js changed, reloading triggers"}}
[debug] [2026-09-17T17:25:53.224Z] File C:\Users\adm\Documents\workspace_igor\eck_v3\ECK\functions\lib\docx-export\hybrid-render-session.js.map changed, reloading triggers {"metadata":{"emulator":{"name":"functions"},"message":"File C:\\Users\\adm\\Documents\\workspace_igor\\eck_v3\\ECK\\functions\\lib\\docx-export\\hybrid-render-session.js.map changed, reloading triggers"}}
[debug] [2026-09-17T17:25:53.224Z] File C:\Users\adm\Documents\workspace_igor\eck_v3\ECK\functions\lib\docx-export\hybrid-render-session.js changed, reloading triggers {"metadata":{"emulator":{"name":"functions"},"message":"File C:\\Users\\adm\\Documents\\workspace_igor\\eck_v3\\ECK\\functions\\lib\\docx-export\\hybrid-render-session.js changed, reloading triggers"}}
[debug] [2026-09-17T17:25:53.252Z] File C:\Users\adm\Documents\workspace_igor\eck_v3\ECK\functions\lib\docx-export\docx-builder.js.map changed, reloading triggers {"metadata":{"emulator":{"name":"functions"},"message":"File C:\\Users\\adm\\Documents\\workspace_igor\\eck_v3\\ECK\\functions\\lib\\docx-export\\docx-builder.js.map changed, reloading triggers"}}
[debug] [2026-09-17T17:25:53.259Z] File C:\Users\adm\Documents\workspace_igor\eck_v3\ECK\functions\lib\docx-export\docx-builder.js changed, reloading triggers {"metadata":{"emulator":{"name":"functions"},"message":"File C:\\Users\\adm\\Documents\\workspace_igor\\eck_v3\\ECK\\functions\\lib\\docx-export\\docx-builder.js changed, reloading triggers"}}
[debug] [2026-09-17T17:25:53.281Z] File C:\Users\adm\Documents\workspace_igor\eck_v3\ECK\functions\lib\docx-export\hybrid-docx-builder.js.map changed, reloading triggers {"metadata":{"emulator":{"name":"functions"},"message":"File C:\\Users\\adm\\Documents\\workspace_igor\\eck_v3\\ECK\\functions\\lib\\docx-export\\hybrid-docx-builder.js.map changed, reloading triggers"}}
[debug] [2026-09-17T17:25:53.282Z] File C:\Users\adm\Documents\workspace_igor\eck_v3\ECK\functions\lib\docx-export\hybrid-docx-builder.js changed, reloading triggers {"metadata":{"emulator":{"name":"functions"},"message":"File C:\\Users\\adm\\Documents\\workspace_igor\\eck_v3\\ECK\\functions\\lib\\docx-export\\hybrid-docx-builder.js changed, reloading triggers"}}
[debug] [2026-09-17T17:25:53.293Z] File C:\Users\adm\Documents\workspace_igor\eck_v3\ECK\functions\lib\docx-export\docx-validator.js.map changed, reloading triggers {"metadata":{"emulator":{"name":"functions"},"message":"File C:\\Users\\adm\\Documents\\workspace_igor\\eck_v3\\ECK\\functions\\lib\\docx-export\\docx-validator.js.map changed, reloading triggers"}}
[debug] [2026-09-17T17:25:53.293Z] File C:\Users\adm\Documents\workspace_igor\eck_v3\ECK\functions\lib\docx-export\docx-validator.js changed, reloading triggers {"metadata":{"emulator":{"name":"functions"},"message":"File C:\\Users\\adm\\Documents\\workspace_igor\\eck_v3\\ECK\\functions\\lib\\docx-export\\docx-validator.js changed, reloading triggers"}}
[debug] [2026-09-17T17:25:53.302Z] File C:\Users\adm\Documents\workspace_igor\eck_v3\ECK\functions\lib\docx-export\pipeline.js.map changed, reloading triggers {"metadata":{"emulator":{"name":"functions"},"message":"File C:\\Users\\adm\\Documents\\workspace_igor\\eck_v3\\ECK\\functions\\lib\\docx-export\\pipeline.js.map changed, reloading triggers"}}
[debug] [2026-09-17T17:25:53.311Z] File C:\Users\adm\Documents\workspace_igor\eck_v3\ECK\functions\lib\docx-export\pipeline.js changed, reloading triggers {"metadata":{"emulator":{"name":"functions"},"message":"File C:\\Users\\adm\\Documents\\workspace_igor\\eck_v3\\ECK\\functions\\lib\\docx-export\\pipeline.js changed, reloading triggers"}}
[debug] [2026-09-17T17:25:53.323Z] File C:\Users\adm\Documents\workspace_igor\eck_v3\ECK\functions\lib\docx-export\storage.js.map changed, reloading triggers {"metadata":{"emulator":{"name":"functions"},"message":"File C:\\Users\\adm\\Documents\\workspace_igor\\eck_v3\\ECK\\functions\\lib\\docx-export\\storage.js.map changed, reloading triggers"}}
[debug] [2026-09-17T17:25:53.331Z] File C:\Users\adm\Documents\workspace_igor\eck_v3\ECK\functions\lib\docx-export\storage.js changed, reloading triggers {"metadata":{"emulator":{"name":"functions"},"message":"File C:\\Users\\adm\\Documents\\workspace_igor\\eck_v3\\ECK\\functions\\lib\\docx-export\\storage.js changed, reloading triggers"}}
[debug] [2026-09-17T17:25:53.377Z] File C:\Users\adm\Documents\workspace_igor\eck_v3\ECK\functions\lib\docx-export\handlers.js.map changed, reloading triggers {"metadata":{"emulator":{"name":"functions"},"message":"File C:\\Users\\adm\\Documents\\workspace_igor\\eck_v3\\ECK\\functions\\lib\\docx-export\\handlers.js.map changed, reloading triggers"}}
[debug] [2026-09-17T17:25:53.380Z] File C:\Users\adm\Documents\workspace_igor\eck_v3\ECK\functions\lib\docx-export\handlers.js changed, reloading triggers {"metadata":{"emulator":{"name":"functions"},"message":"File C:\\Users\\adm\\Documents\\workspace_igor\\eck_v3\\ECK\\functions\\lib\\docx-export\\handlers.js changed, reloading triggers"}}
[debug] [2026-09-17T17:25:53.392Z] File C:\Users\adm\Documents\workspace_igor\eck_v3\ECK\functions\lib\shared\email-template-html.js.map changed, reloading triggers {"metadata":{"emulator":{"name":"functions"},"message":"File C:\\Users\\adm\\Documents\\workspace_igor\\eck_v3\\ECK\\functions\\lib\\shared\\email-template-html.js.map changed, reloading triggers"}}
[debug] [2026-09-17T17:25:53.393Z] File C:\Users\adm\Documents\workspace_igor\eck_v3\ECK\functions\lib\shared\email-template-html.js changed, reloading triggers {"metadata":{"emulator":{"name":"functions"},"message":"File C:\\Users\\adm\\Documents\\workspace_igor\\eck_v3\\ECK\\functions\\lib\\shared\\email-template-html.js changed, reloading triggers"}}
[debug] [2026-09-17T17:25:53.422Z] File C:\Users\adm\Documents\workspace_igor\eck_v3\ECK\functions\lib\report-release-notify.js.map changed, reloading triggers {"metadata":{"emulator":{"name":"functions"},"message":"File C:\\Users\\adm\\Documents\\workspace_igor\\eck_v3\\ECK\\functions\\lib\\report-release-notify.js.map changed, reloading triggers"}}
[debug] [2026-09-17T17:25:53.423Z] File C:\Users\adm\Documents\workspace_igor\eck_v3\ECK\functions\lib\report-release-notify.js changed, reloading triggers {"metadata":{"emulator":{"name":"functions"},"message":"File C:\\Users\\adm\\Documents\\workspace_igor\\eck_v3\\ECK\\functions\\lib\\report-release-notify.js changed, reloading triggers"}}
[debug] [2026-09-17T17:25:53.639Z] File C:\Users\adm\Documents\workspace_igor\eck_v3\ECK\functions\lib\index.js.map changed, reloading triggers {"metadata":{"emulator":{"name":"functions"},"message":"File C:\\Users\\adm\\Documents\\workspace_igor\\eck_v3\\ECK\\functions\\lib\\index.js.map changed, reloading triggers"}}
[debug] [2026-09-17T17:25:53.642Z] File C:\Users\adm\Documents\workspace_igor\eck_v3\ECK\functions\lib\index.js changed, reloading triggers {"metadata":{"emulator":{"name":"functions"},"message":"File C:\\Users\\adm\\Documents\\workspace_igor\\eck_v3\\ECK\\functions\\lib\\index.js changed, reloading triggers"}}
[debug] [2026-09-17T17:25:53.657Z] File C:\Users\adm\Documents\workspace_igor\eck_v3\ECK\functions\lib\docx-export\element-capture.js.map changed, reloading triggers {"metadata":{"emulator":{"name":"functions"},"message":"File C:\\Users\\adm\\Documents\\workspace_igor\\eck_v3\\ECK\\functions\\lib\\docx-export\\element-capture.js.map changed, reloading triggers"}}
[debug] [2026-09-17T17:25:53.659Z] File C:\Users\adm\Documents\workspace_igor\eck_v3\ECK\functions\lib\docx-export\element-capture.js changed, reloading triggers {"metadata":{"emulator":{"name":"functions"},"message":"File C:\\Users\\adm\\Documents\\workspace_igor\\eck_v3\\ECK\\functions\\lib\\docx-export\\element-capture.js changed, reloading triggers"}}
[debug] [2026-09-17T17:25:53.680Z] File C:\Users\adm\Documents\workspace_igor\eck_v3\ECK\functions\lib\docx-export\html-content-extractor.js.map changed, reloading triggers {"metadata":{"emulator":{"name":"functions"},"message":"File C:\\Users\\adm\\Documents\\workspace_igor\\eck_v3\\ECK\\functions\\lib\\docx-export\\html-content-extractor.js.map changed, reloading triggers"}}
[debug] [2026-09-17T17:25:53.680Z] File C:\Users\adm\Documents\workspace_igor\eck_v3\ECK\functions\lib\docx-export\html-content-extractor.js changed, reloading triggers {"metadata":{"emulator":{"name":"functions"},"message":"File C:\\Users\\adm\\Documents\\workspace_igor\\eck_v3\\ECK\\functions\\lib\\docx-export\\html-content-extractor.js changed, reloading triggers"}}
[debug] [2026-09-17T17:25:53.702Z] File C:\Users\adm\Documents\workspace_igor\eck_v3\ECK\functions\lib\docx-export\pdf-analyzer.js.map changed, reloading triggers {"metadata":{"emulator":{"name":"functions"},"message":"File C:\\Users\\adm\\Documents\\workspace_igor\\eck_v3\\ECK\\functions\\lib\\docx-export\\pdf-analyzer.js.map changed, reloading triggers"}}
[debug] [2026-09-17T17:25:53.703Z] File C:\Users\adm\Documents\workspace_igor\eck_v3\ECK\functions\lib\docx-export\pdf-analyzer.js changed, reloading triggers {"metadata":{"emulator":{"name":"functions"},"message":"File C:\\Users\\adm\\Documents\\workspace_igor\\eck_v3\\ECK\\functions\\lib\\docx-export\\pdf-analyzer.js changed, reloading triggers"}}
[debug] [2026-09-17T17:25:54.709Z] Validating nodejs source
[warn] !  functions: package.json indicates an outdated version of firebase-functions. Please upgrade using npm install --save firebase-functions@latest in your functions directory. 
[warn] !  functions: Please note that there will be breaking changes when you upgrade. 
[debug] [2026-09-17T17:25:57.165Z] > [functions] package.json contents: {
  "name": "functions",
  "scripts": {
    "build": "tsc && node scripts/generate-functions-yaml.js",
    "build:watch": "tsc --watch",
    "serve": "npm run build && firebase emulators:start --only functions",
    "serve:full": "npm run build && firebase emulators:start --only functions,firestore",
    "shell": "npm run build && firebase functions:shell",
    "start": "npm run shell",
    "deploy": "firebase deploy --only functions",
    "logs": "firebase functions:log"
  },
  "engines": {
    "node": "20"
  },
  "main": "lib/index.js",
  "dependencies": {
    "@google-cloud/storage": "^7.15.1",
    "@napi-rs/canvas": "^0.1.67",
    "@sparticuz/chromium": "^147.0.0",
    "cors": "^2.8.5",
    "docx": "^9.5.1",
    "firebase-admin": "^13.1.0",
    "firebase-functions": "^6.3.1",
    "image-size": "^1.2.0",
    "node-html-parser": "^9.0.1",
    "nodemailer": "^6.9.7",
    "pdfjs-dist": "^4.10.38",
    "pdfmake": "^0.3.3",
    "puppeteer-core": "^24.42.0"
  },
  "devDependencies": {
    "@types/express": "^5.0.3",
    "@types/node": "^22.13.1",
    "@types/nodemailer": "^6.4.19",
    "firebase-functions-test": "^3.1.0",
    "typescript": "^5.7.3"
  },
  "private": true
}
[debug] [2026-09-17T17:25:57.165Z] Building nodejs source
[debug] [2026-09-17T17:25:57.165Z] Failed to find version of module node: reached end of search path C:\Users\adm\Documents\workspace_igor\eck_v3\ECK\functions\node_modules
[info] +  functions: Using node@20 from host. 
[info] i  functions: Loaded environment variables from .env. 
[debug] [2026-09-17T17:25:57.168Z] Found functions.yaml. Got spec: {
  "endpoints": {
    "createReportDocxExport": {
      "availableMemoryMb": 512,
      "timeoutSeconds": 60,
      "minInstances": null,
      "maxInstances": null,
      "ingressSettings": null,
      "concurrency": null,
      "serviceAccountEmail": null,
      "vpc": null,
      "platform": "gcfv2",
      "region": [
        "us-central1"
      ],
      "labels": {},
      "httpsTrigger": {},
      "entryPoint": "createReportDocxExport"
    },
    "downloadReportDocxExport": {
      "availableMemoryMb": 512,
      "timeoutSeconds": 120,
      "minInstances": null,
      "maxInstances": null,
      "ingressSettings": null,
      "concurrency": null,
      "serviceAccountEmail": null,
      "vpc": null,
      "platform": "gcfv2",
      "region": [
        "us-central1"
      ],
      "labels": {},
      "httpsTrigger": {},
      "entryPoint": "downloadReportDocxExport"
    },
    "getReportDocxExportStatus": {
      "availableMemoryMb": 256,
      "timeoutSeconds": 30,
      "minInstances": null,
      "maxInstances": null,
      "ingressSettings": null,
      "concurrency": null,
      "serviceAccountEmail": null,
      "vpc": null,
      "platform": "gcfv2",
      "region": [
        "us-central1"
      ],
      "labels": {},
      "httpsTrigger": {},
      "entryPoint": "getReportDocxExportStatus"
    },
    "processReportDocxExportHttp": {
      "availableMemoryMb": 4096,
      "timeoutSeconds": 540,
      "minInstances": null,
      "maxInstances": null,
      "ingressSettings": null,
      "concurrency": null,
      "serviceAccountEmail": null,
      "vpc": null,
      "platform": "gcfv2",
      "region": [
        "us-central1"
      ],
      "labels": {},
      "httpsTrigger": {},
      "entryPoint": "processReportDocxExportHttp"
    },
    "processReportDocxExportJob": {
      "availableMemoryMb": 4096,
      "timeoutSeconds": 540,
      "minInstances": null,
      "maxInstances": null,
      "ingressSettings": null,
      "concurrency": null,
      "serviceAccountEmail": null,
      "vpc": null,
      "platform": "gcfv2",
      "region": [
        "us-central1"
      ],
      "labels": {},
      "eventTrigger": {
        "eventType": "google.cloud.firestore.document.v1.created",
        "eventFilters": {
          "database": "(default)",
          "namespace": "(default)"
        },
        "eventFilterPathPatterns": {
          "document": "docxExportJobs/{jobId}"
        },
        "retry": false
      },
      "entryPoint": "processReportDocxExportJob"
    },
    "notifyReportReleased": {
      "availableMemoryMb": null,
      "timeoutSeconds": null,
      "minInstances": null,
      "maxInstances": null,
      "ingressSettings": null,
      "concurrency": null,
      "serviceAccountEmail": null,
      "vpc": null,
      "platform": "gcfv2",
      "region": [
        "us-central1"
      ],
      "labels": {},
      "httpsTrigger": {},
      "entryPoint": "notifyReportReleased"
    },
    "sendBrandedPasswordResetEmail": {
      "availableMemoryMb": null,
      "timeoutSeconds": null,
      "minInstances": null,
      "maxInstances": null,
      "ingressSettings": null,
      "concurrency": null,
      "serviceAccountEmail": null,
      "vpc": null,
      "platform": "gcfv2",
      "region": [
        "us-central1"
      ],
      "labels": {},
      "callableTrigger": {},
      "entryPoint": "sendBrandedPasswordResetEmail"
    },
    "generateReportPdf": {
      "availableMemoryMb": 4096,
      "timeoutSeconds": 540,
      "minInstances": null,
      "maxInstances": null,
      "ingressSettings": null,
      "concurrency": null,
      "serviceAccountEmail": null,
      "vpc": null,
      "platform": "gcfv2",
      "region": [
        "us-central1"
      ],
      "labels": {},
      "httpsTrigger": {},
      "entryPoint": "generateReportPdf"
    },
    "sendEmail": {
      "availableMemoryMb": null,
      "timeoutSeconds": null,
      "minInstances": null,
      "maxInstances": null,
      "ingressSettings": null,
      "concurrency": null,
      "serviceAccountEmail": null,
      "vpc": null,
      "platform": "gcfv2",
      "region": [
        "us-central1"
      ],
      "labels": {},
      "httpsTrigger": {},
      "entryPoint": "sendEmail"
    },
    "sendPendingAssessmentReminders": {
      "availableMemoryMb": 1024,
      "timeoutSeconds": 540,
      "minInstances": null,
      "maxInstances": null,
      "ingressSettings": null,
      "concurrency": null,
      "serviceAccountEmail": null,
      "vpc": null,
      "platform": "gcfv2",
      "region": [
        "us-central1"
      ],
      "labels": {},
      "scheduleTrigger": {
        "schedule": "every 15 minutes",
        "retryConfig": {},
        "timeZone": "Etc/UTC"
      },
      "entryPoint": "sendPendingAssessmentReminders"
    },
    "triggerPendingAssessmentReminders": {
      "availableMemoryMb": 1024,
      "timeoutSeconds": 540,
      "minInstances": null,
      "maxInstances": null,
      "ingressSettings": null,
      "concurrency": null,
      "serviceAccountEmail": null,
      "vpc": null,
      "platform": "gcfv2",
      "region": [
        "us-central1"
      ],
      "labels": {},
      "httpsTrigger": {},
      "entryPoint": "triggerPendingAssessmentReminders"
    },
    "onAssessmentCompleted": {
      "availableMemoryMb": null,
      "timeoutSeconds": null,
      "minInstances": null,
      "maxInstances": null,
      "ingressSettings": null,
      "concurrency": null,
      "serviceAccountEmail": null,
      "vpc": null,
      "platform": "gcfv2",
      "region": [
        "us-central1"
      ],
      "labels": {},
      "eventTrigger": {
        "eventType": "google.cloud.firestore.document.v1.updated",
        "eventFilters": {
          "database": "(default)",
          "namespace": "(default)"
        },
        "eventFilterPathPatterns": {
          "document": "assessmentLinks/{linkId}"
        },
        "retry": false
      },
      "entryPoint": "onAssessmentCompleted"
    },
    "setUserPasswordByMaster": {
      "availableMemoryMb": null,
      "timeoutSeconds": null,
      "minInstances": null,
      "maxInstances": null,
      "ingressSettings": null,
      "concurrency": null,
      "serviceAccountEmail": null,
      "vpc": null,
      "platform": "gcfv2",
      "region": [
        "us-central1"
      ],
      "labels": {},
      "callableTrigger": {},
      "entryPoint": "setUserPasswordByMaster"
    },
    "safeDelete": {
      "availableMemoryMb": null,
      "timeoutSeconds": null,
      "minInstances": null,
      "maxInstances": null,
      "ingressSettings": null,
      "concurrency": null,
      "serviceAccountEmail": null,
      "vpc": null,
      "platform": "gcfv2",
      "region": [
        "us-central1"
      ],
      "labels": {},
      "callableTrigger": {},
      "entryPoint": "safeDelete"
    },
    "onProjectDeleted": {
      "availableMemoryMb": null,
      "timeoutSeconds": null,
      "minInstances": null,
      "maxInstances": null,
      "ingressSettings": null,
      "concurrency": null,
      "serviceAccountEmail": null,
      "vpc": null,
      "platform": "gcfv2",
      "region": [
        "us-central1"
      ],
      "labels": {},
      "eventTrigger": {
        "eventType": "google.cloud.firestore.document.v1.deleted",
        "eventFilters": {
          "database": "(default)",
          "namespace": "(default)"
        },
        "eventFilterPathPatterns": {
          "document": "projects/{projectId}"
        },
        "retry": false
      },
      "entryPoint": "onProjectDeleted"
    },
    "onClientDeleted": {
      "availableMemoryMb": null,
      "timeoutSeconds": null,
      "minInstances": null,
      "maxInstances": null,
      "ingressSettings": null,
      "concurrency": null,
      "serviceAccountEmail": null,
      "vpc": null,
      "platform": "gcfv2",
      "region": [
        "us-central1"
      ],
      "labels": {},
      "eventTrigger": {
        "eventType": "google.cloud.firestore.document.v1.deleted",
        "eventFilters": {
          "database": "(default)",
          "namespace": "(default)"
        },
        "eventFilterPathPatterns": {
          "document": "clients/{clientId}"
        },
        "retry": false
      },
      "entryPoint": "onClientDeleted"
    },
    "onParticipantDeleted": {
      "availableMemoryMb": null,
      "timeoutSeconds": null,
      "minInstances": null,
      "maxInstances": null,
      "ingressSettings": null,
      "concurrency": null,
      "serviceAccountEmail": null,
      "vpc": null,
      "platform": "gcfv2",
      "region": [
        "us-central1"
      ],
      "labels": {},
      "eventTrigger": {
        "eventType": "google.cloud.firestore.document.v1.deleted",
        "eventFilters": {
          "database": "(default)",
          "namespace": "(default)"
        },
        "eventFilterPathPatterns": {
          "document": "participants/{participantId}"
        },
        "retry": false
      },
      "entryPoint": "onParticipantDeleted"
    }
  },
  "specVersion": "v1alpha1",
  "requiredAPIs": [
    {
      "api": "cloudscheduler.googleapis.com",
      "reason": "Needed for scheduled functions."
    }
  ],
  "extensions": {},
  "params": [
    {
      "name": "EMAIL_USER",
      "type": "string",
      "default": ""
    },
    {
      "name": "EMAIL_PASS",
      "type": "string",
      "default": ""
    }
  ]
}

[info] +  functions: Loaded functions definitions from source: createReportDocxExport, downloadReportDocxExport, getReportDocxExportStatus, processReportDocxExportHttp, processReportDocxExportJob, notifyReportReleased, sendBrandedPasswordResetEmail, generateReportPdf, sendEmail, sendPendingAssessmentReminders, triggerPendingAssessmentReminders, onAssessmentCompleted, setUserPasswordByMaster, safeDelete, onProjectDeleted, onClientDeleted, onParticipantDeleted. {"metadata":{"emulator":{"name":"functions"},"message":"Loaded functions definitions from source: createReportDocxExport, downloadReportDocxExport, getReportDocxExportStatus, processReportDocxExportHttp, processReportDocxExportJob, notifyReportReleased, sendBrandedPasswordResetEmail, generateReportPdf, sendEmail, sendPendingAssessmentReminders, triggerPendingAssessmentReminders, onAssessmentCompleted, setUserPasswordByMaster, safeDelete, onProjectDeleted, onClientDeleted, onParticipantDeleted."}}
[debug] [2026-09-17T17:26:16.723Z] File C:\Users\adm\Documents\workspace_igor\eck_v3\ECK\functions\functions.yaml changed, reloading triggers {"metadata":{"emulator":{"name":"functions"},"message":"File C:\\Users\\adm\\Documents\\workspace_igor\\eck_v3\\ECK\\functions\\functions.yaml changed, reloading triggers"}}
[debug] [2026-09-17T17:26:17.727Z] Validating nodejs source
[warn] !  functions: package.json indicates an outdated version of firebase-functions. Please upgrade using npm install --save firebase-functions@latest in your functions directory. 
[warn] !  functions: Please note that there will be breaking changes when you upgrade. 
[debug] [2026-09-17T17:26:18.967Z] > [functions] package.json contents: {
  "name": "functions",
  "scripts": {
    "build": "tsc && node scripts/generate-functions-yaml.js",
    "build:watch": "tsc --watch",
    "serve": "npm run build && firebase emulators:start --only functions",
    "serve:full": "npm run build && firebase emulators:start --only functions,firestore",
    "shell": "npm run build && firebase functions:shell",
    "start": "npm run shell",
    "deploy": "firebase deploy --only functions",
    "logs": "firebase functions:log"
  },
  "engines": {
    "node": "20"
  },
  "main": "lib/index.js",
  "dependencies": {
    "@google-cloud/storage": "^7.15.1",
    "@napi-rs/canvas": "^0.1.67",
    "@sparticuz/chromium": "^147.0.0",
    "cors": "^2.8.5",
    "docx": "^9.5.1",
    "firebase-admin": "^13.1.0",
    "firebase-functions": "^6.3.1",
    "image-size": "^1.2.0",
    "node-html-parser": "^9.0.1",
    "nodemailer": "^6.9.7",
    "pdfjs-dist": "^4.10.38",
    "pdfmake": "^0.3.3",
    "puppeteer-core": "^24.42.0"
  },
  "devDependencies": {
    "@types/express": "^5.0.3",
    "@types/node": "^22.13.1",
    "@types/nodemailer": "^6.4.19",
    "firebase-functions-test": "^3.1.0",
    "typescript": "^5.7.3"
  },
  "private": true
}
[debug] [2026-09-17T17:26:18.967Z] Building nodejs source
[debug] [2026-09-17T17:26:18.967Z] Failed to find version of module node: reached end of search path C:\Users\adm\Documents\workspace_igor\eck_v3\ECK\functions\node_modules
[info] +  functions: Using node@20 from host. 
[info] i  functions: Loaded environment variables from .env. 
[debug] [2026-09-17T17:26:18.969Z] Found functions.yaml. Got spec: {
  "endpoints": {
    "createReportDocxExport": {
      "availableMemoryMb": 512,
      "timeoutSeconds": 60,
      "minInstances": null,
      "maxInstances": null,
      "ingressSettings": null,
      "concurrency": null,
      "serviceAccountEmail": null,
      "vpc": null,
      "platform": "gcfv2",
      "region": [
        "us-central1"
      ],
      "labels": {},
      "httpsTrigger": {},
      "entryPoint": "createReportDocxExport"
    },
    "downloadReportDocxExport": {
      "availableMemoryMb": 512,
      "timeoutSeconds": 120,
      "minInstances": null,
      "maxInstances": null,
      "ingressSettings": null,
      "concurrency": null,
      "serviceAccountEmail": null,
      "vpc": null,
      "platform": "gcfv2",
      "region": [
        "us-central1"
      ],
      "labels": {},
      "httpsTrigger": {},
      "entryPoint": "downloadReportDocxExport"
    },
    "getReportDocxExportStatus": {
      "availableMemoryMb": 256,
      "timeoutSeconds": 30,
      "minInstances": null,
      "maxInstances": null,
      "ingressSettings": null,
      "concurrency": null,
      "serviceAccountEmail": null,
      "vpc": null,
      "platform": "gcfv2",
      "region": [
        "us-central1"
      ],
      "labels": {},
      "httpsTrigger": {},
      "entryPoint": "getReportDocxExportStatus"
    },
    "processReportDocxExportHttp": {
      "availableMemoryMb": 4096,
      "timeoutSeconds": 540,
      "minInstances": null,
      "maxInstances": null,
      "ingressSettings": null,
      "concurrency": null,
      "serviceAccountEmail": null,
      "vpc": null,
      "platform": "gcfv2",
      "region": [
        "us-central1"
      ],
      "labels": {},
      "httpsTrigger": {},
      "entryPoint": "processReportDocxExportHttp"
    },
    "processReportDocxExportJob": {
      "availableMemoryMb": 4096,
      "timeoutSeconds": 540,
      "minInstances": null,
      "maxInstances": null,
      "ingressSettings": null,
      "concurrency": null,
      "serviceAccountEmail": null,
      "vpc": null,
      "platform": "gcfv2",
      "region": [
        "us-central1"
      ],
      "labels": {},
      "eventTrigger": {
        "eventType": "google.cloud.firestore.document.v1.created",
        "eventFilters": {
          "database": "(default)",
          "namespace": "(default)"
        },
        "eventFilterPathPatterns": {
          "document": "docxExportJobs/{jobId}"
        },
        "retry": false
      },
      "entryPoint": "processReportDocxExportJob"
    },
    "notifyReportReleased": {
      "availableMemoryMb": null,
      "timeoutSeconds": null,
      "minInstances": null,
      "maxInstances": null,
      "ingressSettings": null,
      "concurrency": null,
      "serviceAccountEmail": null,
      "vpc": null,
      "platform": "gcfv2",
      "region": [
        "us-central1"
      ],
      "labels": {},
      "httpsTrigger": {},
      "entryPoint": "notifyReportReleased"
    },
    "sendBrandedPasswordResetEmail": {
      "availableMemoryMb": null,
      "timeoutSeconds": null,
      "minInstances": null,
      "maxInstances": null,
      "ingressSettings": null,
      "concurrency": null,
      "serviceAccountEmail": null,
      "vpc": null,
      "platform": "gcfv2",
      "region": [
        "us-central1"
      ],
      "labels": {},
      "callableTrigger": {},
      "entryPoint": "sendBrandedPasswordResetEmail"
    },
    "generateReportPdf": {
      "availableMemoryMb": 4096,
      "timeoutSeconds": 540,
      "minInstances": null,
      "maxInstances": null,
      "ingressSettings": null,
      "concurrency": null,
      "serviceAccountEmail": null,
      "vpc": null,
      "platform": "gcfv2",
      "region": [
        "us-central1"
      ],
      "labels": {},
      "httpsTrigger": {},
      "entryPoint": "generateReportPdf"
    },
    "sendEmail": {
      "availableMemoryMb": null,
      "timeoutSeconds": null,
      "minInstances": null,
      "maxInstances": null,
      "ingressSettings": null,
      "concurrency": null,
      "serviceAccountEmail": null,
      "vpc": null,
      "platform": "gcfv2",
      "region": [
        "us-central1"
      ],
      "labels": {},
      "httpsTrigger": {},
      "entryPoint": "sendEmail"
    },
    "sendPendingAssessmentReminders": {
      "availableMemoryMb": 1024,
      "timeoutSeconds": 540,
      "minInstances": null,
      "maxInstances": null,
      "ingressSettings": null,
      "concurrency": null,
      "serviceAccountEmail": null,
      "vpc": null,
      "platform": "gcfv2",
      "region": [
        "us-central1"
      ],
      "labels": {},
      "scheduleTrigger": {
        "schedule": "every 15 minutes",
        "retryConfig": {},
        "timeZone": "Etc/UTC"
      },
      "entryPoint": "sendPendingAssessmentReminders"
    },
    "triggerPendingAssessmentReminders": {
      "availableMemoryMb": 1024,
      "timeoutSeconds": 540,
      "minInstances": null,
      "maxInstances": null,
      "ingressSettings": null,
      "concurrency": null,
      "serviceAccountEmail": null,
      "vpc": null,
      "platform": "gcfv2",
      "region": [
        "us-central1"
      ],
      "labels": {},
      "httpsTrigger": {},
      "entryPoint": "triggerPendingAssessmentReminders"
    },
    "onAssessmentCompleted": {
      "availableMemoryMb": null,
      "timeoutSeconds": null,
      "minInstances": null,
      "maxInstances": null,
      "ingressSettings": null,
      "concurrency": null,
      "serviceAccountEmail": null,
      "vpc": null,
      "platform": "gcfv2",
      "region": [
        "us-central1"
      ],
      "labels": {},
      "eventTrigger": {
        "eventType": "google.cloud.firestore.document.v1.updated",
        "eventFilters": {
          "database": "(default)",
          "namespace": "(default)"
        },
        "eventFilterPathPatterns": {
          "document": "assessmentLinks/{linkId}"
        },
        "retry": false
      },
      "entryPoint": "onAssessmentCompleted"
    },
    "setUserPasswordByMaster": {
      "availableMemoryMb": null,
      "timeoutSeconds": null,
      "minInstances": null,
      "maxInstances": null,
      "ingressSettings": null,
      "concurrency": null,
      "serviceAccountEmail": null,
      "vpc": null,
      "platform": "gcfv2",
      "region": [
        "us-central1"
      ],
      "labels": {},
      "callableTrigger": {},
      "entryPoint": "setUserPasswordByMaster"
    },
    "safeDelete": {
      "availableMemoryMb": null,
      "timeoutSeconds": null,
      "minInstances": null,
      "maxInstances": null,
      "ingressSettings": null,
      "concurrency": null,
      "serviceAccountEmail": null,
      "vpc": null,
      "platform": "gcfv2",
      "region": [
        "us-central1"
      ],
      "labels": {},
      "callableTrigger": {},
      "entryPoint": "safeDelete"
    },
    "onProjectDeleted": {
      "availableMemoryMb": null,
      "timeoutSeconds": null,
      "minInstances": null,
      "maxInstances": null,
      "ingressSettings": null,
      "concurrency": null,
      "serviceAccountEmail": null,
      "vpc": null,
      "platform": "gcfv2",
      "region": [
        "us-central1"
      ],
      "labels": {},
      "eventTrigger": {
        "eventType": "google.cloud.firestore.document.v1.deleted",
        "eventFilters": {
          "database": "(default)",
          "namespace": "(default)"
        },
        "eventFilterPathPatterns": {
          "document": "projects/{projectId}"
        },
        "retry": false
      },
      "entryPoint": "onProjectDeleted"
    },
    "onClientDeleted": {
      "availableMemoryMb": null,
      "timeoutSeconds": null,
      "minInstances": null,
      "maxInstances": null,
      "ingressSettings": null,
      "concurrency": null,
      "serviceAccountEmail": null,
      "vpc": null,
      "platform": "gcfv2",
      "region": [
        "us-central1"
      ],
      "labels": {},
      "eventTrigger": {
        "eventType": "google.cloud.firestore.document.v1.deleted",
        "eventFilters": {
          "database": "(default)",
          "namespace": "(default)"
        },
        "eventFilterPathPatterns": {
          "document": "clients/{clientId}"
        },
        "retry": false
      },
      "entryPoint": "onClientDeleted"
    },
    "onParticipantDeleted": {
      "availableMemoryMb": null,
      "timeoutSeconds": null,
      "minInstances": null,
      "maxInstances": null,
      "ingressSettings": null,
      "concurrency": null,
      "serviceAccountEmail": null,
      "vpc": null,
      "platform": "gcfv2",
      "region": [
        "us-central1"
      ],
      "labels": {},
      "eventTrigger": {
        "eventType": "google.cloud.firestore.document.v1.deleted",
        "eventFilters": {
          "database": "(default)",
          "namespace": "(default)"
        },
        "eventFilterPathPatterns": {
          "document": "participants/{participantId}"
        },
        "retry": false
      },
      "entryPoint": "onParticipantDeleted"
    }
  },
  "specVersion": "v1alpha1",
  "requiredAPIs": [
    {
      "api": "cloudscheduler.googleapis.com",
      "reason": "Needed for scheduled functions."
    }
  ],
  "extensions": {},
  "params": [
    {
      "name": "EMAIL_USER",
      "type": "string",
      "default": ""
    },
    {
      "name": "EMAIL_PASS",
      "type": "string",
      "default": ""
    }
  ]
}

[info] +  functions: Loaded functions definitions from source: createReportDocxExport, downloadReportDocxExport, getReportDocxExportStatus, processReportDocxExportHttp, processReportDocxExportJob, notifyReportReleased, sendBrandedPasswordResetEmail, generateReportPdf, sendEmail, sendPendingAssessmentReminders, triggerPendingAssessmentReminders, onAssessmentCompleted, setUserPasswordByMaster, safeDelete, onProjectDeleted, onClientDeleted, onParticipantDeleted. {"metadata":{"emulator":{"name":"functions"},"message":"Loaded functions definitions from source: createReportDocxExport, downloadReportDocxExport, getReportDocxExportStatus, processReportDocxExportHttp, processReportDocxExportJob, notifyReportReleased, sendBrandedPasswordResetEmail, generateReportPdf, sendEmail, sendPendingAssessmentReminders, triggerPendingAssessmentReminders, onAssessmentCompleted, setUserPasswordByMaster, safeDelete, onProjectDeleted, onClientDeleted, onParticipantDeleted."}}
[debug] [2026-09-17T17:28:16.896Z] File C:\Users\adm\Documents\workspace_igor\eck_v3\ECK\functions\src\branded-password-reset-email.ts changed, reloading triggers {"metadata":{"emulator":{"name":"functions"},"message":"File C:\\Users\\adm\\Documents\\workspace_igor\\eck_v3\\ECK\\functions\\src\\branded-password-reset-email.ts changed, reloading triggers"}}
[debug] [2026-09-17T17:28:17.898Z] Validating nodejs source
[warn] !  functions: package.json indicates an outdated version of firebase-functions. Please upgrade using npm install --save firebase-functions@latest in your functions directory. 
[warn] !  functions: Please note that there will be breaking changes when you upgrade. 
[debug] [2026-09-17T17:28:19.763Z] > [functions] package.json contents: {
  "name": "functions",
  "scripts": {
    "build": "tsc && node scripts/generate-functions-yaml.js",
    "build:watch": "tsc --watch",
    "serve": "npm run build && firebase emulators:start --only functions",
    "serve:full": "npm run build && firebase emulators:start --only functions,firestore",
    "shell": "npm run build && firebase functions:shell",
    "start": "npm run shell",
    "deploy": "firebase deploy --only functions",
    "logs": "firebase functions:log"
  },
  "engines": {
    "node": "20"
  },
  "main": "lib/index.js",
  "dependencies": {
    "@google-cloud/storage": "^7.15.1",
    "@napi-rs/canvas": "^0.1.67",
    "@sparticuz/chromium": "^147.0.0",
    "cors": "^2.8.5",
    "docx": "^9.5.1",
    "firebase-admin": "^13.1.0",
    "firebase-functions": "^6.3.1",
    "image-size": "^1.2.0",
    "node-html-parser": "^9.0.1",
    "nodemailer": "^6.9.7",
    "pdfjs-dist": "^4.10.38",
    "pdfmake": "^0.3.3",
    "puppeteer-core": "^24.42.0"
  },
  "devDependencies": {
    "@types/express": "^5.0.3",
    "@types/node": "^22.13.1",
    "@types/nodemailer": "^6.4.19",
    "firebase-functions-test": "^3.1.0",
    "typescript": "^5.7.3"
  },
  "private": true
}
[debug] [2026-09-17T17:28:19.763Z] Building nodejs source
[debug] [2026-09-17T17:28:19.763Z] Failed to find version of module node: reached end of search path C:\Users\adm\Documents\workspace_igor\eck_v3\ECK\functions\node_modules
[info] +  functions: Using node@20 from host. 
[info] i  functions: Loaded environment variables from .env. 
[debug] [2026-09-17T17:28:19.766Z] File C:\Users\adm\Documents\workspace_igor\eck_v3\ECK\functions\src\branded-password-reset-email.ts changed, reloading triggers {"metadata":{"emulator":{"name":"functions"},"message":"File C:\\Users\\adm\\Documents\\workspace_igor\\eck_v3\\ECK\\functions\\src\\branded-password-reset-email.ts changed, reloading triggers"}}
[debug] [2026-09-17T17:28:19.767Z] Found functions.yaml. Got spec: {
  "endpoints": {
    "createReportDocxExport": {
      "availableMemoryMb": 512,
      "timeoutSeconds": 60,
      "minInstances": null,
      "maxInstances": null,
      "ingressSettings": null,
      "concurrency": null,
      "serviceAccountEmail": null,
      "vpc": null,
      "platform": "gcfv2",
      "region": [
        "us-central1"
      ],
      "labels": {},
      "httpsTrigger": {},
      "entryPoint": "createReportDocxExport"
    },
    "downloadReportDocxExport": {
      "availableMemoryMb": 512,
      "timeoutSeconds": 120,
      "minInstances": null,
      "maxInstances": null,
      "ingressSettings": null,
      "concurrency": null,
      "serviceAccountEmail": null,
      "vpc": null,
      "platform": "gcfv2",
      "region": [
        "us-central1"
      ],
      "labels": {},
      "httpsTrigger": {},
      "entryPoint": "downloadReportDocxExport"
    },
    "getReportDocxExportStatus": {
      "availableMemoryMb": 256,
      "timeoutSeconds": 30,
      "minInstances": null,
      "maxInstances": null,
      "ingressSettings": null,
      "concurrency": null,
      "serviceAccountEmail": null,
      "vpc": null,
      "platform": "gcfv2",
      "region": [
        "us-central1"
      ],
      "labels": {},
      "httpsTrigger": {},
      "entryPoint": "getReportDocxExportStatus"
    },
    "processReportDocxExportHttp": {
      "availableMemoryMb": 4096,
      "timeoutSeconds": 540,
      "minInstances": null,
      "maxInstances": null,
      "ingressSettings": null,
      "concurrency": null,
      "serviceAccountEmail": null,
      "vpc": null,
      "platform": "gcfv2",
      "region": [
        "us-central1"
      ],
      "labels": {},
      "httpsTrigger": {},
      "entryPoint": "processReportDocxExportHttp"
    },
    "processReportDocxExportJob": {
      "availableMemoryMb": 4096,
      "timeoutSeconds": 540,
      "minInstances": null,
      "maxInstances": null,
      "ingressSettings": null,
      "concurrency": null,
      "serviceAccountEmail": null,
      "vpc": null,
      "platform": "gcfv2",
      "region": [
        "us-central1"
      ],
      "labels": {},
      "eventTrigger": {
        "eventType": "google.cloud.firestore.document.v1.created",
        "eventFilters": {
          "database": "(default)",
          "namespace": "(default)"
        },
        "eventFilterPathPatterns": {
          "document": "docxExportJobs/{jobId}"
        },
        "retry": false
      },
      "entryPoint": "processReportDocxExportJob"
    },
    "notifyReportReleased": {
      "availableMemoryMb": null,
      "timeoutSeconds": null,
      "minInstances": null,
      "maxInstances": null,
      "ingressSettings": null,
      "concurrency": null,
      "serviceAccountEmail": null,
      "vpc": null,
      "platform": "gcfv2",
      "region": [
        "us-central1"
      ],
      "labels": {},
      "httpsTrigger": {},
      "entryPoint": "notifyReportReleased"
    },
    "sendBrandedPasswordResetEmail": {
      "availableMemoryMb": null,
      "timeoutSeconds": null,
      "minInstances": null,
      "maxInstances": null,
      "ingressSettings": null,
      "concurrency": null,
      "serviceAccountEmail": null,
      "vpc": null,
      "platform": "gcfv2",
      "region": [
        "us-central1"
      ],
      "labels": {},
      "callableTrigger": {},
      "entryPoint": "sendBrandedPasswordResetEmail"
    },
    "generateReportPdf": {
      "availableMemoryMb": 4096,
      "timeoutSeconds": 540,
      "minInstances": null,
      "maxInstances": null,
      "ingressSettings": null,
      "concurrency": null,
      "serviceAccountEmail": null,
      "vpc": null,
      "platform": "gcfv2",
      "region": [
        "us-central1"
      ],
      "labels": {},
      "httpsTrigger": {},
      "entryPoint": "generateReportPdf"
    },
    "sendEmail": {
      "availableMemoryMb": null,
      "timeoutSeconds": null,
      "minInstances": null,
      "maxInstances": null,
      "ingressSettings": null,
      "concurrency": null,
      "serviceAccountEmail": null,
      "vpc": null,
      "platform": "gcfv2",
      "region": [
        "us-central1"
      ],
      "labels": {},
      "httpsTrigger": {},
      "entryPoint": "sendEmail"
    },
    "sendPendingAssessmentReminders": {
      "availableMemoryMb": 1024,
      "timeoutSeconds": 540,
      "minInstances": null,
      "maxInstances": null,
      "ingressSettings": null,
      "concurrency": null,
      "serviceAccountEmail": null,
      "vpc": null,
      "platform": "gcfv2",
      "region": [
        "us-central1"
      ],
      "labels": {},
      "scheduleTrigger": {
        "schedule": "every 15 minutes",
        "retryConfig": {},
        "timeZone": "Etc/UTC"
      },
      "entryPoint": "sendPendingAssessmentReminders"
    },
    "triggerPendingAssessmentReminders": {
      "availableMemoryMb": 1024,
      "timeoutSeconds": 540,
      "minInstances": null,
      "maxInstances": null,
      "ingressSettings": null,
      "concurrency": null,
      "serviceAccountEmail": null,
      "vpc": null,
      "platform": "gcfv2",
      "region": [
        "us-central1"
      ],
      "labels": {},
      "httpsTrigger": {},
      "entryPoint": "triggerPendingAssessmentReminders"
    },
    "onAssessmentCompleted": {
      "availableMemoryMb": null,
      "timeoutSeconds": null,
      "minInstances": null,
      "maxInstances": null,
      "ingressSettings": null,
      "concurrency": null,
      "serviceAccountEmail": null,
      "vpc": null,
      "platform": "gcfv2",
      "region": [
        "us-central1"
      ],
      "labels": {},
      "eventTrigger": {
        "eventType": "google.cloud.firestore.document.v1.updated",
        "eventFilters": {
          "database": "(default)",
          "namespace": "(default)"
        },
        "eventFilterPathPatterns": {
          "document": "assessmentLinks/{linkId}"
        },
        "retry": false
      },
      "entryPoint": "onAssessmentCompleted"
    },
    "setUserPasswordByMaster": {
      "availableMemoryMb": null,
      "timeoutSeconds": null,
      "minInstances": null,
      "maxInstances": null,
      "ingressSettings": null,
      "concurrency": null,
      "serviceAccountEmail": null,
      "vpc": null,
      "platform": "gcfv2",
      "region": [
        "us-central1"
      ],
      "labels": {},
      "callableTrigger": {},
      "entryPoint": "setUserPasswordByMaster"
    },
    "safeDelete": {
      "availableMemoryMb": null,
      "timeoutSeconds": null,
      "minInstances": null,
      "maxInstances": null,
      "ingressSettings": null,
      "concurrency": null,
      "serviceAccountEmail": null,
      "vpc": null,
      "platform": "gcfv2",
      "region": [
        "us-central1"
      ],
      "labels": {},
      "callableTrigger": {},
      "entryPoint": "safeDelete"
    },
    "onProjectDeleted": {
      "availableMemoryMb": null,
      "timeoutSeconds": null,
      "minInstances": null,
      "maxInstances": null,
      "ingressSettings": null,
      "concurrency": null,
      "serviceAccountEmail": null,
      "vpc": null,
      "platform": "gcfv2",
      "region": [
        "us-central1"
      ],
      "labels": {},
      "eventTrigger": {
        "eventType": "google.cloud.firestore.document.v1.deleted",
        "eventFilters": {
          "database": "(default)",
          "namespace": "(default)"
        },
        "eventFilterPathPatterns": {
          "document": "projects/{projectId}"
        },
        "retry": false
      },
      "entryPoint": "onProjectDeleted"
    },
    "onClientDeleted": {
      "availableMemoryMb": null,
      "timeoutSeconds": null,
      "minInstances": null,
      "maxInstances": null,
      "ingressSettings": null,
      "concurrency": null,
      "serviceAccountEmail": null,
      "vpc": null,
      "platform": "gcfv2",
      "region": [
        "us-central1"
      ],
      "labels": {},
      "eventTrigger": {
        "eventType": "google.cloud.firestore.document.v1.deleted",
        "eventFilters": {
          "database": "(default)",
          "namespace": "(default)"
        },
        "eventFilterPathPatterns": {
          "document": "clients/{clientId}"
        },
        "retry": false
      },
      "entryPoint": "onClientDeleted"
    },
    "onParticipantDeleted": {
      "availableMemoryMb": null,
      "timeoutSeconds": null,
      "minInstances": null,
      "maxInstances": null,
      "ingressSettings": null,
      "concurrency": null,
      "serviceAccountEmail": null,
      "vpc": null,
      "platform": "gcfv2",
      "region": [
        "us-central1"
      ],
      "labels": {},
      "eventTrigger": {
        "eventType": "google.cloud.firestore.document.v1.deleted",
        "eventFilters": {
          "database": "(default)",
          "namespace": "(default)"
        },
        "eventFilterPathPatterns": {
          "document": "participants/{participantId}"
        },
        "retry": false
      },
      "entryPoint": "onParticipantDeleted"
    }
  },
  "specVersion": "v1alpha1",
  "requiredAPIs": [
    {
      "api": "cloudscheduler.googleapis.com",
      "reason": "Needed for scheduled functions."
    }
  ],
  "extensions": {},
  "params": [
    {
      "name": "EMAIL_USER",
      "type": "string",
      "default": ""
    },
    {
      "name": "EMAIL_PASS",
      "type": "string",
      "default": ""
    }
  ]
}

[info] +  functions: Loaded functions definitions from source: createReportDocxExport, downloadReportDocxExport, getReportDocxExportStatus, processReportDocxExportHttp, processReportDocxExportJob, notifyReportReleased, sendBrandedPasswordResetEmail, generateReportPdf, sendEmail, sendPendingAssessmentReminders, triggerPendingAssessmentReminders, onAssessmentCompleted, setUserPasswordByMaster, safeDelete, onProjectDeleted, onClientDeleted, onParticipantDeleted. {"metadata":{"emulator":{"name":"functions"},"message":"Loaded functions definitions from source: createReportDocxExport, downloadReportDocxExport, getReportDocxExportStatus, processReportDocxExportHttp, processReportDocxExportJob, notifyReportReleased, sendBrandedPasswordResetEmail, generateReportPdf, sendEmail, sendPendingAssessmentReminders, triggerPendingAssessmentReminders, onAssessmentCompleted, setUserPasswordByMaster, safeDelete, onProjectDeleted, onClientDeleted, onParticipantDeleted."}}
[debug] [2026-09-17T17:28:20.768Z] Validating nodejs source
[warn] !  functions: package.json indicates an outdated version of firebase-functions. Please upgrade using npm install --save firebase-functions@latest in your functions directory. 
[warn] !  functions: Please note that there will be breaking changes when you upgrade. 
[debug] [2026-09-17T17:28:22.153Z] > [functions] package.json contents: {
  "name": "functions",
  "scripts": {
    "build": "tsc && node scripts/generate-functions-yaml.js",
    "build:watch": "tsc --watch",
    "serve": "npm run build && firebase emulators:start --only functions",
    "serve:full": "npm run build && firebase emulators:start --only functions,firestore",
    "shell": "npm run build && firebase functions:shell",
    "start": "npm run shell",
    "deploy": "firebase deploy --only functions",
    "logs": "firebase functions:log"
  },
  "engines": {
    "node": "20"
  },
  "main": "lib/index.js",
  "dependencies": {
    "@google-cloud/storage": "^7.15.1",
    "@napi-rs/canvas": "^0.1.67",
    "@sparticuz/chromium": "^147.0.0",
    "cors": "^2.8.5",
    "docx": "^9.5.1",
    "firebase-admin": "^13.1.0",
    "firebase-functions": "^6.3.1",
    "image-size": "^1.2.0",
    "node-html-parser": "^9.0.1",
    "nodemailer": "^6.9.7",
    "pdfjs-dist": "^4.10.38",
    "pdfmake": "^0.3.3",
    "puppeteer-core": "^24.42.0"
  },
  "devDependencies": {
    "@types/express": "^5.0.3",
    "@types/node": "^22.13.1",
    "@types/nodemailer": "^6.4.19",
    "firebase-functions-test": "^3.1.0",
    "typescript": "^5.7.3"
  },
  "private": true
}
[debug] [2026-09-17T17:28:22.153Z] Building nodejs source
[debug] [2026-09-17T17:28:22.154Z] Failed to find version of module node: reached end of search path C:\Users\adm\Documents\workspace_igor\eck_v3\ECK\functions\node_modules
[info] +  functions: Using node@20 from host. 
[info] i  functions: Loaded environment variables from .env. 
[debug] [2026-09-17T17:28:22.155Z] Found functions.yaml. Got spec: {
  "endpoints": {
    "createReportDocxExport": {
      "availableMemoryMb": 512,
      "timeoutSeconds": 60,
      "minInstances": null,
      "maxInstances": null,
      "ingressSettings": null,
      "concurrency": null,
      "serviceAccountEmail": null,
      "vpc": null,
      "platform": "gcfv2",
      "region": [
        "us-central1"
      ],
      "labels": {},
      "httpsTrigger": {},
      "entryPoint": "createReportDocxExport"
    },
    "downloadReportDocxExport": {
      "availableMemoryMb": 512,
      "timeoutSeconds": 120,
      "minInstances": null,
      "maxInstances": null,
      "ingressSettings": null,
      "concurrency": null,
      "serviceAccountEmail": null,
      "vpc": null,
      "platform": "gcfv2",
      "region": [
        "us-central1"
      ],
      "labels": {},
      "httpsTrigger": {},
      "entryPoint": "downloadReportDocxExport"
    },
    "getReportDocxExportStatus": {
      "availableMemoryMb": 256,
      "timeoutSeconds": 30,
      "minInstances": null,
      "maxInstances": null,
      "ingressSettings": null,
      "concurrency": null,
      "serviceAccountEmail": null,
      "vpc": null,
      "platform": "gcfv2",
      "region": [
        "us-central1"
      ],
      "labels": {},
      "httpsTrigger": {},
      "entryPoint": "getReportDocxExportStatus"
    },
    "processReportDocxExportHttp": {
      "availableMemoryMb": 4096,
      "timeoutSeconds": 540,
      "minInstances": null,
      "maxInstances": null,
      "ingressSettings": null,
      "concurrency": null,
      "serviceAccountEmail": null,
      "vpc": null,
      "platform": "gcfv2",
      "region": [
        "us-central1"
      ],
      "labels": {},
      "httpsTrigger": {},
      "entryPoint": "processReportDocxExportHttp"
    },
    "processReportDocxExportJob": {
      "availableMemoryMb": 4096,
      "timeoutSeconds": 540,
      "minInstances": null,
      "maxInstances": null,
      "ingressSettings": null,
      "concurrency": null,
      "serviceAccountEmail": null,
      "vpc": null,
      "platform": "gcfv2",
      "region": [
        "us-central1"
      ],
      "labels": {},
      "eventTrigger": {
        "eventType": "google.cloud.firestore.document.v1.created",
        "eventFilters": {
          "database": "(default)",
          "namespace": "(default)"
        },
        "eventFilterPathPatterns": {
          "document": "docxExportJobs/{jobId}"
        },
        "retry": false
      },
      "entryPoint": "processReportDocxExportJob"
    },
    "notifyReportReleased": {
      "availableMemoryMb": null,
      "timeoutSeconds": null,
      "minInstances": null,
      "maxInstances": null,
      "ingressSettings": null,
      "concurrency": null,
      "serviceAccountEmail": null,
      "vpc": null,
      "platform": "gcfv2",
      "region": [
        "us-central1"
      ],
      "labels": {},
      "httpsTrigger": {},
      "entryPoint": "notifyReportReleased"
    },
    "sendBrandedPasswordResetEmail": {
      "availableMemoryMb": null,
      "timeoutSeconds": null,
      "minInstances": null,
      "maxInstances": null,
      "ingressSettings": null,
      "concurrency": null,
      "serviceAccountEmail": null,
      "vpc": null,
      "platform": "gcfv2",
      "region": [
        "us-central1"
      ],
      "labels": {},
      "callableTrigger": {},
      "entryPoint": "sendBrandedPasswordResetEmail"
    },
    "generateReportPdf": {
      "availableMemoryMb": 4096,
      "timeoutSeconds": 540,
      "minInstances": null,
      "maxInstances": null,
      "ingressSettings": null,
      "concurrency": null,
      "serviceAccountEmail": null,
      "vpc": null,
      "platform": "gcfv2",
      "region": [
        "us-central1"
      ],
      "labels": {},
      "httpsTrigger": {},
      "entryPoint": "generateReportPdf"
    },
    "sendEmail": {
      "availableMemoryMb": null,
      "timeoutSeconds": null,
      "minInstances": null,
      "maxInstances": null,
      "ingressSettings": null,
      "concurrency": null,
      "serviceAccountEmail": null,
      "vpc": null,
      "platform": "gcfv2",
      "region": [
        "us-central1"
      ],
      "labels": {},
      "httpsTrigger": {},
      "entryPoint": "sendEmail"
    },
    "sendPendingAssessmentReminders": {
      "availableMemoryMb": 1024,
      "timeoutSeconds": 540,
      "minInstances": null,
      "maxInstances": null,
      "ingressSettings": null,
      "concurrency": null,
      "serviceAccountEmail": null,
      "vpc": null,
      "platform": "gcfv2",
      "region": [
        "us-central1"
      ],
      "labels": {},
      "scheduleTrigger": {
        "schedule": "every 15 minutes",
        "retryConfig": {},
        "timeZone": "Etc/UTC"
      },
      "entryPoint": "sendPendingAssessmentReminders"
    },
    "triggerPendingAssessmentReminders": {
      "availableMemoryMb": 1024,
      "timeoutSeconds": 540,
      "minInstances": null,
      "maxInstances": null,
      "ingressSettings": null,
      "concurrency": null,
      "serviceAccountEmail": null,
      "vpc": null,
      "platform": "gcfv2",
      "region": [
        "us-central1"
      ],
      "labels": {},
      "httpsTrigger": {},
      "entryPoint": "triggerPendingAssessmentReminders"
    },
    "onAssessmentCompleted": {
      "availableMemoryMb": null,
      "timeoutSeconds": null,
      "minInstances": null,
      "maxInstances": null,
      "ingressSettings": null,
      "concurrency": null,
      "serviceAccountEmail": null,
      "vpc": null,
      "platform": "gcfv2",
      "region": [
        "us-central1"
      ],
      "labels": {},
      "eventTrigger": {
        "eventType": "google.cloud.firestore.document.v1.updated",
        "eventFilters": {
          "database": "(default)",
          "namespace": "(default)"
        },
        "eventFilterPathPatterns": {
          "document": "assessmentLinks/{linkId}"
        },
        "retry": false
      },
      "entryPoint": "onAssessmentCompleted"
    },
    "setUserPasswordByMaster": {
      "availableMemoryMb": null,
      "timeoutSeconds": null,
      "minInstances": null,
      "maxInstances": null,
      "ingressSettings": null,
      "concurrency": null,
      "serviceAccountEmail": null,
      "vpc": null,
      "platform": "gcfv2",
      "region": [
        "us-central1"
      ],
      "labels": {},
      "callableTrigger": {},
      "entryPoint": "setUserPasswordByMaster"
    },
    "safeDelete": {
      "availableMemoryMb": null,
      "timeoutSeconds": null,
      "minInstances": null,
      "maxInstances": null,
      "ingressSettings": null,
      "concurrency": null,
      "serviceAccountEmail": null,
      "vpc": null,
      "platform": "gcfv2",
      "region": [
        "us-central1"
      ],
      "labels": {},
      "callableTrigger": {},
      "entryPoint": "safeDelete"
    },
    "onProjectDeleted": {
      "availableMemoryMb": null,
      "timeoutSeconds": null,
      "minInstances": null,
      "maxInstances": null,
      "ingressSettings": null,
      "concurrency": null,
      "serviceAccountEmail": null,
      "vpc": null,
      "platform": "gcfv2",
      "region": [
        "us-central1"
      ],
      "labels": {},
      "eventTrigger": {
        "eventType": "google.cloud.firestore.document.v1.deleted",
        "eventFilters": {
          "database": "(default)",
          "namespace": "(default)"
        },
        "eventFilterPathPatterns": {
          "document": "projects/{projectId}"
        },
        "retry": false
      },
      "entryPoint": "onProjectDeleted"
    },
    "onClientDeleted": {
      "availableMemoryMb": null,
      "timeoutSeconds": null,
      "minInstances": null,
      "maxInstances": null,
      "ingressSettings": null,
      "concurrency": null,
      "serviceAccountEmail": null,
      "vpc": null,
      "platform": "gcfv2",
      "region": [
        "us-central1"
      ],
      "labels": {},
      "eventTrigger": {
        "eventType": "google.cloud.firestore.document.v1.deleted",
        "eventFilters": {
          "database": "(default)",
          "namespace": "(default)"
        },
        "eventFilterPathPatterns": {
          "document": "clients/{clientId}"
        },
        "retry": false
      },
      "entryPoint": "onClientDeleted"
    },
    "onParticipantDeleted": {
      "availableMemoryMb": null,
      "timeoutSeconds": null,
      "minInstances": null,
      "maxInstances": null,
      "ingressSettings": null,
      "concurrency": null,
      "serviceAccountEmail": null,
      "vpc": null,
      "platform": "gcfv2",
      "region": [
        "us-central1"
      ],
      "labels": {},
      "eventTrigger": {
        "eventType": "google.cloud.firestore.document.v1.deleted",
        "eventFilters": {
          "database": "(default)",
          "namespace": "(default)"
        },
        "eventFilterPathPatterns": {
          "document": "participants/{participantId}"
        },
        "retry": false
      },
      "entryPoint": "onParticipantDeleted"
    }
  },
  "specVersion": "v1alpha1",
  "requiredAPIs": [
    {
      "api": "cloudscheduler.googleapis.com",
      "reason": "Needed for scheduled functions."
    }
  ],
  "extensions": {},
  "params": [
    {
      "name": "EMAIL_USER",
      "type": "string",
      "default": ""
    },
    {
      "name": "EMAIL_PASS",
      "type": "string",
      "default": ""
    }
  ]
}

[info] +  functions: Loaded functions definitions from source: createReportDocxExport, downloadReportDocxExport, getReportDocxExportStatus, processReportDocxExportHttp, processReportDocxExportJob, notifyReportReleased, sendBrandedPasswordResetEmail, generateReportPdf, sendEmail, sendPendingAssessmentReminders, triggerPendingAssessmentReminders, onAssessmentCompleted, setUserPasswordByMaster, safeDelete, onProjectDeleted, onClientDeleted, onParticipantDeleted. {"metadata":{"emulator":{"name":"functions"},"message":"Loaded functions definitions from source: createReportDocxExport, downloadReportDocxExport, getReportDocxExportStatus, processReportDocxExportHttp, processReportDocxExportJob, notifyReportReleased, sendBrandedPasswordResetEmail, generateReportPdf, sendEmail, sendPendingAssessmentReminders, triggerPendingAssessmentReminders, onAssessmentCompleted, setUserPasswordByMaster, safeDelete, onProjectDeleted, onClientDeleted, onParticipantDeleted."}}
[debug] [2026-09-17T17:28:28.692Z] File C:\Users\adm\Documents\workspace_igor\eck_v3\ECK\functions\lib\shared\firebase-admin.js.map changed, reloading triggers {"metadata":{"emulator":{"name":"functions"},"message":"File C:\\Users\\adm\\Documents\\workspace_igor\\eck_v3\\ECK\\functions\\lib\\shared\\firebase-admin.js.map changed, reloading triggers"}}
[debug] [2026-09-17T17:28:28.696Z] File C:\Users\adm\Documents\workspace_igor\eck_v3\ECK\functions\lib\shared\firebase-admin.js changed, reloading triggers {"metadata":{"emulator":{"name":"functions"},"message":"File C:\\Users\\adm\\Documents\\workspace_igor\\eck_v3\\ECK\\functions\\lib\\shared\\firebase-admin.js changed, reloading triggers"}}
[debug] [2026-09-17T17:28:28.722Z] File C:\Users\adm\Documents\workspace_igor\eck_v3\ECK\functions\lib\branded-password-reset-email.js.map changed, reloading triggers {"metadata":{"emulator":{"name":"functions"},"message":"File C:\\Users\\adm\\Documents\\workspace_igor\\eck_v3\\ECK\\functions\\lib\\branded-password-reset-email.js.map changed, reloading triggers"}}
[debug] [2026-09-17T17:28:28.722Z] File C:\Users\adm\Documents\workspace_igor\eck_v3\ECK\functions\lib\branded-password-reset-email.js changed, reloading triggers {"metadata":{"emulator":{"name":"functions"},"message":"File C:\\Users\\adm\\Documents\\workspace_igor\\eck_v3\\ECK\\functions\\lib\\branded-password-reset-email.js changed, reloading triggers"}}
[debug] [2026-09-17T17:28:28.740Z] File C:\Users\adm\Documents\workspace_igor\eck_v3\ECK\functions\lib\shared\puppeteer-browser.js.map changed, reloading triggers {"metadata":{"emulator":{"name":"functions"},"message":"File C:\\Users\\adm\\Documents\\workspace_igor\\eck_v3\\ECK\\functions\\lib\\shared\\puppeteer-browser.js.map changed, reloading triggers"}}
[debug] [2026-09-17T17:28:28.740Z] File C:\Users\adm\Documents\workspace_igor\eck_v3\ECK\functions\lib\shared\puppeteer-browser.js changed, reloading triggers {"metadata":{"emulator":{"name":"functions"},"message":"File C:\\Users\\adm\\Documents\\workspace_igor\\eck_v3\\ECK\\functions\\lib\\shared\\puppeteer-browser.js changed, reloading triggers"}}
[debug] [2026-09-17T17:28:28.759Z] File C:\Users\adm\Documents\workspace_igor\eck_v3\ECK\functions\lib\shared\pdf-html-renderer.js.map changed, reloading triggers {"metadata":{"emulator":{"name":"functions"},"message":"File C:\\Users\\adm\\Documents\\workspace_igor\\eck_v3\\ECK\\functions\\lib\\shared\\pdf-html-renderer.js.map changed, reloading triggers"}}
[debug] [2026-09-17T17:28:28.759Z] File C:\Users\adm\Documents\workspace_igor\eck_v3\ECK\functions\lib\shared\pdf-html-renderer.js changed, reloading triggers {"metadata":{"emulator":{"name":"functions"},"message":"File C:\\Users\\adm\\Documents\\workspace_igor\\eck_v3\\ECK\\functions\\lib\\shared\\pdf-html-renderer.js changed, reloading triggers"}}
[debug] [2026-09-17T17:28:28.762Z] File C:\Users\adm\Documents\workspace_igor\eck_v3\ECK\functions\lib\docx-export\types.js.map changed, reloading triggers {"metadata":{"emulator":{"name":"functions"},"message":"File C:\\Users\\adm\\Documents\\workspace_igor\\eck_v3\\ECK\\functions\\lib\\docx-export\\types.js.map changed, reloading triggers"}}
[debug] [2026-09-17T17:28:28.771Z] File C:\Users\adm\Documents\workspace_igor\eck_v3\ECK\functions\lib\docx-export\types.js changed, reloading triggers {"metadata":{"emulator":{"name":"functions"},"message":"File C:\\Users\\adm\\Documents\\workspace_igor\\eck_v3\\ECK\\functions\\lib\\docx-export\\types.js changed, reloading triggers"}}
[debug] [2026-09-17T17:28:28.781Z] File C:\Users\adm\Documents\workspace_igor\eck_v3\ECK\functions\lib\docx-export\dimensions.js.map changed, reloading triggers {"metadata":{"emulator":{"name":"functions"},"message":"File C:\\Users\\adm\\Documents\\workspace_igor\\eck_v3\\ECK\\functions\\lib\\docx-export\\dimensions.js.map changed, reloading triggers"}}
[debug] [2026-09-17T17:28:28.785Z] File C:\Users\adm\Documents\workspace_igor\eck_v3\ECK\functions\lib\docx-export\dimensions.js changed, reloading triggers {"metadata":{"emulator":{"name":"functions"},"message":"File C:\\Users\\adm\\Documents\\workspace_igor\\eck_v3\\ECK\\functions\\lib\\docx-export\\dimensions.js changed, reloading triggers"}}
[debug] [2026-09-17T17:28:28.791Z] File C:\Users\adm\Documents\workspace_igor\eck_v3\ECK\functions\lib\docx-export\errors.js.map changed, reloading triggers {"metadata":{"emulator":{"name":"functions"},"message":"File C:\\Users\\adm\\Documents\\workspace_igor\\eck_v3\\ECK\\functions\\lib\\docx-export\\errors.js.map changed, reloading triggers"}}
[debug] [2026-09-17T17:28:28.798Z] File C:\Users\adm\Documents\workspace_igor\eck_v3\ECK\functions\lib\docx-export\errors.js changed, reloading triggers {"metadata":{"emulator":{"name":"functions"},"message":"File C:\\Users\\adm\\Documents\\workspace_igor\\eck_v3\\ECK\\functions\\lib\\docx-export\\errors.js changed, reloading triggers"}}
[debug] [2026-09-17T17:28:28.815Z] File C:\Users\adm\Documents\workspace_igor\eck_v3\ECK\functions\lib\docx-export\hybrid-render-session.js.map changed, reloading triggers {"metadata":{"emulator":{"name":"functions"},"message":"File C:\\Users\\adm\\Documents\\workspace_igor\\eck_v3\\ECK\\functions\\lib\\docx-export\\hybrid-render-session.js.map changed, reloading triggers"}}
[debug] [2026-09-17T17:28:28.815Z] File C:\Users\adm\Documents\workspace_igor\eck_v3\ECK\functions\lib\docx-export\hybrid-render-session.js changed, reloading triggers {"metadata":{"emulator":{"name":"functions"},"message":"File C:\\Users\\adm\\Documents\\workspace_igor\\eck_v3\\ECK\\functions\\lib\\docx-export\\hybrid-render-session.js changed, reloading triggers"}}
[debug] [2026-09-17T17:28:28.837Z] File C:\Users\adm\Documents\workspace_igor\eck_v3\ECK\functions\lib\docx-export\docx-builder.js.map changed, reloading triggers {"metadata":{"emulator":{"name":"functions"},"message":"File C:\\Users\\adm\\Documents\\workspace_igor\\eck_v3\\ECK\\functions\\lib\\docx-export\\docx-builder.js.map changed, reloading triggers"}}
[debug] [2026-09-17T17:28:28.839Z] File C:\Users\adm\Documents\workspace_igor\eck_v3\ECK\functions\lib\docx-export\docx-builder.js changed, reloading triggers {"metadata":{"emulator":{"name":"functions"},"message":"File C:\\Users\\adm\\Documents\\workspace_igor\\eck_v3\\ECK\\functions\\lib\\docx-export\\docx-builder.js changed, reloading triggers"}}
[debug] [2026-09-17T17:28:28.854Z] File C:\Users\adm\Documents\workspace_igor\eck_v3\ECK\functions\lib\docx-export\hybrid-docx-builder.js.map changed, reloading triggers {"metadata":{"emulator":{"name":"functions"},"message":"File C:\\Users\\adm\\Documents\\workspace_igor\\eck_v3\\ECK\\functions\\lib\\docx-export\\hybrid-docx-builder.js.map changed, reloading triggers"}}
[debug] [2026-09-17T17:28:28.858Z] File C:\Users\adm\Documents\workspace_igor\eck_v3\ECK\functions\lib\docx-export\hybrid-docx-builder.js changed, reloading triggers {"metadata":{"emulator":{"name":"functions"},"message":"File C:\\Users\\adm\\Documents\\workspace_igor\\eck_v3\\ECK\\functions\\lib\\docx-export\\hybrid-docx-builder.js changed, reloading triggers"}}
[debug] [2026-09-17T17:28:28.867Z] File C:\Users\adm\Documents\workspace_igor\eck_v3\ECK\functions\lib\docx-export\docx-validator.js.map changed, reloading triggers {"metadata":{"emulator":{"name":"functions"},"message":"File C:\\Users\\adm\\Documents\\workspace_igor\\eck_v3\\ECK\\functions\\lib\\docx-export\\docx-validator.js.map changed, reloading triggers"}}
[debug] [2026-09-17T17:28:28.869Z] File C:\Users\adm\Documents\workspace_igor\eck_v3\ECK\functions\lib\docx-export\docx-validator.js changed, reloading triggers {"metadata":{"emulator":{"name":"functions"},"message":"File C:\\Users\\adm\\Documents\\workspace_igor\\eck_v3\\ECK\\functions\\lib\\docx-export\\docx-validator.js changed, reloading triggers"}}
[debug] [2026-09-17T17:28:28.877Z] File C:\Users\adm\Documents\workspace_igor\eck_v3\ECK\functions\lib\docx-export\pipeline.js.map changed, reloading triggers {"metadata":{"emulator":{"name":"functions"},"message":"File C:\\Users\\adm\\Documents\\workspace_igor\\eck_v3\\ECK\\functions\\lib\\docx-export\\pipeline.js.map changed, reloading triggers"}}
[debug] [2026-09-17T17:28:28.877Z] File C:\Users\adm\Documents\workspace_igor\eck_v3\ECK\functions\lib\docx-export\pipeline.js changed, reloading triggers {"metadata":{"emulator":{"name":"functions"},"message":"File C:\\Users\\adm\\Documents\\workspace_igor\\eck_v3\\ECK\\functions\\lib\\docx-export\\pipeline.js changed, reloading triggers"}}
[debug] [2026-09-17T17:28:28.883Z] File C:\Users\adm\Documents\workspace_igor\eck_v3\ECK\functions\lib\docx-export\storage.js.map changed, reloading triggers {"metadata":{"emulator":{"name":"functions"},"message":"File C:\\Users\\adm\\Documents\\workspace_igor\\eck_v3\\ECK\\functions\\lib\\docx-export\\storage.js.map changed, reloading triggers"}}
[debug] [2026-09-17T17:28:28.883Z] File C:\Users\adm\Documents\workspace_igor\eck_v3\ECK\functions\lib\docx-export\storage.js changed, reloading triggers {"metadata":{"emulator":{"name":"functions"},"message":"File C:\\Users\\adm\\Documents\\workspace_igor\\eck_v3\\ECK\\functions\\lib\\docx-export\\storage.js changed, reloading triggers"}}
[debug] [2026-09-17T17:28:28.916Z] File C:\Users\adm\Documents\workspace_igor\eck_v3\ECK\functions\lib\docx-export\handlers.js.map changed, reloading triggers {"metadata":{"emulator":{"name":"functions"},"message":"File C:\\Users\\adm\\Documents\\workspace_igor\\eck_v3\\ECK\\functions\\lib\\docx-export\\handlers.js.map changed, reloading triggers"}}
[debug] [2026-09-17T17:28:28.917Z] File C:\Users\adm\Documents\workspace_igor\eck_v3\ECK\functions\lib\docx-export\handlers.js changed, reloading triggers {"metadata":{"emulator":{"name":"functions"},"message":"File C:\\Users\\adm\\Documents\\workspace_igor\\eck_v3\\ECK\\functions\\lib\\docx-export\\handlers.js changed, reloading triggers"}}
[debug] [2026-09-17T17:28:28.922Z] File C:\Users\adm\Documents\workspace_igor\eck_v3\ECK\functions\lib\shared\email-template-html.js.map changed, reloading triggers {"metadata":{"emulator":{"name":"functions"},"message":"File C:\\Users\\adm\\Documents\\workspace_igor\\eck_v3\\ECK\\functions\\lib\\shared\\email-template-html.js.map changed, reloading triggers"}}
[debug] [2026-09-17T17:28:28.928Z] File C:\Users\adm\Documents\workspace_igor\eck_v3\ECK\functions\lib\shared\email-template-html.js changed, reloading triggers {"metadata":{"emulator":{"name":"functions"},"message":"File C:\\Users\\adm\\Documents\\workspace_igor\\eck_v3\\ECK\\functions\\lib\\shared\\email-template-html.js changed, reloading triggers"}}
[debug] [2026-09-17T17:28:28.947Z] File C:\Users\adm\Documents\workspace_igor\eck_v3\ECK\functions\lib\report-release-notify.js.map changed, reloading triggers {"metadata":{"emulator":{"name":"functions"},"message":"File C:\\Users\\adm\\Documents\\workspace_igor\\eck_v3\\ECK\\functions\\lib\\report-release-notify.js.map changed, reloading triggers"}}
[debug] [2026-09-17T17:28:28.948Z] File C:\Users\adm\Documents\workspace_igor\eck_v3\ECK\functions\lib\report-release-notify.js changed, reloading triggers {"metadata":{"emulator":{"name":"functions"},"message":"File C:\\Users\\adm\\Documents\\workspace_igor\\eck_v3\\ECK\\functions\\lib\\report-release-notify.js changed, reloading triggers"}}
[debug] [2026-09-17T17:28:29.054Z] File C:\Users\adm\Documents\workspace_igor\eck_v3\ECK\functions\lib\index.js.map changed, reloading triggers {"metadata":{"emulator":{"name":"functions"},"message":"File C:\\Users\\adm\\Documents\\workspace_igor\\eck_v3\\ECK\\functions\\lib\\index.js.map changed, reloading triggers"}}
[debug] [2026-09-17T17:28:29.055Z] File C:\Users\adm\Documents\workspace_igor\eck_v3\ECK\functions\lib\index.js changed, reloading triggers {"metadata":{"emulator":{"name":"functions"},"message":"File C:\\Users\\adm\\Documents\\workspace_igor\\eck_v3\\ECK\\functions\\lib\\index.js changed, reloading triggers"}}
[debug] [2026-09-17T17:28:29.061Z] File C:\Users\adm\Documents\workspace_igor\eck_v3\ECK\functions\lib\docx-export\element-capture.js.map changed, reloading triggers {"metadata":{"emulator":{"name":"functions"},"message":"File C:\\Users\\adm\\Documents\\workspace_igor\\eck_v3\\ECK\\functions\\lib\\docx-export\\element-capture.js.map changed, reloading triggers"}}
[debug] [2026-09-17T17:28:29.062Z] File C:\Users\adm\Documents\workspace_igor\eck_v3\ECK\functions\lib\docx-export\element-capture.js changed, reloading triggers {"metadata":{"emulator":{"name":"functions"},"message":"File C:\\Users\\adm\\Documents\\workspace_igor\\eck_v3\\ECK\\functions\\lib\\docx-export\\element-capture.js changed, reloading triggers"}}
[debug] [2026-09-17T17:28:29.070Z] File C:\Users\adm\Documents\workspace_igor\eck_v3\ECK\functions\lib\docx-export\html-content-extractor.js.map changed, reloading triggers {"metadata":{"emulator":{"name":"functions"},"message":"File C:\\Users\\adm\\Documents\\workspace_igor\\eck_v3\\ECK\\functions\\lib\\docx-export\\html-content-extractor.js.map changed, reloading triggers"}}
[debug] [2026-09-17T17:28:29.075Z] File C:\Users\adm\Documents\workspace_igor\eck_v3\ECK\functions\lib\docx-export\html-content-extractor.js changed, reloading triggers {"metadata":{"emulator":{"name":"functions"},"message":"File C:\\Users\\adm\\Documents\\workspace_igor\\eck_v3\\ECK\\functions\\lib\\docx-export\\html-content-extractor.js changed, reloading triggers"}}
[debug] [2026-09-17T17:28:29.109Z] File C:\Users\adm\Documents\workspace_igor\eck_v3\ECK\functions\lib\docx-export\pdf-analyzer.js.map changed, reloading triggers {"metadata":{"emulator":{"name":"functions"},"message":"File C:\\Users\\adm\\Documents\\workspace_igor\\eck_v3\\ECK\\functions\\lib\\docx-export\\pdf-analyzer.js.map changed, reloading triggers"}}
[debug] [2026-09-17T17:28:29.109Z] File C:\Users\adm\Documents\workspace_igor\eck_v3\ECK\functions\lib\docx-export\pdf-analyzer.js changed, reloading triggers {"metadata":{"emulator":{"name":"functions"},"message":"File C:\\Users\\adm\\Documents\\workspace_igor\\eck_v3\\ECK\\functions\\lib\\docx-export\\pdf-analyzer.js changed, reloading triggers"}}
[debug] [2026-09-17T17:28:30.044Z] File C:\Users\adm\Documents\workspace_igor\eck_v3\ECK\functions\functions.yaml changed, reloading triggers {"metadata":{"emulator":{"name":"functions"},"message":"File C:\\Users\\adm\\Documents\\workspace_igor\\eck_v3\\ECK\\functions\\functions.yaml changed, reloading triggers"}}
[debug] [2026-09-17T17:28:31.049Z] Validating nodejs source
[warn] !  functions: package.json indicates an outdated version of firebase-functions. Please upgrade using npm install --save firebase-functions@latest in your functions directory. 
[warn] !  functions: Please note that there will be breaking changes when you upgrade. 
[debug] [2026-09-17T17:28:32.940Z] > [functions] package.json contents: {
  "name": "functions",
  "scripts": {
    "build": "tsc && node scripts/generate-functions-yaml.js",
    "build:watch": "tsc --watch",
    "serve": "npm run build && firebase emulators:start --only functions",
    "serve:full": "npm run build && firebase emulators:start --only functions,firestore",
    "shell": "npm run build && firebase functions:shell",
    "start": "npm run shell",
    "deploy": "firebase deploy --only functions",
    "logs": "firebase functions:log"
  },
  "engines": {
    "node": "20"
  },
  "main": "lib/index.js",
  "dependencies": {
    "@google-cloud/storage": "^7.15.1",
    "@napi-rs/canvas": "^0.1.67",
    "@sparticuz/chromium": "^147.0.0",
    "cors": "^2.8.5",
    "docx": "^9.5.1",
    "firebase-admin": "^13.1.0",
    "firebase-functions": "^6.3.1",
    "image-size": "^1.2.0",
    "node-html-parser": "^9.0.1",
    "nodemailer": "^6.9.7",
    "pdfjs-dist": "^4.10.38",
    "pdfmake": "^0.3.3",
    "puppeteer-core": "^24.42.0"
  },
  "devDependencies": {
    "@types/express": "^5.0.3",
    "@types/node": "^22.13.1",
    "@types/nodemailer": "^6.4.19",
    "firebase-functions-test": "^3.1.0",
    "typescript": "^5.7.3"
  },
  "private": true
}
[debug] [2026-09-17T17:28:32.940Z] Building nodejs source
[debug] [2026-09-17T17:28:32.940Z] Failed to find version of module node: reached end of search path C:\Users\adm\Documents\workspace_igor\eck_v3\ECK\functions\node_modules
[info] +  functions: Using node@20 from host. 
[info] i  functions: Loaded environment variables from .env. 
[debug] [2026-09-17T17:28:32.942Z] Found functions.yaml. Got spec: {
  "endpoints": {
    "createReportDocxExport": {
      "availableMemoryMb": 512,
      "timeoutSeconds": 60,
      "minInstances": null,
      "maxInstances": null,
      "ingressSettings": null,
      "concurrency": null,
      "serviceAccountEmail": null,
      "vpc": null,
      "platform": "gcfv2",
      "region": [
        "us-central1"
      ],
      "labels": {},
      "httpsTrigger": {},
      "entryPoint": "createReportDocxExport"
    },
    "downloadReportDocxExport": {
      "availableMemoryMb": 512,
      "timeoutSeconds": 120,
      "minInstances": null,
      "maxInstances": null,
      "ingressSettings": null,
      "concurrency": null,
      "serviceAccountEmail": null,
      "vpc": null,
      "platform": "gcfv2",
      "region": [
        "us-central1"
      ],
      "labels": {},
      "httpsTrigger": {},
      "entryPoint": "downloadReportDocxExport"
    },
    "getReportDocxExportStatus": {
      "availableMemoryMb": 256,
      "timeoutSeconds": 30,
      "minInstances": null,
      "maxInstances": null,
      "ingressSettings": null,
      "concurrency": null,
      "serviceAccountEmail": null,
      "vpc": null,
      "platform": "gcfv2",
      "region": [
        "us-central1"
      ],
      "labels": {},
      "httpsTrigger": {},
      "entryPoint": "getReportDocxExportStatus"
    },
    "processReportDocxExportHttp": {
      "availableMemoryMb": 4096,
      "timeoutSeconds": 540,
      "minInstances": null,
      "maxInstances": null,
      "ingressSettings": null,
      "concurrency": null,
      "serviceAccountEmail": null,
      "vpc": null,
      "platform": "gcfv2",
      "region": [
        "us-central1"
      ],
      "labels": {},
      "httpsTrigger": {},
      "entryPoint": "processReportDocxExportHttp"
    },
    "processReportDocxExportJob": {
      "availableMemoryMb": 4096,
      "timeoutSeconds": 540,
      "minInstances": null,
      "maxInstances": null,
      "ingressSettings": null,
      "concurrency": null,
      "serviceAccountEmail": null,
      "vpc": null,
      "platform": "gcfv2",
      "region": [
        "us-central1"
      ],
      "labels": {},
      "eventTrigger": {
        "eventType": "google.cloud.firestore.document.v1.created",
        "eventFilters": {
          "database": "(default)",
          "namespace": "(default)"
        },
        "eventFilterPathPatterns": {
          "document": "docxExportJobs/{jobId}"
        },
        "retry": false
      },
      "entryPoint": "processReportDocxExportJob"
    },
    "notifyReportReleased": {
      "availableMemoryMb": null,
      "timeoutSeconds": null,
      "minInstances": null,
      "maxInstances": null,
      "ingressSettings": null,
      "concurrency": null,
      "serviceAccountEmail": null,
      "vpc": null,
      "platform": "gcfv2",
      "region": [
        "us-central1"
      ],
      "labels": {},
      "httpsTrigger": {},
      "entryPoint": "notifyReportReleased"
    },
    "sendBrandedPasswordResetEmail": {
      "availableMemoryMb": null,
      "timeoutSeconds": null,
      "minInstances": null,
      "maxInstances": null,
      "ingressSettings": null,
      "concurrency": null,
      "serviceAccountEmail": null,
      "vpc": null,
      "platform": "gcfv2",
      "region": [
        "us-central1"
      ],
      "labels": {},
      "callableTrigger": {},
      "entryPoint": "sendBrandedPasswordResetEmail"
    },
    "generateReportPdf": {
      "availableMemoryMb": 4096,
      "timeoutSeconds": 540,
      "minInstances": null,
      "maxInstances": null,
      "ingressSettings": null,
      "concurrency": null,
      "serviceAccountEmail": null,
      "vpc": null,
      "platform": "gcfv2",
      "region": [
        "us-central1"
      ],
      "labels": {},
      "httpsTrigger": {},
      "entryPoint": "generateReportPdf"
    },
    "sendEmail": {
      "availableMemoryMb": null,
      "timeoutSeconds": null,
      "minInstances": null,
      "maxInstances": null,
      "ingressSettings": null,
      "concurrency": null,
      "serviceAccountEmail": null,
      "vpc": null,
      "platform": "gcfv2",
      "region": [
        "us-central1"
      ],
      "labels": {},
      "httpsTrigger": {},
      "entryPoint": "sendEmail"
    },
    "sendPendingAssessmentReminders": {
      "availableMemoryMb": 1024,
      "timeoutSeconds": 540,
      "minInstances": null,
      "maxInstances": null,
      "ingressSettings": null,
      "concurrency": null,
      "serviceAccountEmail": null,
      "vpc": null,
      "platform": "gcfv2",
      "region": [
        "us-central1"
      ],
      "labels": {},
      "scheduleTrigger": {
        "schedule": "every 15 minutes",
        "retryConfig": {},
        "timeZone": "Etc/UTC"
      },
      "entryPoint": "sendPendingAssessmentReminders"
    },
    "triggerPendingAssessmentReminders": {
      "availableMemoryMb": 1024,
      "timeoutSeconds": 540,
      "minInstances": null,
      "maxInstances": null,
      "ingressSettings": null,
      "concurrency": null,
      "serviceAccountEmail": null,
      "vpc": null,
      "platform": "gcfv2",
      "region": [
        "us-central1"
      ],
      "labels": {},
      "httpsTrigger": {},
      "entryPoint": "triggerPendingAssessmentReminders"
    },
    "onAssessmentCompleted": {
      "availableMemoryMb": null,
      "timeoutSeconds": null,
      "minInstances": null,
      "maxInstances": null,
      "ingressSettings": null,
      "concurrency": null,
      "serviceAccountEmail": null,
      "vpc": null,
      "platform": "gcfv2",
      "region": [
        "us-central1"
      ],
      "labels": {},
      "eventTrigger": {
        "eventType": "google.cloud.firestore.document.v1.updated",
        "eventFilters": {
          "database": "(default)",
          "namespace": "(default)"
        },
        "eventFilterPathPatterns": {
          "document": "assessmentLinks/{linkId}"
        },
        "retry": false
      },
      "entryPoint": "onAssessmentCompleted"
    },
    "setUserPasswordByMaster": {
      "availableMemoryMb": null,
      "timeoutSeconds": null,
      "minInstances": null,
      "maxInstances": null,
      "ingressSettings": null,
      "concurrency": null,
      "serviceAccountEmail": null,
      "vpc": null,
      "platform": "gcfv2",
      "region": [
        "us-central1"
      ],
      "labels": {},
      "callableTrigger": {},
      "entryPoint": "setUserPasswordByMaster"
    },
    "safeDelete": {
      "availableMemoryMb": null,
      "timeoutSeconds": null,
      "minInstances": null,
      "maxInstances": null,
      "ingressSettings": null,
      "concurrency": null,
      "serviceAccountEmail": null,
      "vpc": null,
      "platform": "gcfv2",
      "region": [
        "us-central1"
      ],
      "labels": {},
      "callableTrigger": {},
      "entryPoint": "safeDelete"
    },
    "onProjectDeleted": {
      "availableMemoryMb": null,
      "timeoutSeconds": null,
      "minInstances": null,
      "maxInstances": null,
      "ingressSettings": null,
      "concurrency": null,
      "serviceAccountEmail": null,
      "vpc": null,
      "platform": "gcfv2",
      "region": [
        "us-central1"
      ],
      "labels": {},
      "eventTrigger": {
        "eventType": "google.cloud.firestore.document.v1.deleted",
        "eventFilters": {
          "database": "(default)",
          "namespace": "(default)"
        },
        "eventFilterPathPatterns": {
          "document": "projects/{projectId}"
        },
        "retry": false
      },
      "entryPoint": "onProjectDeleted"
    },
    "onClientDeleted": {
      "availableMemoryMb": null,
      "timeoutSeconds": null,
      "minInstances": null,
      "maxInstances": null,
      "ingressSettings": null,
      "concurrency": null,
      "serviceAccountEmail": null,
      "vpc": null,
      "platform": "gcfv2",
      "region": [
        "us-central1"
      ],
      "labels": {},
      "eventTrigger": {
        "eventType": "google.cloud.firestore.document.v1.deleted",
        "eventFilters": {
          "database": "(default)",
          "namespace": "(default)"
        },
        "eventFilterPathPatterns": {
          "document": "clients/{clientId}"
        },
        "retry": false
      },
      "entryPoint": "onClientDeleted"
    },
    "onParticipantDeleted": {
      "availableMemoryMb": null,
      "timeoutSeconds": null,
      "minInstances": null,
      "maxInstances": null,
      "ingressSettings": null,
      "concurrency": null,
      "serviceAccountEmail": null,
      "vpc": null,
      "platform": "gcfv2",
      "region": [
        "us-central1"
      ],
      "labels": {},
      "eventTrigger": {
        "eventType": "google.cloud.firestore.document.v1.deleted",
        "eventFilters": {
          "database": "(default)",
          "namespace": "(default)"
        },
        "eventFilterPathPatterns": {
          "document": "participants/{participantId}"
        },
        "retry": false
      },
      "entryPoint": "onParticipantDeleted"
    }
  },
  "specVersion": "v1alpha1",
  "requiredAPIs": [
    {
      "api": "cloudscheduler.googleapis.com",
      "reason": "Needed for scheduled functions."
    }
  ],
  "extensions": {},
  "params": [
    {
      "name": "EMAIL_USER",
      "type": "string",
      "default": ""
    },
    {
      "name": "EMAIL_PASS",
      "type": "string",
      "default": ""
    }
  ]
}

[info] +  functions: Loaded functions definitions from source: createReportDocxExport, downloadReportDocxExport, getReportDocxExportStatus, processReportDocxExportHttp, processReportDocxExportJob, notifyReportReleased, sendBrandedPasswordResetEmail, generateReportPdf, sendEmail, sendPendingAssessmentReminders, triggerPendingAssessmentReminders, onAssessmentCompleted, setUserPasswordByMaster, safeDelete, onProjectDeleted, onClientDeleted, onParticipantDeleted. {"metadata":{"emulator":{"name":"functions"},"message":"Loaded functions definitions from source: createReportDocxExport, downloadReportDocxExport, getReportDocxExportStatus, processReportDocxExportHttp, processReportDocxExportJob, notifyReportReleased, sendBrandedPasswordResetEmail, generateReportPdf, sendEmail, sendPendingAssessmentReminders, triggerPendingAssessmentReminders, onAssessmentCompleted, setUserPasswordByMaster, safeDelete, onProjectDeleted, onClientDeleted, onParticipantDeleted."}}
[debug] [2026-09-17T17:29:09.779Z] [work-queue] {"queuedWork":["/pwa-workana/us-central1/sendBrandedPasswordResetEmail-2026-09-17T17:29:09.779Z"],"queueLength":1,"runningWork":[],"workRunningCount":0}
[debug] [2026-09-17T17:29:09.779Z] [work-queue] {"queuedWork":[],"queueLength":0,"runningWork":["/pwa-workana/us-central1/sendBrandedPasswordResetEmail-2026-09-17T17:29:09.779Z"],"workRunningCount":1}
[debug] [2026-09-17T17:29:09.779Z] Accepted request OPTIONS /pwa-workana/us-central1/sendBrandedPasswordResetEmail --> us-central1-sendBrandedPasswordResetEmail
[debug] [2026-09-17T17:29:09.783Z] [functions] Runtime ready! Sending request! {"metadata":{"emulator":{"name":"functions"},"message":"[functions] Runtime ready! Sending request!"}}
[debug] [2026-09-17T17:29:09.783Z] [functions] Got req.url=/pwa-workana/us-central1/sendBrandedPasswordResetEmail, mapping to path=/ {"metadata":{"emulator":{"name":"functions"},"message":"[functions] Got req.url=/pwa-workana/us-central1/sendBrandedPasswordResetEmail, mapping to path=/"}}
[debug] [2026-09-17T17:29:09.783Z] [worker-pool] Cleaned up workers for us-central1-sendBrandedPasswordResetEmail: 1 --> 0 {"metadata":{"emulator":{"name":"functions"},"message":"[worker-pool] Cleaned up workers for us-central1-sendBrandedPasswordResetEmail: 1 --> 0"}}
[info] i  functions: Loaded environment variables from .env. 
[debug] [2026-09-17T17:29:09.795Z] [worker-pool] addWorker(us-central1-sendBrandedPasswordResetEmail) {"metadata":{"emulator":{"name":"functions"},"message":"[worker-pool] addWorker(us-central1-sendBrandedPasswordResetEmail)"}}
[debug] [2026-09-17T17:29:09.796Z] [worker-pool] Adding worker with key us-central1-sendBrandedPasswordResetEmail, total=1 {"metadata":{"emulator":{"name":"functions"},"message":"[worker-pool] Adding worker with key us-central1-sendBrandedPasswordResetEmail, total=1"}}
[debug] [2026-09-17T17:29:14.645Z] [runtime-status] [22476] Resolved module firebase-admin {"declared":true,"installed":true,"version":"13.1.0","resolution":"C:\\Users\\adm\\Documents\\workspace_igor\\eck_v3\\ECK\\functions\\node_modules\\firebase-admin\\lib\\index.js"} {"metadata":{"emulator":{"name":"functions"},"function":{"name":"us-central1-sendBrandedPasswordResetEmail"},"extension":{},"message":"[runtime-status] [22476] Resolved module firebase-admin {\"declared\":true,\"installed\":true,\"version\":\"13.1.0\",\"resolution\":\"C:\\\\Users\\\\adm\\\\Documents\\\\workspace_igor\\\\eck_v3\\\\ECK\\\\functions\\\\node_modules\\\\firebase-admin\\\\lib\\\\index.js\"}"}}
[debug] [2026-09-17T17:29:14.646Z] [runtime-status] [22476] Resolved module firebase-functions {"declared":true,"installed":true,"version":"6.3.1","resolution":"C:\\Users\\adm\\Documents\\workspace_igor\\eck_v3\\ECK\\functions\\node_modules\\firebase-functions\\lib\\v2\\index.js"} {"metadata":{"emulator":{"name":"functions"},"function":{"name":"us-central1-sendBrandedPasswordResetEmail"},"extension":{},"message":"[runtime-status] [22476] Resolved module firebase-functions {\"declared\":true,\"installed\":true,\"version\":\"6.3.1\",\"resolution\":\"C:\\\\Users\\\\adm\\\\Documents\\\\workspace_igor\\\\eck_v3\\\\ECK\\\\functions\\\\node_modules\\\\firebase-functions\\\\lib\\\\v2\\\\index.js\"}"}}
[debug] [2026-09-17T17:29:14.646Z] [runtime-status] [22476] Found local functions config: C:\Users\adm\Documents\workspace_igor\eck_v3\ECK\functions/.runtimeconfig.json {"metadata":{"emulator":{"name":"functions"},"function":{"name":"us-central1-sendBrandedPasswordResetEmail"},"extension":{},"message":"[runtime-status] [22476] Found local functions config: C:\\Users\\adm\\Documents\\workspace_igor\\eck_v3\\ECK\\functions/.runtimeconfig.json"}}
[debug] [2026-09-17T17:29:14.647Z] [runtime-status] [22476] Outgoing network have been stubbed. [{"name":"http","status":"mocked"},{"name":"http","status":"mocked"},{"name":"https","status":"mocked"},{"name":"https","status":"mocked"},{"name":"net","status":"mocked"}] {"metadata":{"emulator":{"name":"functions"},"function":{"name":"us-central1-sendBrandedPasswordResetEmail"},"extension":{},"message":"[runtime-status] [22476] Outgoing network have been stubbed. [{\"name\":\"http\",\"status\":\"mocked\"},{\"name\":\"http\",\"status\":\"mocked\"},{\"name\":\"https\",\"status\":\"mocked\"},{\"name\":\"https\",\"status\":\"mocked\"},{\"name\":\"net\",\"status\":\"mocked\"}]"}}
[debug] [2026-09-17T17:29:14.648Z] [runtime-status] [22476] Resolved module firebase-functions {"declared":true,"installed":true,"version":"6.3.1","resolution":"C:\\Users\\adm\\Documents\\workspace_igor\\eck_v3\\ECK\\functions\\node_modules\\firebase-functions\\lib\\v2\\index.js"} {"metadata":{"emulator":{"name":"functions"},"function":{"name":"us-central1-sendBrandedPasswordResetEmail"},"extension":{},"message":"[runtime-status] [22476] Resolved module firebase-functions {\"declared\":true,\"installed\":true,\"version\":\"6.3.1\",\"resolution\":\"C:\\\\Users\\\\adm\\\\Documents\\\\workspace_igor\\\\eck_v3\\\\ECK\\\\functions\\\\node_modules\\\\firebase-functions\\\\lib\\\\v2\\\\index.js\"}"}}
[debug] [2026-09-17T17:29:15.827Z] [runtime-status] [22476] Checked functions.config() {"config":{"email":{"pass":"nkik bvji wshf xzpg","user":"igorhlucenaa@gmail.com"}}} {"metadata":{"emulator":{"name":"functions"},"function":{"name":"us-central1-sendBrandedPasswordResetEmail"},"extension":{},"message":"[runtime-status] [22476] Checked functions.config() {\"config\":{\"email\":{\"pass\":\"nkik bvji wshf xzpg\",\"user\":\"igorhlucenaa@gmail.com\"}}}"}}
[debug] [2026-09-17T17:29:15.827Z] [runtime-status] [22476] firebase-functions has been stubbed. {"functionsResolution":{"declared":true,"installed":true,"version":"6.3.1","resolution":"C:\\Users\\adm\\Documents\\workspace_igor\\eck_v3\\ECK\\functions\\node_modules\\firebase-functions\\lib\\v2\\index.js"}} {"metadata":{"emulator":{"name":"functions"},"function":{"name":"us-central1-sendBrandedPasswordResetEmail"},"extension":{},"message":"[runtime-status] [22476] firebase-functions has been stubbed. {\"functionsResolution\":{\"declared\":true,\"installed\":true,\"version\":\"6.3.1\",\"resolution\":\"C:\\\\Users\\\\adm\\\\Documents\\\\workspace_igor\\\\eck_v3\\\\ECK\\\\functions\\\\node_modules\\\\firebase-functions\\\\lib\\\\v2\\\\index.js\"}}"}}
[debug] [2026-09-17T17:29:15.828Z] [runtime-status] [22476] Resolved module firebase-functions {"declared":true,"installed":true,"version":"6.3.1","resolution":"C:\\Users\\adm\\Documents\\workspace_igor\\eck_v3\\ECK\\functions\\node_modules\\firebase-functions\\lib\\v2\\index.js"} {"metadata":{"emulator":{"name":"functions"},"function":{"name":"us-central1-sendBrandedPasswordResetEmail"},"extension":{},"message":"[runtime-status] [22476] Resolved module firebase-functions {\"declared\":true,\"installed\":true,\"version\":\"6.3.1\",\"resolution\":\"C:\\\\Users\\\\adm\\\\Documents\\\\workspace_igor\\\\eck_v3\\\\ECK\\\\functions\\\\node_modules\\\\firebase-functions\\\\lib\\\\v2\\\\index.js\"}"}}
[debug] [2026-09-17T17:29:15.973Z] [runtime-status] [22476] Resolved module firebase-admin {"declared":true,"installed":true,"version":"13.1.0","resolution":"C:\\Users\\adm\\Documents\\workspace_igor\\eck_v3\\ECK\\functions\\node_modules\\firebase-admin\\lib\\index.js"} {"metadata":{"emulator":{"name":"functions"},"function":{"name":"us-central1-sendBrandedPasswordResetEmail"},"extension":{},"message":"[runtime-status] [22476] Resolved module firebase-admin {\"declared\":true,\"installed\":true,\"version\":\"13.1.0\",\"resolution\":\"C:\\\\Users\\\\adm\\\\Documents\\\\workspace_igor\\\\eck_v3\\\\ECK\\\\functions\\\\node_modules\\\\firebase-admin\\\\lib\\\\index.js\"}"}}
[debug] [2026-09-17T17:29:15.975Z] [runtime-status] [22476] Resolved module firebase-functions {"declared":true,"installed":true,"version":"6.3.1","resolution":"C:\\Users\\adm\\Documents\\workspace_igor\\eck_v3\\ECK\\functions\\node_modules\\firebase-functions\\lib\\v2\\index.js"} {"metadata":{"emulator":{"name":"functions"},"function":{"name":"us-central1-sendBrandedPasswordResetEmail"},"extension":{},"message":"[runtime-status] [22476] Resolved module firebase-functions {\"declared\":true,\"installed\":true,\"version\":\"6.3.1\",\"resolution\":\"C:\\\\Users\\\\adm\\\\Documents\\\\workspace_igor\\\\eck_v3\\\\ECK\\\\functions\\\\node_modules\\\\firebase-functions\\\\lib\\\\v2\\\\index.js\"}"}}
[debug] [2026-09-17T17:29:15.975Z] [runtime-status] [22476] firebase-admin has been stubbed. {"adminResolution":{"declared":true,"installed":true,"version":"13.1.0","resolution":"C:\\Users\\adm\\Documents\\workspace_igor\\eck_v3\\ECK\\functions\\node_modules\\firebase-admin\\lib\\index.js"}} {"metadata":{"emulator":{"name":"functions"},"function":{"name":"us-central1-sendBrandedPasswordResetEmail"},"extension":{},"message":"[runtime-status] [22476] firebase-admin has been stubbed. {\"adminResolution\":{\"declared\":true,\"installed\":true,\"version\":\"13.1.0\",\"resolution\":\"C:\\\\Users\\\\adm\\\\Documents\\\\workspace_igor\\\\eck_v3\\\\ECK\\\\functions\\\\node_modules\\\\firebase-admin\\\\lib\\\\index.js\"}}"}}
[debug] [2026-09-17T17:29:16.257Z] [runtime-status] [22476] Functions runtime initialized. {"cwd":"C:\\Users\\adm\\Documents\\workspace_igor\\eck_v3\\ECK\\functions","node_version":"20.19.0"} {"metadata":{"emulator":{"name":"functions"},"function":{"name":"us-central1-sendBrandedPasswordResetEmail"},"extension":{},"message":"[runtime-status] [22476] Functions runtime initialized. {\"cwd\":\"C:\\\\Users\\\\adm\\\\Documents\\\\workspace_igor\\\\eck_v3\\\\ECK\\\\functions\",\"node_version\":\"20.19.0\"}"}}
[debug] [2026-09-17T17:29:16.258Z] [runtime-status] [22476] Listening to port: \\?\pipe\fire_emu_9ec421e669556ecf {"metadata":{"emulator":{"name":"functions"},"function":{"name":"us-central1-sendBrandedPasswordResetEmail"},"extension":{},"message":"[runtime-status] [22476] Listening to port: \\\\?\\pipe\\fire_emu_9ec421e669556ecf"}}
[debug] [2026-09-17T17:29:16.334Z] [worker-us-central1-sendBrandedPasswordResetEmail-3d7fa3dd-6e62-430b-a490-00ff3f2fe500]: IDLE {"metadata":{"emulator":{"name":"functions"},"function":{"name":"us-central1-sendBrandedPasswordResetEmail"},"extension":{},"message":"[worker-us-central1-sendBrandedPasswordResetEmail-3d7fa3dd-6e62-430b-a490-00ff3f2fe500]: IDLE"}}
[debug] [2026-09-17T17:29:16.334Z] [worker-pool] submitRequest(triggerId=us-central1-sendBrandedPasswordResetEmail) {"metadata":{"emulator":{"name":"functions"},"message":"[worker-pool] submitRequest(triggerId=us-central1-sendBrandedPasswordResetEmail)"}}
[info] i  functions: Beginning execution of "us-central1-sendBrandedPasswordResetEmail" {"metadata":{"emulator":{"name":"functions"},"function":{"name":"us-central1-sendBrandedPasswordResetEmail"},"extension":{},"message":"Beginning execution of \"us-central1-sendBrandedPasswordResetEmail\""}}
[debug] [2026-09-17T17:29:16.334Z] [worker-us-central1-sendBrandedPasswordResetEmail-3d7fa3dd-6e62-430b-a490-00ff3f2fe500]: BUSY {"metadata":{"emulator":{"name":"functions"},"function":{"name":"us-central1-sendBrandedPasswordResetEmail"},"extension":{},"message":"[worker-us-central1-sendBrandedPasswordResetEmail-3d7fa3dd-6e62-430b-a490-00ff3f2fe500]: BUSY"}}
[debug] [2026-09-17T17:29:16.341Z] Finishing up request with event=pause {"metadata":{"emulator":{"name":"functions"},"function":{"name":"us-central1-sendBrandedPasswordResetEmail"},"extension":{},"message":"Finishing up request with event=pause"}}
[info] i  functions: Finished "us-central1-sendBrandedPasswordResetEmail" in 7.3957ms {"metadata":{"emulator":{"name":"functions"},"function":{"name":"us-central1-sendBrandedPasswordResetEmail"},"extension":{},"message":"Finished \"us-central1-sendBrandedPasswordResetEmail\" in 7.3957ms"}}
[debug] [2026-09-17T17:29:16.342Z] [worker-us-central1-sendBrandedPasswordResetEmail-3d7fa3dd-6e62-430b-a490-00ff3f2fe500]: IDLE {"metadata":{"emulator":{"name":"functions"},"function":{"name":"us-central1-sendBrandedPasswordResetEmail"},"extension":{},"message":"[worker-us-central1-sendBrandedPasswordResetEmail-3d7fa3dd-6e62-430b-a490-00ff3f2fe500]: IDLE"}}
[debug] [2026-09-17T17:29:16.342Z] Finishing up request with event=finish {"metadata":{"emulator":{"name":"functions"},"function":{"name":"us-central1-sendBrandedPasswordResetEmail"},"extension":{},"message":"Finishing up request with event=finish"}}
[debug] [2026-09-17T17:29:16.342Z] Finishing up request with event=close {"metadata":{"emulator":{"name":"functions"},"function":{"name":"us-central1-sendBrandedPasswordResetEmail"},"extension":{},"message":"Finishing up request with event=close"}}
[debug] [2026-09-17T17:29:16.342Z] [work-queue] {"queuedWork":[],"queueLength":0,"runningWork":[],"workRunningCount":0}
[debug] [2026-09-17T17:29:16.344Z] [work-queue] {"queuedWork":["/pwa-workana/us-central1/sendBrandedPasswordResetEmail-2026-09-17T17:29:16.344Z"],"queueLength":1,"runningWork":[],"workRunningCount":0}
[debug] [2026-09-17T17:29:16.344Z] [work-queue] {"queuedWork":[],"queueLength":0,"runningWork":["/pwa-workana/us-central1/sendBrandedPasswordResetEmail-2026-09-17T17:29:16.344Z"],"workRunningCount":1}
[debug] [2026-09-17T17:29:16.344Z] Accepted request POST /pwa-workana/us-central1/sendBrandedPasswordResetEmail --> us-central1-sendBrandedPasswordResetEmail
[debug] [2026-09-17T17:29:16.345Z] [functions] Runtime ready! Sending request! {"metadata":{"emulator":{"name":"functions"},"message":"[functions] Runtime ready! Sending request!"}}
[debug] [2026-09-17T17:29:16.346Z] [functions] Got req.url=/pwa-workana/us-central1/sendBrandedPasswordResetEmail, mapping to path=/ {"metadata":{"emulator":{"name":"functions"},"message":"[functions] Got req.url=/pwa-workana/us-central1/sendBrandedPasswordResetEmail, mapping to path=/"}}
[debug] [2026-09-17T17:29:16.346Z] [worker-pool] submitRequest(triggerId=us-central1-sendBrandedPasswordResetEmail) {"metadata":{"emulator":{"name":"functions"},"message":"[worker-pool] submitRequest(triggerId=us-central1-sendBrandedPasswordResetEmail)"}}
[info] i  functions: Beginning execution of "us-central1-sendBrandedPasswordResetEmail" {"metadata":{"emulator":{"name":"functions"},"function":{"name":"us-central1-sendBrandedPasswordResetEmail"},"extension":{},"message":"Beginning execution of \"us-central1-sendBrandedPasswordResetEmail\""}}
[debug] [2026-09-17T17:29:16.346Z] [worker-us-central1-sendBrandedPasswordResetEmail-3d7fa3dd-6e62-430b-a490-00ff3f2fe500]: BUSY {"metadata":{"emulator":{"name":"functions"},"function":{"name":"us-central1-sendBrandedPasswordResetEmail"},"extension":{},"message":"[worker-us-central1-sendBrandedPasswordResetEmail-3d7fa3dd-6e62-430b-a490-00ff3f2fe500]: BUSY"}}
[info] >  {"verifications":{"app":"MISSING","auth":"VALID"},"logging.googleapis.com/labels":{"firebase-log-type":"callable-request-verification"},"severity":"DEBUG","message":"Callable request verification passed"} {"user":{"verifications":{"app":"MISSING","auth":"VALID"},"logging.googleapis.com/labels":{"firebase-log-type":"callable-request-verification"},"severity":"DEBUG","message":"Callable request verification passed"},"metadata":{"emulator":{"name":"functions"},"function":{"name":"us-central1-sendBrandedPasswordResetEmail"},"extension":{},"message":">  {\"verifications\":{\"app\":\"MISSING\",\"auth\":\"VALID\"},\"logging.googleapis.com/labels\":{\"firebase-log-type\":\"callable-request-verification\"},\"severity\":\"DEBUG\",\"message\":\"Callable request verification passed\"}"}}
[debug] [2026-09-17T17:29:16.373Z] [runtime-status] [22476] initializeApp(DEFAULT) {"projectId":"pwa-workana","storageBucket":"pwa-workana.firebasestorage.app"} {"metadata":{"emulator":{"name":"functions"},"function":{"name":"us-central1-sendBrandedPasswordResetEmail"},"extension":{},"message":"[runtime-status] [22476] initializeApp(DEFAULT) {\"projectId\":\"pwa-workana\",\"storageBucket\":\"pwa-workana.firebasestorage.app\"}"}}
[warn] !  Google API requested!
   - URL: "https://oauth2.googleapis.com/token"
   - Be careful, this may be a production service. {"metadata":{"emulator":{"name":"functions"},"function":{"name":"us-central1-sendBrandedPasswordResetEmail"},"extension":{},"message":"Google API requested!\n   - URL: \"https://oauth2.googleapis.com/token\"\n   - Be careful, this may be a production service."}}
[debug] [2026-09-17T17:29:24.141Z] Finishing up request with event=pause {"metadata":{"emulator":{"name":"functions"},"function":{"name":"us-central1-sendBrandedPasswordResetEmail"},"extension":{},"message":"Finishing up request with event=pause"}}
[info] i  functions: Finished "us-central1-sendBrandedPasswordResetEmail" in 7794.1782ms {"metadata":{"emulator":{"name":"functions"},"function":{"name":"us-central1-sendBrandedPasswordResetEmail"},"extension":{},"message":"Finished \"us-central1-sendBrandedPasswordResetEmail\" in 7794.1782ms"}}
[debug] [2026-09-17T17:29:24.141Z] [worker-us-central1-sendBrandedPasswordResetEmail-3d7fa3dd-6e62-430b-a490-00ff3f2fe500]: IDLE {"metadata":{"emulator":{"name":"functions"},"function":{"name":"us-central1-sendBrandedPasswordResetEmail"},"extension":{},"message":"[worker-us-central1-sendBrandedPasswordResetEmail-3d7fa3dd-6e62-430b-a490-00ff3f2fe500]: IDLE"}}
[debug] [2026-09-17T17:29:24.141Z] Finishing up request with event=finish {"metadata":{"emulator":{"name":"functions"},"function":{"name":"us-central1-sendBrandedPasswordResetEmail"},"extension":{},"message":"Finishing up request with event=finish"}}
[debug] [2026-09-17T17:29:24.141Z] Finishing up request with event=close {"metadata":{"emulator":{"name":"functions"},"function":{"name":"us-central1-sendBrandedPasswordResetEmail"},"extension":{},"message":"Finishing up request with event=close"}}
[debug] [2026-09-17T17:29:24.142Z] [work-queue] {"queuedWork":[],"queueLength":0,"runningWork":[],"workRunningCount":0}
[debug] [2026-09-17T17:36:06.910Z] File C:\Users\adm\Documents\workspace_igor\eck_v3\ECK\functions\lib\shared\firebase-admin.js.map changed, reloading triggers {"metadata":{"emulator":{"name":"functions"},"message":"File C:\\Users\\adm\\Documents\\workspace_igor\\eck_v3\\ECK\\functions\\lib\\shared\\firebase-admin.js.map changed, reloading triggers"}}
[debug] [2026-09-17T17:36:06.911Z] File C:\Users\adm\Documents\workspace_igor\eck_v3\ECK\functions\lib\shared\firebase-admin.js changed, reloading triggers {"metadata":{"emulator":{"name":"functions"},"message":"File C:\\Users\\adm\\Documents\\workspace_igor\\eck_v3\\ECK\\functions\\lib\\shared\\firebase-admin.js changed, reloading triggers"}}
[debug] [2026-09-17T17:36:06.936Z] File C:\Users\adm\Documents\workspace_igor\eck_v3\ECK\functions\lib\branded-password-reset-email.js.map changed, reloading triggers {"metadata":{"emulator":{"name":"functions"},"message":"File C:\\Users\\adm\\Documents\\workspace_igor\\eck_v3\\ECK\\functions\\lib\\branded-password-reset-email.js.map changed, reloading triggers"}}
[debug] [2026-09-17T17:36:06.936Z] File C:\Users\adm\Documents\workspace_igor\eck_v3\ECK\functions\lib\branded-password-reset-email.js changed, reloading triggers {"metadata":{"emulator":{"name":"functions"},"message":"File C:\\Users\\adm\\Documents\\workspace_igor\\eck_v3\\ECK\\functions\\lib\\branded-password-reset-email.js changed, reloading triggers"}}
[debug] [2026-09-17T17:36:06.951Z] File C:\Users\adm\Documents\workspace_igor\eck_v3\ECK\functions\lib\shared\puppeteer-browser.js.map changed, reloading triggers {"metadata":{"emulator":{"name":"functions"},"message":"File C:\\Users\\adm\\Documents\\workspace_igor\\eck_v3\\ECK\\functions\\lib\\shared\\puppeteer-browser.js.map changed, reloading triggers"}}
[debug] [2026-09-17T17:36:06.959Z] File C:\Users\adm\Documents\workspace_igor\eck_v3\ECK\functions\lib\shared\puppeteer-browser.js changed, reloading triggers {"metadata":{"emulator":{"name":"functions"},"message":"File C:\\Users\\adm\\Documents\\workspace_igor\\eck_v3\\ECK\\functions\\lib\\shared\\puppeteer-browser.js changed, reloading triggers"}}
[debug] [2026-09-17T17:36:06.990Z] File C:\Users\adm\Documents\workspace_igor\eck_v3\ECK\functions\lib\shared\pdf-html-renderer.js.map changed, reloading triggers {"metadata":{"emulator":{"name":"functions"},"message":"File C:\\Users\\adm\\Documents\\workspace_igor\\eck_v3\\ECK\\functions\\lib\\shared\\pdf-html-renderer.js.map changed, reloading triggers"}}
[debug] [2026-09-17T17:36:06.991Z] File C:\Users\adm\Documents\workspace_igor\eck_v3\ECK\functions\lib\shared\pdf-html-renderer.js changed, reloading triggers {"metadata":{"emulator":{"name":"functions"},"message":"File C:\\Users\\adm\\Documents\\workspace_igor\\eck_v3\\ECK\\functions\\lib\\shared\\pdf-html-renderer.js changed, reloading triggers"}}
[debug] [2026-09-17T17:36:06.997Z] File C:\Users\adm\Documents\workspace_igor\eck_v3\ECK\functions\lib\docx-export\types.js.map changed, reloading triggers {"metadata":{"emulator":{"name":"functions"},"message":"File C:\\Users\\adm\\Documents\\workspace_igor\\eck_v3\\ECK\\functions\\lib\\docx-export\\types.js.map changed, reloading triggers"}}
[debug] [2026-09-17T17:36:07.003Z] File C:\Users\adm\Documents\workspace_igor\eck_v3\ECK\functions\lib\docx-export\types.js changed, reloading triggers {"metadata":{"emulator":{"name":"functions"},"message":"File C:\\Users\\adm\\Documents\\workspace_igor\\eck_v3\\ECK\\functions\\lib\\docx-export\\types.js changed, reloading triggers"}}
[debug] [2026-09-17T17:36:07.023Z] File C:\Users\adm\Documents\workspace_igor\eck_v3\ECK\functions\lib\docx-export\dimensions.js.map changed, reloading triggers {"metadata":{"emulator":{"name":"functions"},"message":"File C:\\Users\\adm\\Documents\\workspace_igor\\eck_v3\\ECK\\functions\\lib\\docx-export\\dimensions.js.map changed, reloading triggers"}}
[debug] [2026-09-17T17:36:07.026Z] File C:\Users\adm\Documents\workspace_igor\eck_v3\ECK\functions\lib\docx-export\dimensions.js changed, reloading triggers {"metadata":{"emulator":{"name":"functions"},"message":"File C:\\Users\\adm\\Documents\\workspace_igor\\eck_v3\\ECK\\functions\\lib\\docx-export\\dimensions.js changed, reloading triggers"}}
[debug] [2026-09-17T17:36:07.033Z] File C:\Users\adm\Documents\workspace_igor\eck_v3\ECK\functions\lib\docx-export\errors.js.map changed, reloading triggers {"metadata":{"emulator":{"name":"functions"},"message":"File C:\\Users\\adm\\Documents\\workspace_igor\\eck_v3\\ECK\\functions\\lib\\docx-export\\errors.js.map changed, reloading triggers"}}
[debug] [2026-09-17T17:36:07.038Z] File C:\Users\adm\Documents\workspace_igor\eck_v3\ECK\functions\lib\docx-export\errors.js changed, reloading triggers {"metadata":{"emulator":{"name":"functions"},"message":"File C:\\Users\\adm\\Documents\\workspace_igor\\eck_v3\\ECK\\functions\\lib\\docx-export\\errors.js changed, reloading triggers"}}
[debug] [2026-09-17T17:36:07.064Z] File C:\Users\adm\Documents\workspace_igor\eck_v3\ECK\functions\lib\docx-export\hybrid-render-session.js.map changed, reloading triggers {"metadata":{"emulator":{"name":"functions"},"message":"File C:\\Users\\adm\\Documents\\workspace_igor\\eck_v3\\ECK\\functions\\lib\\docx-export\\hybrid-render-session.js.map changed, reloading triggers"}}
[debug] [2026-09-17T17:36:07.067Z] File C:\Users\adm\Documents\workspace_igor\eck_v3\ECK\functions\lib\docx-export\hybrid-render-session.js changed, reloading triggers {"metadata":{"emulator":{"name":"functions"},"message":"File C:\\Users\\adm\\Documents\\workspace_igor\\eck_v3\\ECK\\functions\\lib\\docx-export\\hybrid-render-session.js changed, reloading triggers"}}
[debug] [2026-09-17T17:36:07.091Z] File C:\Users\adm\Documents\workspace_igor\eck_v3\ECK\functions\lib\docx-export\docx-builder.js.map changed, reloading triggers {"metadata":{"emulator":{"name":"functions"},"message":"File C:\\Users\\adm\\Documents\\workspace_igor\\eck_v3\\ECK\\functions\\lib\\docx-export\\docx-builder.js.map changed, reloading triggers"}}
[debug] [2026-09-17T17:36:07.093Z] File C:\Users\adm\Documents\workspace_igor\eck_v3\ECK\functions\lib\docx-export\docx-builder.js changed, reloading triggers {"metadata":{"emulator":{"name":"functions"},"message":"File C:\\Users\\adm\\Documents\\workspace_igor\\eck_v3\\ECK\\functions\\lib\\docx-export\\docx-builder.js changed, reloading triggers"}}
[debug] [2026-09-17T17:36:07.115Z] File C:\Users\adm\Documents\workspace_igor\eck_v3\ECK\functions\lib\docx-export\hybrid-docx-builder.js.map changed, reloading triggers {"metadata":{"emulator":{"name":"functions"},"message":"File C:\\Users\\adm\\Documents\\workspace_igor\\eck_v3\\ECK\\functions\\lib\\docx-export\\hybrid-docx-builder.js.map changed, reloading triggers"}}
[debug] [2026-09-17T17:36:07.116Z] File C:\Users\adm\Documents\workspace_igor\eck_v3\ECK\functions\lib\docx-export\hybrid-docx-builder.js changed, reloading triggers {"metadata":{"emulator":{"name":"functions"},"message":"File C:\\Users\\adm\\Documents\\workspace_igor\\eck_v3\\ECK\\functions\\lib\\docx-export\\hybrid-docx-builder.js changed, reloading triggers"}}
[debug] [2026-09-17T17:36:07.125Z] File C:\Users\adm\Documents\workspace_igor\eck_v3\ECK\functions\lib\docx-export\docx-validator.js.map changed, reloading triggers {"metadata":{"emulator":{"name":"functions"},"message":"File C:\\Users\\adm\\Documents\\workspace_igor\\eck_v3\\ECK\\functions\\lib\\docx-export\\docx-validator.js.map changed, reloading triggers"}}
[debug] [2026-09-17T17:36:07.132Z] File C:\Users\adm\Documents\workspace_igor\eck_v3\ECK\functions\lib\docx-export\docx-validator.js changed, reloading triggers {"metadata":{"emulator":{"name":"functions"},"message":"File C:\\Users\\adm\\Documents\\workspace_igor\\eck_v3\\ECK\\functions\\lib\\docx-export\\docx-validator.js changed, reloading triggers"}}
[debug] [2026-09-17T17:36:07.145Z] File C:\Users\adm\Documents\workspace_igor\eck_v3\ECK\functions\lib\docx-export\pipeline.js.map changed, reloading triggers {"metadata":{"emulator":{"name":"functions"},"message":"File C:\\Users\\adm\\Documents\\workspace_igor\\eck_v3\\ECK\\functions\\lib\\docx-export\\pipeline.js.map changed, reloading triggers"}}
[debug] [2026-09-17T17:36:07.146Z] File C:\Users\adm\Documents\workspace_igor\eck_v3\ECK\functions\lib\docx-export\pipeline.js changed, reloading triggers {"metadata":{"emulator":{"name":"functions"},"message":"File C:\\Users\\adm\\Documents\\workspace_igor\\eck_v3\\ECK\\functions\\lib\\docx-export\\pipeline.js changed, reloading triggers"}}
[debug] [2026-09-17T17:36:07.160Z] File C:\Users\adm\Documents\workspace_igor\eck_v3\ECK\functions\lib\docx-export\storage.js.map changed, reloading triggers {"metadata":{"emulator":{"name":"functions"},"message":"File C:\\Users\\adm\\Documents\\workspace_igor\\eck_v3\\ECK\\functions\\lib\\docx-export\\storage.js.map changed, reloading triggers"}}
[debug] [2026-09-17T17:36:07.165Z] File C:\Users\adm\Documents\workspace_igor\eck_v3\ECK\functions\lib\docx-export\storage.js changed, reloading triggers {"metadata":{"emulator":{"name":"functions"},"message":"File C:\\Users\\adm\\Documents\\workspace_igor\\eck_v3\\ECK\\functions\\lib\\docx-export\\storage.js changed, reloading triggers"}}
[debug] [2026-09-17T17:36:07.217Z] File C:\Users\adm\Documents\workspace_igor\eck_v3\ECK\functions\lib\docx-export\handlers.js.map changed, reloading triggers {"metadata":{"emulator":{"name":"functions"},"message":"File C:\\Users\\adm\\Documents\\workspace_igor\\eck_v3\\ECK\\functions\\lib\\docx-export\\handlers.js.map changed, reloading triggers"}}
[debug] [2026-09-17T17:36:07.220Z] File C:\Users\adm\Documents\workspace_igor\eck_v3\ECK\functions\lib\docx-export\handlers.js changed, reloading triggers {"metadata":{"emulator":{"name":"functions"},"message":"File C:\\Users\\adm\\Documents\\workspace_igor\\eck_v3\\ECK\\functions\\lib\\docx-export\\handlers.js changed, reloading triggers"}}
[debug] [2026-09-17T17:36:07.233Z] File C:\Users\adm\Documents\workspace_igor\eck_v3\ECK\functions\lib\shared\email-template-html.js.map changed, reloading triggers {"metadata":{"emulator":{"name":"functions"},"message":"File C:\\Users\\adm\\Documents\\workspace_igor\\eck_v3\\ECK\\functions\\lib\\shared\\email-template-html.js.map changed, reloading triggers"}}
[debug] [2026-09-17T17:36:07.236Z] File C:\Users\adm\Documents\workspace_igor\eck_v3\ECK\functions\lib\shared\email-template-html.js changed, reloading triggers {"metadata":{"emulator":{"name":"functions"},"message":"File C:\\Users\\adm\\Documents\\workspace_igor\\eck_v3\\ECK\\functions\\lib\\shared\\email-template-html.js changed, reloading triggers"}}
[debug] [2026-09-17T17:36:07.285Z] File C:\Users\adm\Documents\workspace_igor\eck_v3\ECK\functions\lib\report-release-notify.js.map changed, reloading triggers {"metadata":{"emulator":{"name":"functions"},"message":"File C:\\Users\\adm\\Documents\\workspace_igor\\eck_v3\\ECK\\functions\\lib\\report-release-notify.js.map changed, reloading triggers"}}
[debug] [2026-09-17T17:36:07.286Z] File C:\Users\adm\Documents\workspace_igor\eck_v3\ECK\functions\lib\report-release-notify.js changed, reloading triggers {"metadata":{"emulator":{"name":"functions"},"message":"File C:\\Users\\adm\\Documents\\workspace_igor\\eck_v3\\ECK\\functions\\lib\\report-release-notify.js changed, reloading triggers"}}
[debug] [2026-09-17T17:36:07.503Z] File C:\Users\adm\Documents\workspace_igor\eck_v3\ECK\functions\lib\index.js.map changed, reloading triggers {"metadata":{"emulator":{"name":"functions"},"message":"File C:\\Users\\adm\\Documents\\workspace_igor\\eck_v3\\ECK\\functions\\lib\\index.js.map changed, reloading triggers"}}
[debug] [2026-09-17T17:36:07.503Z] File C:\Users\adm\Documents\workspace_igor\eck_v3\ECK\functions\lib\index.js changed, reloading triggers {"metadata":{"emulator":{"name":"functions"},"message":"File C:\\Users\\adm\\Documents\\workspace_igor\\eck_v3\\ECK\\functions\\lib\\index.js changed, reloading triggers"}}
[debug] [2026-09-17T17:36:07.525Z] File C:\Users\adm\Documents\workspace_igor\eck_v3\ECK\functions\lib\docx-export\element-capture.js.map changed, reloading triggers {"metadata":{"emulator":{"name":"functions"},"message":"File C:\\Users\\adm\\Documents\\workspace_igor\\eck_v3\\ECK\\functions\\lib\\docx-export\\element-capture.js.map changed, reloading triggers"}}
[debug] [2026-09-17T17:36:07.527Z] File C:\Users\adm\Documents\workspace_igor\eck_v3\ECK\functions\lib\docx-export\element-capture.js changed, reloading triggers {"metadata":{"emulator":{"name":"functions"},"message":"File C:\\Users\\adm\\Documents\\workspace_igor\\eck_v3\\ECK\\functions\\lib\\docx-export\\element-capture.js changed, reloading triggers"}}
[debug] [2026-09-17T17:36:07.542Z] File C:\Users\adm\Documents\workspace_igor\eck_v3\ECK\functions\lib\docx-export\html-content-extractor.js.map changed, reloading triggers {"metadata":{"emulator":{"name":"functions"},"message":"File C:\\Users\\adm\\Documents\\workspace_igor\\eck_v3\\ECK\\functions\\lib\\docx-export\\html-content-extractor.js.map changed, reloading triggers"}}
[debug] [2026-09-17T17:36:07.542Z] File C:\Users\adm\Documents\workspace_igor\eck_v3\ECK\functions\lib\docx-export\html-content-extractor.js changed, reloading triggers {"metadata":{"emulator":{"name":"functions"},"message":"File C:\\Users\\adm\\Documents\\workspace_igor\\eck_v3\\ECK\\functions\\lib\\docx-export\\html-content-extractor.js changed, reloading triggers"}}
[debug] [2026-09-17T17:36:07.568Z] File C:\Users\adm\Documents\workspace_igor\eck_v3\ECK\functions\lib\docx-export\pdf-analyzer.js.map changed, reloading triggers {"metadata":{"emulator":{"name":"functions"},"message":"File C:\\Users\\adm\\Documents\\workspace_igor\\eck_v3\\ECK\\functions\\lib\\docx-export\\pdf-analyzer.js.map changed, reloading triggers"}}
[debug] [2026-09-17T17:36:07.568Z] File C:\Users\adm\Documents\workspace_igor\eck_v3\ECK\functions\lib\docx-export\pdf-analyzer.js changed, reloading triggers {"metadata":{"emulator":{"name":"functions"},"message":"File C:\\Users\\adm\\Documents\\workspace_igor\\eck_v3\\ECK\\functions\\lib\\docx-export\\pdf-analyzer.js changed, reloading triggers"}}
[debug] [2026-09-17T17:36:08.584Z] Validating nodejs source
[warn] !  functions: package.json indicates an outdated version of firebase-functions. Please upgrade using npm install --save firebase-functions@latest in your functions directory. 
[warn] !  functions: Please note that there will be breaking changes when you upgrade. 
[debug] [2026-09-17T17:36:10.388Z] > [functions] package.json contents: {
  "name": "functions",
  "scripts": {
    "build": "tsc && node scripts/generate-functions-yaml.js",
    "build:watch": "tsc --watch",
    "serve": "npm run build && firebase emulators:start --only functions",
    "serve:full": "npm run build && firebase emulators:start --only functions,firestore",
    "shell": "npm run build && firebase functions:shell",
    "start": "npm run shell",
    "deploy": "firebase deploy --only functions",
    "logs": "firebase functions:log"
  },
  "engines": {
    "node": "20"
  },
  "main": "lib/index.js",
  "dependencies": {
    "@google-cloud/storage": "^7.15.1",
    "@napi-rs/canvas": "^0.1.67",
    "@sparticuz/chromium": "^147.0.0",
    "cors": "^2.8.5",
    "docx": "^9.5.1",
    "firebase-admin": "^13.1.0",
    "firebase-functions": "^6.3.1",
    "image-size": "^1.2.0",
    "node-html-parser": "^9.0.1",
    "nodemailer": "^6.9.7",
    "pdfjs-dist": "^4.10.38",
    "pdfmake": "^0.3.3",
    "puppeteer-core": "^24.42.0"
  },
  "devDependencies": {
    "@types/express": "^5.0.3",
    "@types/node": "^22.13.1",
    "@types/nodemailer": "^6.4.19",
    "firebase-functions-test": "^3.1.0",
    "typescript": "^5.7.3"
  },
  "private": true
}
[debug] [2026-09-17T17:36:10.388Z] Building nodejs source
[debug] [2026-09-17T17:36:10.388Z] Failed to find version of module node: reached end of search path C:\Users\adm\Documents\workspace_igor\eck_v3\ECK\functions\node_modules
[info] +  functions: Using node@20 from host. 
[info] i  functions: Loaded environment variables from .env. 
[debug] [2026-09-17T17:36:10.391Z] File C:\Users\adm\Documents\workspace_igor\eck_v3\ECK\functions\functions.yaml changed, reloading triggers {"metadata":{"emulator":{"name":"functions"},"message":"File C:\\Users\\adm\\Documents\\workspace_igor\\eck_v3\\ECK\\functions\\functions.yaml changed, reloading triggers"}}
[debug] [2026-09-17T17:36:10.392Z] Found functions.yaml. Got spec: {
  "endpoints": {
    "createReportDocxExport": {
      "availableMemoryMb": 512,
      "timeoutSeconds": 60,
      "minInstances": null,
      "maxInstances": null,
      "ingressSettings": null,
      "concurrency": null,
      "serviceAccountEmail": null,
      "vpc": null,
      "platform": "gcfv2",
      "region": [
        "us-central1"
      ],
      "labels": {},
      "httpsTrigger": {},
      "entryPoint": "createReportDocxExport"
    },
    "downloadReportDocxExport": {
      "availableMemoryMb": 512,
      "timeoutSeconds": 120,
      "minInstances": null,
      "maxInstances": null,
      "ingressSettings": null,
      "concurrency": null,
      "serviceAccountEmail": null,
      "vpc": null,
      "platform": "gcfv2",
      "region": [
        "us-central1"
      ],
      "labels": {},
      "httpsTrigger": {},
      "entryPoint": "downloadReportDocxExport"
    },
    "getReportDocxExportStatus": {
      "availableMemoryMb": 256,
      "timeoutSeconds": 30,
      "minInstances": null,
      "maxInstances": null,
      "ingressSettings": null,
      "concurrency": null,
      "serviceAccountEmail": null,
      "vpc": null,
      "platform": "gcfv2",
      "region": [
        "us-central1"
      ],
      "labels": {},
      "httpsTrigger": {},
      "entryPoint": "getReportDocxExportStatus"
    },
    "processReportDocxExportHttp": {
      "availableMemoryMb": 4096,
      "timeoutSeconds": 540,
      "minInstances": null,
      "maxInstances": null,
      "ingressSettings": null,
      "concurrency": null,
      "serviceAccountEmail": null,
      "vpc": null,
      "platform": "gcfv2",
      "region": [
        "us-central1"
      ],
      "labels": {},
      "httpsTrigger": {},
      "entryPoint": "processReportDocxExportHttp"
    },
    "processReportDocxExportJob": {
      "availableMemoryMb": 4096,
      "timeoutSeconds": 540,
      "minInstances": null,
      "maxInstances": null,
      "ingressSettings": null,
      "concurrency": null,
      "serviceAccountEmail": null,
      "vpc": null,
      "platform": "gcfv2",
      "region": [
        "us-central1"
      ],
      "labels": {},
      "eventTrigger": {
        "eventType": "google.cloud.firestore.document.v1.created",
        "eventFilters": {
          "database": "(default)",
          "namespace": "(default)"
        },
        "eventFilterPathPatterns": {
          "document": "docxExportJobs/{jobId}"
        },
        "retry": false
      },
      "entryPoint": "processReportDocxExportJob"
    },
    "notifyReportReleased": {
      "availableMemoryMb": null,
      "timeoutSeconds": null,
      "minInstances": null,
      "maxInstances": null,
      "ingressSettings": null,
      "concurrency": null,
      "serviceAccountEmail": null,
      "vpc": null,
      "platform": "gcfv2",
      "region": [
        "us-central1"
      ],
      "labels": {},
      "httpsTrigger": {},
      "entryPoint": "notifyReportReleased"
    },
    "sendBrandedPasswordResetEmail": {
      "availableMemoryMb": null,
      "timeoutSeconds": null,
      "minInstances": null,
      "maxInstances": null,
      "ingressSettings": null,
      "concurrency": null,
      "serviceAccountEmail": null,
      "vpc": null,
      "platform": "gcfv2",
      "region": [
        "us-central1"
      ],
      "labels": {},
      "callableTrigger": {},
      "entryPoint": "sendBrandedPasswordResetEmail"
    },
    "generateReportPdf": {
      "availableMemoryMb": 4096,
      "timeoutSeconds": 540,
      "minInstances": null,
      "maxInstances": null,
      "ingressSettings": null,
      "concurrency": null,
      "serviceAccountEmail": null,
      "vpc": null,
      "platform": "gcfv2",
      "region": [
        "us-central1"
      ],
      "labels": {},
      "httpsTrigger": {},
      "entryPoint": "generateReportPdf"
    },
    "sendEmail": {
      "availableMemoryMb": null,
      "timeoutSeconds": null,
      "minInstances": null,
      "maxInstances": null,
      "ingressSettings": null,
      "concurrency": null,
      "serviceAccountEmail": null,
      "vpc": null,
      "platform": "gcfv2",
      "region": [
        "us-central1"
      ],
      "labels": {},
      "httpsTrigger": {},
      "entryPoint": "sendEmail"
    },
    "sendPendingAssessmentReminders": {
      "availableMemoryMb": 1024,
      "timeoutSeconds": 540,
      "minInstances": null,
      "maxInstances": null,
      "ingressSettings": null,
      "concurrency": null,
      "serviceAccountEmail": null,
      "vpc": null,
      "platform": "gcfv2",
      "region": [
        "us-central1"
      ],
      "labels": {},
      "scheduleTrigger": {
        "schedule": "every 15 minutes",
        "retryConfig": {},
        "timeZone": "Etc/UTC"
      },
      "entryPoint": "sendPendingAssessmentReminders"
    },
    "triggerPendingAssessmentReminders": {
      "availableMemoryMb": 1024,
      "timeoutSeconds": 540,
      "minInstances": null,
      "maxInstances": null,
      "ingressSettings": null,
      "concurrency": null,
      "serviceAccountEmail": null,
      "vpc": null,
      "platform": "gcfv2",
      "region": [
        "us-central1"
      ],
      "labels": {},
      "httpsTrigger": {},
      "entryPoint": "triggerPendingAssessmentReminders"
    },
    "onAssessmentCompleted": {
      "availableMemoryMb": null,
      "timeoutSeconds": null,
      "minInstances": null,
      "maxInstances": null,
      "ingressSettings": null,
      "concurrency": null,
      "serviceAccountEmail": null,
      "vpc": null,
      "platform": "gcfv2",
      "region": [
        "us-central1"
      ],
      "labels": {},
      "eventTrigger": {
        "eventType": "google.cloud.firestore.document.v1.updated",
        "eventFilters": {
          "database": "(default)",
          "namespace": "(default)"
        },
        "eventFilterPathPatterns": {
          "document": "assessmentLinks/{linkId}"
        },
        "retry": false
      },
      "entryPoint": "onAssessmentCompleted"
    },
    "setUserPasswordByMaster": {
      "availableMemoryMb": null,
      "timeoutSeconds": null,
      "minInstances": null,
      "maxInstances": null,
      "ingressSettings": null,
      "concurrency": null,
      "serviceAccountEmail": null,
      "vpc": null,
      "platform": "gcfv2",
      "region": [
        "us-central1"
      ],
      "labels": {},
      "callableTrigger": {},
      "entryPoint": "setUserPasswordByMaster"
    },
    "safeDelete": {
      "availableMemoryMb": null,
      "timeoutSeconds": null,
      "minInstances": null,
      "maxInstances": null,
      "ingressSettings": null,
      "concurrency": null,
      "serviceAccountEmail": null,
      "vpc": null,
      "platform": "gcfv2",
      "region": [
        "us-central1"
      ],
      "labels": {},
      "callableTrigger": {},
      "entryPoint": "safeDelete"
    },
    "onProjectDeleted": {
      "availableMemoryMb": null,
      "timeoutSeconds": null,
      "minInstances": null,
      "maxInstances": null,
      "ingressSettings": null,
      "concurrency": null,
      "serviceAccountEmail": null,
      "vpc": null,
      "platform": "gcfv2",
      "region": [
        "us-central1"
      ],
      "labels": {},
      "eventTrigger": {
        "eventType": "google.cloud.firestore.document.v1.deleted",
        "eventFilters": {
          "database": "(default)",
          "namespace": "(default)"
        },
        "eventFilterPathPatterns": {
          "document": "projects/{projectId}"
        },
        "retry": false
      },
      "entryPoint": "onProjectDeleted"
    },
    "onClientDeleted": {
      "availableMemoryMb": null,
      "timeoutSeconds": null,
      "minInstances": null,
      "maxInstances": null,
      "ingressSettings": null,
      "concurrency": null,
      "serviceAccountEmail": null,
      "vpc": null,
      "platform": "gcfv2",
      "region": [
        "us-central1"
      ],
      "labels": {},
      "eventTrigger": {
        "eventType": "google.cloud.firestore.document.v1.deleted",
        "eventFilters": {
          "database": "(default)",
          "namespace": "(default)"
        },
        "eventFilterPathPatterns": {
          "document": "clients/{clientId}"
        },
        "retry": false
      },
      "entryPoint": "onClientDeleted"
    },
    "onParticipantDeleted": {
      "availableMemoryMb": null,
      "timeoutSeconds": null,
      "minInstances": null,
      "maxInstances": null,
      "ingressSettings": null,
      "concurrency": null,
      "serviceAccountEmail": null,
      "vpc": null,
      "platform": "gcfv2",
      "region": [
        "us-central1"
      ],
      "labels": {},
      "eventTrigger": {
        "eventType": "google.cloud.firestore.document.v1.deleted",
        "eventFilters": {
          "database": "(default)",
          "namespace": "(default)"
        },
        "eventFilterPathPatterns": {
          "document": "participants/{participantId}"
        },
        "retry": false
      },
      "entryPoint": "onParticipantDeleted"
    }
  },
  "specVersion": "v1alpha1",
  "requiredAPIs": [
    {
      "api": "cloudscheduler.googleapis.com",
      "reason": "Needed for scheduled functions."
    }
  ],
  "extensions": {},
  "params": [
    {
      "name": "EMAIL_USER",
      "type": "string",
      "default": ""
    },
    {
      "name": "EMAIL_PASS",
      "type": "string",
      "default": ""
    }
  ]
}

[info] +  functions: Loaded functions definitions from source: createReportDocxExport, downloadReportDocxExport, getReportDocxExportStatus, processReportDocxExportHttp, processReportDocxExportJob, notifyReportReleased, sendBrandedPasswordResetEmail, generateReportPdf, sendEmail, sendPendingAssessmentReminders, triggerPendingAssessmentReminders, onAssessmentCompleted, setUserPasswordByMaster, safeDelete, onProjectDeleted, onClientDeleted, onParticipantDeleted. {"metadata":{"emulator":{"name":"functions"},"message":"Loaded functions definitions from source: createReportDocxExport, downloadReportDocxExport, getReportDocxExportStatus, processReportDocxExportHttp, processReportDocxExportJob, notifyReportReleased, sendBrandedPasswordResetEmail, generateReportPdf, sendEmail, sendPendingAssessmentReminders, triggerPendingAssessmentReminders, onAssessmentCompleted, setUserPasswordByMaster, safeDelete, onProjectDeleted, onClientDeleted, onParticipantDeleted."}}
[debug] [2026-09-17T17:36:10.404Z] [worker-pool] Shutting down IDLE worker (us-central1-sendBrandedPasswordResetEmail) {"metadata":{"emulator":{"name":"functions"},"message":"[worker-pool] Shutting down IDLE worker (us-central1-sendBrandedPasswordResetEmail)"}}
[debug] [2026-09-17T17:36:10.404Z] [worker-us-central1-sendBrandedPasswordResetEmail-3d7fa3dd-6e62-430b-a490-00ff3f2fe500]: FINISHING {"metadata":{"emulator":{"name":"functions"},"function":{"name":"us-central1-sendBrandedPasswordResetEmail"},"extension":{},"message":"[worker-us-central1-sendBrandedPasswordResetEmail-3d7fa3dd-6e62-430b-a490-00ff3f2fe500]: FINISHING"}}
[debug] [2026-09-17T17:36:10.420Z] [worker-us-central1-sendBrandedPasswordResetEmail-3d7fa3dd-6e62-430b-a490-00ff3f2fe500]: exited {"metadata":{"emulator":{"name":"functions"},"function":{"name":"us-central1-sendBrandedPasswordResetEmail"},"extension":{},"message":"[worker-us-central1-sendBrandedPasswordResetEmail-3d7fa3dd-6e62-430b-a490-00ff3f2fe500]: exited"}}
[debug] [2026-09-17T17:36:10.420Z] [worker-us-central1-sendBrandedPasswordResetEmail-3d7fa3dd-6e62-430b-a490-00ff3f2fe500]: FINISHED {"metadata":{"emulator":{"name":"functions"},"function":{"name":"us-central1-sendBrandedPasswordResetEmail"},"extension":{},"message":"[worker-us-central1-sendBrandedPasswordResetEmail-3d7fa3dd-6e62-430b-a490-00ff3f2fe500]: FINISHED"}}
[debug] [2026-09-17T17:36:11.403Z] Validating nodejs source
[warn] !  functions: package.json indicates an outdated version of firebase-functions. Please upgrade using npm install --save firebase-functions@latest in your functions directory. 
[warn] !  functions: Please note that there will be breaking changes when you upgrade. 
[debug] [2026-09-17T17:36:13.060Z] > [functions] package.json contents: {
  "name": "functions",
  "scripts": {
    "build": "tsc && node scripts/generate-functions-yaml.js",
    "build:watch": "tsc --watch",
    "serve": "npm run build && firebase emulators:start --only functions",
    "serve:full": "npm run build && firebase emulators:start --only functions,firestore",
    "shell": "npm run build && firebase functions:shell",
    "start": "npm run shell",
    "deploy": "firebase deploy --only functions",
    "logs": "firebase functions:log"
  },
  "engines": {
    "node": "20"
  },
  "main": "lib/index.js",
  "dependencies": {
    "@google-cloud/storage": "^7.15.1",
    "@napi-rs/canvas": "^0.1.67",
    "@sparticuz/chromium": "^147.0.0",
    "cors": "^2.8.5",
    "docx": "^9.5.1",
    "firebase-admin": "^13.1.0",
    "firebase-functions": "^6.3.1",
    "image-size": "^1.2.0",
    "node-html-parser": "^9.0.1",
    "nodemailer": "^6.9.7",
    "pdfjs-dist": "^4.10.38",
    "pdfmake": "^0.3.3",
    "puppeteer-core": "^24.42.0"
  },
  "devDependencies": {
    "@types/express": "^5.0.3",
    "@types/node": "^22.13.1",
    "@types/nodemailer": "^6.4.19",
    "firebase-functions-test": "^3.1.0",
    "typescript": "^5.7.3"
  },
  "private": true
}
[debug] [2026-09-17T17:36:13.061Z] Building nodejs source
[debug] [2026-09-17T17:36:13.061Z] Failed to find version of module node: reached end of search path C:\Users\adm\Documents\workspace_igor\eck_v3\ECK\functions\node_modules
[info] +  functions: Using node@20 from host. 
[info] i  functions: Loaded environment variables from .env. 
[debug] [2026-09-17T17:36:13.062Z] Found functions.yaml. Got spec: {
  "endpoints": {
    "createReportDocxExport": {
      "availableMemoryMb": 512,
      "timeoutSeconds": 60,
      "minInstances": null,
      "maxInstances": null,
      "ingressSettings": null,
      "concurrency": null,
      "serviceAccountEmail": null,
      "vpc": null,
      "platform": "gcfv2",
      "region": [
        "us-central1"
      ],
      "labels": {},
      "httpsTrigger": {},
      "entryPoint": "createReportDocxExport"
    },
    "downloadReportDocxExport": {
      "availableMemoryMb": 512,
      "timeoutSeconds": 120,
      "minInstances": null,
      "maxInstances": null,
      "ingressSettings": null,
      "concurrency": null,
      "serviceAccountEmail": null,
      "vpc": null,
      "platform": "gcfv2",
      "region": [
        "us-central1"
      ],
      "labels": {},
      "httpsTrigger": {},
      "entryPoint": "downloadReportDocxExport"
    },
    "getReportDocxExportStatus": {
      "availableMemoryMb": 256,
      "timeoutSeconds": 30,
      "minInstances": null,
      "maxInstances": null,
      "ingressSettings": null,
      "concurrency": null,
      "serviceAccountEmail": null,
      "vpc": null,
      "platform": "gcfv2",
      "region": [
        "us-central1"
      ],
      "labels": {},
      "httpsTrigger": {},
      "entryPoint": "getReportDocxExportStatus"
    },
    "processReportDocxExportHttp": {
      "availableMemoryMb": 4096,
      "timeoutSeconds": 540,
      "minInstances": null,
      "maxInstances": null,
      "ingressSettings": null,
      "concurrency": null,
      "serviceAccountEmail": null,
      "vpc": null,
      "platform": "gcfv2",
      "region": [
        "us-central1"
      ],
      "labels": {},
      "httpsTrigger": {},
      "entryPoint": "processReportDocxExportHttp"
    },
    "processReportDocxExportJob": {
      "availableMemoryMb": 4096,
      "timeoutSeconds": 540,
      "minInstances": null,
      "maxInstances": null,
      "ingressSettings": null,
      "concurrency": null,
      "serviceAccountEmail": null,
      "vpc": null,
      "platform": "gcfv2",
      "region": [
        "us-central1"
      ],
      "labels": {},
      "eventTrigger": {
        "eventType": "google.cloud.firestore.document.v1.created",
        "eventFilters": {
          "database": "(default)",
          "namespace": "(default)"
        },
        "eventFilterPathPatterns": {
          "document": "docxExportJobs/{jobId}"
        },
        "retry": false
      },
      "entryPoint": "processReportDocxExportJob"
    },
    "notifyReportReleased": {
      "availableMemoryMb": null,
      "timeoutSeconds": null,
      "minInstances": null,
      "maxInstances": null,
      "ingressSettings": null,
      "concurrency": null,
      "serviceAccountEmail": null,
      "vpc": null,
      "platform": "gcfv2",
      "region": [
        "us-central1"
      ],
      "labels": {},
      "httpsTrigger": {},
      "entryPoint": "notifyReportReleased"
    },
    "sendBrandedPasswordResetEmail": {
      "availableMemoryMb": null,
      "timeoutSeconds": null,
      "minInstances": null,
      "maxInstances": null,
      "ingressSettings": null,
      "concurrency": null,
      "serviceAccountEmail": null,
      "vpc": null,
      "platform": "gcfv2",
      "region": [
        "us-central1"
      ],
      "labels": {},
      "callableTrigger": {},
      "entryPoint": "sendBrandedPasswordResetEmail"
    },
    "generateReportPdf": {
      "availableMemoryMb": 4096,
      "timeoutSeconds": 540,
      "minInstances": null,
      "maxInstances": null,
      "ingressSettings": null,
      "concurrency": null,
      "serviceAccountEmail": null,
      "vpc": null,
      "platform": "gcfv2",
      "region": [
        "us-central1"
      ],
      "labels": {},
      "httpsTrigger": {},
      "entryPoint": "generateReportPdf"
    },
    "sendEmail": {
      "availableMemoryMb": null,
      "timeoutSeconds": null,
      "minInstances": null,
      "maxInstances": null,
      "ingressSettings": null,
      "concurrency": null,
      "serviceAccountEmail": null,
      "vpc": null,
      "platform": "gcfv2",
      "region": [
        "us-central1"
      ],
      "labels": {},
      "httpsTrigger": {},
      "entryPoint": "sendEmail"
    },
    "sendPendingAssessmentReminders": {
      "availableMemoryMb": 1024,
      "timeoutSeconds": 540,
      "minInstances": null,
      "maxInstances": null,
      "ingressSettings": null,
      "concurrency": null,
      "serviceAccountEmail": null,
      "vpc": null,
      "platform": "gcfv2",
      "region": [
        "us-central1"
      ],
      "labels": {},
      "scheduleTrigger": {
        "schedule": "every 15 minutes",
        "retryConfig": {},
        "timeZone": "Etc/UTC"
      },
      "entryPoint": "sendPendingAssessmentReminders"
    },
    "triggerPendingAssessmentReminders": {
      "availableMemoryMb": 1024,
      "timeoutSeconds": 540,
      "minInstances": null,
      "maxInstances": null,
      "ingressSettings": null,
      "concurrency": null,
      "serviceAccountEmail": null,
      "vpc": null,
      "platform": "gcfv2",
      "region": [
        "us-central1"
      ],
      "labels": {},
      "httpsTrigger": {},
      "entryPoint": "triggerPendingAssessmentReminders"
    },
    "onAssessmentCompleted": {
      "availableMemoryMb": null,
      "timeoutSeconds": null,
      "minInstances": null,
      "maxInstances": null,
      "ingressSettings": null,
      "concurrency": null,
      "serviceAccountEmail": null,
      "vpc": null,
      "platform": "gcfv2",
      "region": [
        "us-central1"
      ],
      "labels": {},
      "eventTrigger": {
        "eventType": "google.cloud.firestore.document.v1.updated",
        "eventFilters": {
          "database": "(default)",
          "namespace": "(default)"
        },
        "eventFilterPathPatterns": {
          "document": "assessmentLinks/{linkId}"
        },
        "retry": false
      },
      "entryPoint": "onAssessmentCompleted"
    },
    "setUserPasswordByMaster": {
      "availableMemoryMb": null,
      "timeoutSeconds": null,
      "minInstances": null,
      "maxInstances": null,
      "ingressSettings": null,
      "concurrency": null,
      "serviceAccountEmail": null,
      "vpc": null,
      "platform": "gcfv2",
      "region": [
        "us-central1"
      ],
      "labels": {},
      "callableTrigger": {},
      "entryPoint": "setUserPasswordByMaster"
    },
    "safeDelete": {
      "availableMemoryMb": null,
      "timeoutSeconds": null,
      "minInstances": null,
      "maxInstances": null,
      "ingressSettings": null,
      "concurrency": null,
      "serviceAccountEmail": null,
      "vpc": null,
      "platform": "gcfv2",
      "region": [
        "us-central1"
      ],
      "labels": {},
      "callableTrigger": {},
      "entryPoint": "safeDelete"
    },
    "onProjectDeleted": {
      "availableMemoryMb": null,
      "timeoutSeconds": null,
      "minInstances": null,
      "maxInstances": null,
      "ingressSettings": null,
      "concurrency": null,
      "serviceAccountEmail": null,
      "vpc": null,
      "platform": "gcfv2",
      "region": [
        "us-central1"
      ],
      "labels": {},
      "eventTrigger": {
        "eventType": "google.cloud.firestore.document.v1.deleted",
        "eventFilters": {
          "database": "(default)",
          "namespace": "(default)"
        },
        "eventFilterPathPatterns": {
          "document": "projects/{projectId}"
        },
        "retry": false
      },
      "entryPoint": "onProjectDeleted"
    },
    "onClientDeleted": {
      "availableMemoryMb": null,
      "timeoutSeconds": null,
      "minInstances": null,
      "maxInstances": null,
      "ingressSettings": null,
      "concurrency": null,
      "serviceAccountEmail": null,
      "vpc": null,
      "platform": "gcfv2",
      "region": [
        "us-central1"
      ],
      "labels": {},
      "eventTrigger": {
        "eventType": "google.cloud.firestore.document.v1.deleted",
        "eventFilters": {
          "database": "(default)",
          "namespace": "(default)"
        },
        "eventFilterPathPatterns": {
          "document": "clients/{clientId}"
        },
        "retry": false
      },
      "entryPoint": "onClientDeleted"
    },
    "onParticipantDeleted": {
      "availableMemoryMb": null,
      "timeoutSeconds": null,
      "minInstances": null,
      "maxInstances": null,
      "ingressSettings": null,
      "concurrency": null,
      "serviceAccountEmail": null,
      "vpc": null,
      "platform": "gcfv2",
      "region": [
        "us-central1"
      ],
      "labels": {},
      "eventTrigger": {
        "eventType": "google.cloud.firestore.document.v1.deleted",
        "eventFilters": {
          "database": "(default)",
          "namespace": "(default)"
        },
        "eventFilterPathPatterns": {
          "document": "participants/{participantId}"
        },
        "retry": false
      },
      "entryPoint": "onParticipantDeleted"
    }
  },
  "specVersion": "v1alpha1",
  "requiredAPIs": [
    {
      "api": "cloudscheduler.googleapis.com",
      "reason": "Needed for scheduled functions."
    }
  ],
  "extensions": {},
  "params": [
    {
      "name": "EMAIL_USER",
      "type": "string",
      "default": ""
    },
    {
      "name": "EMAIL_PASS",
      "type": "string",
      "default": ""
    }
  ]
}

[info] +  functions: Loaded functions definitions from source: createReportDocxExport, downloadReportDocxExport, getReportDocxExportStatus, processReportDocxExportHttp, processReportDocxExportJob, notifyReportReleased, sendBrandedPasswordResetEmail, generateReportPdf, sendEmail, sendPendingAssessmentReminders, triggerPendingAssessmentReminders, onAssessmentCompleted, setUserPasswordByMaster, safeDelete, onProjectDeleted, onClientDeleted, onParticipantDeleted. {"metadata":{"emulator":{"name":"functions"},"message":"Loaded functions definitions from source: createReportDocxExport, downloadReportDocxExport, getReportDocxExportStatus, processReportDocxExportHttp, processReportDocxExportJob, notifyReportReleased, sendBrandedPasswordResetEmail, generateReportPdf, sendEmail, sendPendingAssessmentReminders, triggerPendingAssessmentReminders, onAssessmentCompleted, setUserPasswordByMaster, safeDelete, onProjectDeleted, onClientDeleted, onParticipantDeleted."}}
